day,date,year,month,day_of_month,day_of_week,is_weekend,ball_1,ball_2,ball_3,ball_4,ball_5,ball_6,powerball,sum_main_balls,mean_main_balls,min_main_ball,max_main_ball,range_main_balls,odd_count,even_count,is_powerball_even
1,2010-01-02,2010,1,2,5,1,14,21,28,31,37,38,16,169,28.17,14,38,24,3,3,1
2,2010-01-06,2010,1,6,2,0,3,25,26,29,33,38,13,154,25.67,3,38,35,4,2,0
3,2010-01-09,2010,1,9,5,1,4,18,24,29,41,45,19,161,26.83,4,45,41,3,3,0
4,2010-01-13,2010,1,13,2,0,4,23,26,27,38,45,2,163,27.17,4,45,41,3,3,1
5,2010-01-16,2010,1,16,5,1,16,24,27,38,44,48,28,197,32.83,16,48,32,1,5,1
6,2010-01-20,2010,1,20,2,0,4,7,11,12,16,49,45,99,16.5,4,49,45,3,3,0
7,2010-01-23,2010,1,23,5,1,6,10,11,21,41,43,49,132,22.0,6,43,37,4,2,0
8,2010-01-27,2010,1,27,2,0,10,24,29,33,44,47,11,187,31.17,10,47,37,3,3,0
9,2010-01-30,2010,1,30,5,1,11,17,24,42,43,47,5,184,30.67,11,47,36,4,2,0
10,2010-02-03,2010,2,3,2,0,1,10,29,31,33,49,26,153,25.5,1,49,48,5,1,1
11,2010-02-06,2010,2,6,5,1,6,16,29,31,37,48,3,167,27.83,6,48,42,3,3,0
12,2010-02-10,2010,2,10,2,0,12,18,19,22,45,47,41,163,27.17,12,47,35,3,3,0
13,2010-02-13,2010,2,13,5,1,17,18,20,30,40,42,36,167,27.83,17,42,25,1,5,1
14,2010-02-17,2010,2,17,2,0,3,7,10,12,25,27,5,84,14.0,3,27,24,4,2,0
15,2010-02-20,2010,2,20,5,1,7,8,17,18,34,35,31,119,19.83,7,35,28,3,3,0
16,2010-02-24,2010,2,24,2,0,7,32,36,44,45,46,16,210,35.0,7,46,39,2,4,1
17,2010-02-27,2010,2,27,5,1,4,9,13,21,41,44,38,132,22.0,4,44,40,4,2,1
18,2010-03-03,2010,3,3,2,0,9,10,14,22,25,26,24,106,17.67,9,26,17,2,4,1
19,2010-03-06,2010,3,6,5,1,26,30,35,38,43,45,5,217,36.17,26,45,19,3,3,0
20,2010-03-10,2010,3,10,2,0,8,11,14,18,23,48,44,122,20.33,8,48,40,2,4,1
21,2010-03-13,2010,3,13,5,1,4,5,19,21,40,43,7,132,22.0,4,43,39,4,2,0
22,2010-03-17,2010,3,17,2,0,24,33,34,43,48,49,29,231,38.5,24,49,25,3,3,0
23,2010-03-20,2010,3,20,5,1,6,12,20,28,38,43,23,147,24.5,6,43,37,1,5,0
24,2010-03-24,2010,3,24,2,0,2,6,11,16,45,46,40,126,21.0,2,46,44,2,4,1
25,2010-03-27,2010,3,27,5,1,15,17,42,44,45,47,30,210,35.0,15,47,32,4,2,1
26,2010-03-31,2010,3,31,2,0,3,9,18,24,33,41,5,128,21.33,3,41,38,4,2,0
27,2010-04-03,2010,4,3,5,1,19,26,32,40,42,47,20,206,34.33,19,47,28,2,4,1
28,2010-04-07,2010,4,7,2,0,16,18,19,24,41,45,48,163,27.17,16,45,29,3,3,1
29,2010-04-10,2010,4,10,5,1,2,4,6,15,27,45,40,99,16.5,2,45,43,3,3,1
30,2010-04-14,2010,4,14,2,0,1,10,12,19,39,49,26,130,21.67,1,49,48,4,2,1
31,2010-04-17,2010,4,17,5,1,8,9,16,22,25,31,29,111,18.5,8,31,23,3,3,0
32,2010-04-21,2010,4,21,2,0,9,10,16,17,18,46,41,116,19.33,9,46,37,2,4,0
33,2010-04-24,2010,4,24,5,1,1,3,4,13,16,39,48,76,12.67,1,39,38,4,2,1
34,2010-04-28,2010,4,28,2,0,10,16,20,41,42,48,25,177,29.5,10,48,38,1,5,0
35,2010-05-01,2010,5,1,5,1,4,9,13,26,42,44,22,138,23.0,4,44,40,2,4,1
36,2010-05-05,2010,5,5,2,0,7,8,11,14,18,21,41,79,13.17,7,21,14,3,3,0
37,2010-05-08,2010,5,8,5,1,12,20,22,27,38,44,13,163,27.17,12,44,32,1,5,0
38,2010-05-12,2010,5,12,2,0,18,21,33,42,43,46,49,203,33.83,18,46,28,3,3,0
39,2010-05-15,2010,5,15,5,1,6,7,21,34,44,45,31,157,26.17,6,45,39,3,3,0
40,2010-05-19,2010,5,19,2,0,20,26,30,32,34,41,25,183,30.5,20,41,21,1,5,0
41,2010-05-22,2010,5,22,5,1,3,5,9,14,20,36,43,87,14.5,3,36,33,3,3,0
42,2010-05-26,2010,5,26,2,0,11,18,39,40,42,44,28,194,32.33,11,44,33,2,4,1
43,2010-05-29,2010,5,29,5,1,3,4,6,19,21,42,32,95,15.83,3,42,39,3,3,1
44,2010-06-02,2010,6,2,2,0,1,6,11,16,37,45,5,116,19.33,1,45,44,4,2,0
45,2010-06-05,2010,6,5,5,1,9,16,23,26,38,47,7,159,26.5,9,47,38,3,3,0
46,2010-06-09,2010,6,9,2,0,4,17,23,26,30,49,9,149,24.83,4,49,45,3,3,0
47,2010-06-12,2010,6,12,5,1,8,10,12,23,25,45,46,123,20.5,8,45,37,3,3,1
48,2010-06-16,2010,6,16,2,0,2,27,30,43,44,49,41,195,32.5,2,49,47,3,3,0
49,2010-06-19,2010,6,19,5,1,7,21,23,27,45,49,47,172,28.67,7,49,42,6,0,0
50,2010-06-23,2010,6,23,2,0,9,23,34,37,38,43,11,184,30.67,9,43,34,4,2,0
51,2010-06-26,2010,6,26,5,1,5,16,18,24,32,38,49,133,22.17,5,38,33,1,5,0
52,2010-06-30,2010,6,30,2,0,2,6,23,35,39,47,26,152,25.33,2,47,45,4,2,1
53,2010-07-03,2010,7,3,5,1,1,18,38,39,45,49,26,190,31.67,1,49,48,4,2,1
54,2010-07-07,2010,7,7,2,0,6,8,24,32,45,47,21,162,27.0,6,47,41,2,4,0
55,2010-07-10,2010,7,10,5,1,2,4,19,27,31,49,26,132,22.0,2,49,47,4,2,1
56,2010-07-14,2010,7,14,2,0,6,21,27,32,37,49,18,172,28.67,6,49,43,4,2,1
57,2010-07-17,2010,7,17,5,1,5,10,13,15,26,38,31,107,17.83,5,38,33,3,3,0
58,2010-07-21,2010,7,21,2,0,10,13,24,26,41,46,5,160,26.67,10,46,36,2,4,0
59,2010-07-24,2010,7,24,5,1,17,33,38,41,44,46,3,219,36.5,17,46,29,3,3,0
60,2010-07-28,2010,7,28,2,0,3,5,11,14,19,49,23,101,16.83,3,49,46,5,1,0
61,2010-07-31,2010,7,31,5,1,8,14,20,22,28,49,17,141,23.5,8,49,41,1,5,0
62,2010-08-04,2010,8,4,2,0,2,11,15,21,39,42,40,130,21.67,2,42,40,4,2,1
63,2010-08-07,2010,8,7,5,1,9,10,18,46,47,49,15,179,29.83,9,49,40,3,3,0
64,2010-08-11,2010,8,11,2,0,1,14,20,26,39,46,7,146,24.33,1,46,45,2,4,0
65,2010-08-14,2010,8,14,5,1,5,6,16,26,46,49,2,148,24.67,5,49,44,2,4,1
66,2010-08-18,2010,8,18,2,0,22,24,27,36,40,43,15,192,32.0,22,43,21,2,4,0
67,2010-08-21,2010,8,21,5,1,10,13,14,26,29,31,24,123,20.5,10,31,21,3,3,1
68,2010-08-25,2010,8,25,2,0,1,4,6,22,40,45,39,118,19.67,1,45,44,2,4,0
69,2010-08-28,2010,8,28,5,1,8,12,33,34,37,44,38,168,28.0,8,44,36,2,4,1
70,2010-09-01,2010,9,1,2,0,13,37,39,41,43,46,28,219,36.5,13,46,33,5,1,1
71,2010-09-04,2010,9,4,5,1,15,21,23,31,34,48,44,172,28.67,15,48,33,4,2,1
72,2010-09-08,2010,9,8,2,0,9,12,13,15,18,47,21,114,19.0,9,47,38,4,2,0
73,2010-09-11,2010,9,11,5,1,13,20,31,32,36,38,19,170,28.33,13,38,25,2,4,0
74,2010-09-15,2010,9,15,2,0,14,24,26,27,38,46,25,175,29.17,14,46,32,1,5,0
75,2010-09-18,2010,9,18,5,1,13,18,25,27,43,45,36,171,28.5,13,45,32,5,1,1
76,2010-09-22,2010,9,22,2,0,2,7,21,22,33,38,11,123,20.5,2,38,36,3,3,0
77,2010-09-25,2010,9,25,5,1,1,5,13,16,22,24,37,81,13.5,1,24,23,3,3,0
78,2010-09-29,2010,9,29,2,0,1,3,4,14,30,49,29,101,16.83,1,49,48,3,3,0
79,2010-10-02,2010,10,2,5,1,1,2,19,23,33,37,16,115,19.17,1,37,36,5,1,1
80,2010-10-06,2010,10,6,2,0,1,10,13,17,20,47,24,108,18.0,1,47,46,4,2,1
81,2010-10-09,2010,10,9,5,1,6,11,19,32,37,47,34,152,25.33,6,47,41,4,2,1
82,2010-10-13,2010,10,13,2,0,4,12,13,17,20,38,8,104,17.33,4,38,34,2,4,1
83,2010-10-16,2010,10,16,5,1,4,21,22,25,37,47,13,156,26.0,4,47,43,4,2,0
84,2010-10-20,2010,10,20,2,0,6,18,19,29,44,46,32,162,27.0,6,46,40,2,4,1
85,2010-10-23,2010,10,23,5,1,8,12,17,19,20,36,39,112,18.67,8,36,28,2,4,0
86,2010-10-27,2010,10,27,2,0,1,8,13,19,23,33,24,97,16.17,1,33,32,5,1,1
87,2010-10-30,2010,10,30,5,1,5,12,17,29,30,39,26,132,22.0,5,39,34,4,2,1
88,2010-11-03,2010,11,3,2,0,12,16,17,19,27,44,5,135,22.5,12,44,32,3,3,0
89,2010-11-06,2010,11,6,5,1,13,20,21,34,41,45,1,174,29.0,13,45,32,4,2,0
90,2010-11-10,2010,11,10,2,0,12,19,25,26,28,40,38,150,25.0,12,40,28,2,4,1
91,2010-11-13,2010,11,13,5,1,15,23,26,40,42,46,14,192,32.0,15,46,31,2,4,1
92,2010-11-17,2010,11,17,2,0,18,22,33,35,41,46,31,195,32.5,18,46,28,3,3,0
93,2010-11-20,2010,11,20,5,1,7,17,34,37,38,39,36,172,28.67,7,39,32,4,2,1
94,2010-11-24,2010,11,24,2,0,8,10,14,33,45,48,34,158,26.33,8,48,40,2,4,1
95,2010-11-27,2010,11,27,5,1,1,9,23,27,28,31,22,119,19.83,1,31,30,5,1,1
96,2010-12-01,2010,12,1,2,0,1,8,15,24,40,42,33,130,21.67,1,42,41,2,4,0
97,2010-12-04,2010,12,4,5,1,6,10,17,27,30,32,7,122,20.33,6,32,26,2,4,0
98,2010-12-08,2010,12,8,2,0,6,19,24,26,38,49,32,162,27.0,6,49,43,2,4,1
99,2010-12-11,2010,12,11,5,1,2,3,11,16,30,37,46,99,16.5,2,37,35,3,3,1
100,2010-12-15,2010,12,15,2,0,6,13,28,32,37,49,8,165,27.5,6,49,43,3,3,1
101,2010-12-18,2010,12,18,5,1,6,8,30,31,42,48,45,165,27.5,6,48,42,1,5,0
102,2010-12-22,2010,12,22,2,0,2,9,11,14,27,32,38,95,15.83,2,32,30,3,3,1
103,2010-12-29,2010,12,29,2,0,31,33,39,41,42,48,24,234,39.0,31,48,17,4,2,1
104,2011-01-01,2011,1,1,5,1,22,24,30,31,41,48,7,196,32.67,22,48,26,2,4,0
105,2011-01-05,2011,1,5,2,0,1,4,8,12,20,33,19,78,13.0,1,33,32,2,4,0
106,2011-01-08,2011,1,8,5,1,10,12,26,39,40,44,3,171,28.5,10,44,34,1,5,0
107,2011-01-12,2011,1,12,2,0,5,13,28,33,34,42,43,155,25.83,5,42,37,3,3,0
108,2011-01-15,2011,1,15,5,1,1,3,20,30,34,46,2,134,22.33,1,46,45,2,4,1
109,2011-01-19,2011,1,19,2,0,5,7,15,23,29,33,43,112,18.67,5,33,28,6,0,0
110,2011-01-22,2011,1,22,5,1,2,8,10,29,33,46,13,128,21.33,2,46,44,2,4,0
111,2011-01-26,2011,1,26,2,0,22,26,31,35,37,40,16,191,31.83,22,40,18,3,3,1
112,2011-01-29,2011,1,29,5,1,6,7,16,31,32,38,8,130,21.67,6,38,32,2,4,1
113,2011-02-02,2011,2,2,2,0,2,5,6,13,32,49,18,107,17.83,2,49,47,3,3,1
114,2011-02-05,2011,2,5,5,1,8,9,13,17,19,27,10,93,15.5,8,27,19,5,1,1
115,2011-02-09,2011,2,9,2,0,1,9,20,22,23,26,21,101,16.83,1,26,25,3,3,0
116,2011-02-12,2011,2,12,5,1,8,12,25,35,46,47,39,173,28.83,8,47,39,3,3,0
117,2011-02-16,2011,2,16,2,0,3,20,29,35,44,46,18,177,29.5,3,46,43,3,3,1
118,2011-02-19,2011,2,19,5,1,16,17,19,25,26,48,46,151,25.17,16,48,32,3,3,1
119,2011-02-23,2011,2,23,2,0,6,11,21,29,31,34,42,132,22.0,6,34,28,4,2,1
120,2011-02-26,2011,2,26,5,1,10,19,24,27,38,49,47,167,27.83,10,49,39,3,3,0
121,2011-03-02,2011,3,2,2,0,2,10,22,39,46,47,5,166,27.67,2,47,45,2,4,0
122,2011-03-05,2011,3,5,5,1,13,14,15,23,24,47,32,136,22.67,13,47,34,4,2,1
123,2011-03-09,2011,3,9,2,0,1,8,12,21,31,46,47,119,19.83,1,46,45,3,3,0
124,2011-03-12,2011,3,12,5,1,15,29,31,35,41,48,6,199,33.17,15,48,33,5,1,1
125,2011-03-16,2011,3,16,2,0,4,5,26,30,32,48,44,145,24.17,4,48,44,1,5,1
126,2011-03-19,2011,3,19,5,1,3,10,14,35,37,40,25,139,23.17,3,40,37,3,3,0
127,2011-03-23,2011,3,23,2,0,3,7,13,18,24,43,46,108,18.0,3,43,40,4,2,1
128,2011-03-26,2011,3,26,5,1,3,14,17,26,37,49,42,146,24.33,3,49,46,4,2,1
129,2011-03-30,2011,3,30,2,0,5,8,17,41,45,46,15,162,27.0,5,46,41,4,2,0
130,2011-04-02,2011,4,2,5,1,1,2,9,17,20,28,44,77,12.83,1,28,27,3,3,1
131,2011-04-06,2011,4,6,2,0,4,12,16,21,22,34,41,109,18.17,4,34,30,1,5,0
132,2011-04-09,2011,4,9,5,1,12,36,38,39,42,47,24,214,35.67,12,47,35,2,4,1
133,2011-04-13,2011,4,13,2,0,15,16,18,20,21,35,25,125,20.83,15,35,20,3,3,0
134,2011-04-16,2011,4,16,5,1,10,19,24,34,38,48,16,173,28.83,10,48,38,1,5,1
135,2011-04-20,2011,4,20,2,0,3,6,13,21,42,49,19,134,22.33,3,49,46,4,2,0
136,2011-04-23,2011,4,23,5,1,2,5,10,18,25,32,3,92,15.33,2,32,30,2,4,0
137,2011-04-27,2011,4,27,2,0,7,10,13,14,21,31,39,96,16.0,7,31,24,4,2,0
138,2011-04-30,2011,4,30,5,1,3,27,34,35,36,39,10,174,29.0,3,39,36,4,2,1
139,2011-05-04,2011,5,4,2,0,20,28,37,39,46,48,16,218,36.33,20,48,28,2,4,1
140,2011-05-07,2011,5,7,5,1,2,17,22,25,42,47,37,155,25.83,2,47,45,3,3,0
141,2011-05-11,2011,5,11,2,0,8,12,14,15,18,46,19,113,18.83,8,46,38,1,5,0
142,2011-05-14,2011,5,14,5,1,2,5,22,29,34,46,33,138,23.0,2,46,44,2,4,0
143,2011-05-18,2011,5,18,2,0,12,22,23,39,44,47,7,187,31.17,12,47,35,3,3,0
144,2011-05-21,2011,5,21,5,1,5,12,17,24,29,30,6,117,19.5,5,30,25,3,3,1
145,2011-05-25,2011,5,25,2,0,6,23,25,39,48,49,14,190,31.67,6,49,43,4,2,1
146,2011-05-28,2011,5,28,5,1,4,10,14,22,40,41,36,131,21.83,4,41,37,1,5,1
147,2011-06-01,2011,6,1,2,0,21,35,36,41,44,48,2,225,37.5,21,48,27,3,3,1
148,2011-06-04,2011,6,4,5,1,7,13,18,21,40,41,46,140,23.33,7,41,34,4,2,1
149,2011-06-08,2011,6,8,2,0,7,15,18,23,25,41,5,129,21.5,7,41,34,5,1,0
150,2011-06-11,2011,6,11,5,1,20,27,28,34,38,45,21,192,32.0,20,45,25,2,4,0
151,2011-06-15,2011,6,15,2,0,4,5,9,10,15,25,33,68,11.33,4,25,21,4,2,0
152,2011-06-18,2011,6,18,5,1,5,14,16,23,29,34,10,121,20.17,5,34,29,3,3,1
153,2011-06-22,2011,6,22,2,0,7,17,20,25,29,39,40,137,22.83,7,39,32,5,1,1
154,2011-06-25,2011,6,25,5,1,9,18,19,22,32,43,27,143,23.83,9,43,34,3,3,0
155,2011-06-29,2011,6,29,2,0,24,33,38,39,45,47,18,226,37.67,24,47,23,4,2,1
156,2011-07-02,2011,7,2,5,1,9,21,25,27,44,49,13,175,29.17,9,49,40,5,1,0
157,2011-07-06,2011,7,6,2,0,6,10,25,27,30,40,23,138,23.0,6,40,34,2,4,0
158,2011-07-09,2011,7,9,5,1,6,12,17,18,20,43,24,116,19.33,6,43,37,2,4,1
159,2011-07-13,2011,7,13,2,0,1,7,8,17,39,47,38,119,19.83,1,47,46,5,1,1
160,2011-07-16,2011,7,16,5,1,4,7,17,43,45,48,5,164,27.33,4,48,44,4,2,0
161,2011-07-20,2011,7,20,2,0,12,28,33,36,38,39,44,186,31.0,12,39,27,2,4,1
162,2011-07-23,2011,7,23,5,1,2,20,23,27,31,49,12,152,25.33,2,49,47,4,2,1
163,2011-07-27,2011,7,27,2,0,20,21,33,40,41,44,5,199,33.17,20,44,24,3,3,0
164,2011-07-30,2011,7,30,5,1,4,13,23,33,39,48,10,160,26.67,4,48,44,4,2,1
165,2011-08-03,2011,8,3,2,0,3,7,11,28,43,44,21,136,22.67,3,44,41,4,2,0
166,2011-08-06,2011,8,6,5,1,9,13,18,23,35,39,38,137,22.83,9,39,30,5,1,1
167,2011-08-10,2011,8,10,2,0,20,21,34,39,47,49,41,210,35.0,20,49,29,4,2,0
168,2011-08-13,2011,8,13,5,1,11,20,22,23,28,33,47,137,22.83,11,33,22,3,3,0
169,2011-08-17,2011,8,17,2,0,1,2,20,21,42,49,5,135,22.5,1,49,48,3,3,0
170,2011-08-20,2011,8,20,5,1,3,26,28,41,42,45,46,185,30.83,3,45,42,3,3,1
171,2011-08-24,2011,8,24,2,0,3,18,21,31,42,45,25,160,26.67,3,45,42,4,2,0
172,2011-08-27,2011,8,27,5,1,13,16,32,36,44,45,10,186,31.0,13,45,32,2,4,1
173,2011-08-31,2011,8,31,2,0,16,20,25,32,38,44,21,175,29.17,16,44,28,1,5,0
174,2011-09-03,2011,9,3,5,1,2,8,12,31,47,49,5,149,24.83,2,49,47,3,3,0
175,2011-09-07,2011,9,7,2,0,7,15,23,24,43,47,31,159,26.5,7,47,40,5,1,0
176,2011-09-10,2011,9,10,5,1,2,5,13,24,26,31,12,101,16.83,2,31,29,3,3,1
177,2011-09-14,2011,9,14,2,0,8,12,15,44,46,47,35,172,28.67,8,47,39,2,4,0
178,2011-09-17,2011,9,17,5,1,2,4,5,8,16,29,23,64,10.67,2,29,27,2,4,0
179,2011-09-21,2011,9,21,2,0,10,19,26,27,30,36,15,148,24.67,10,36,26,2,4,0
180,2011-09-24,2011,9,24,5,1,9,10,22,28,32,49,48,150,25.0,9,49,40,2,4,1
181,2011-09-28,2011,9,28,2,0,6,16,21,38,41,48,44,170,28.33,6,48,42,2,4,1
182,2011-10-01,2011,10,1,5,1,11,13,15,16,20,25,29,100,16.67,11,25,14,4,2,0
183,2011-10-05,2011,10,5,2,0,5,15,21,29,38,47,37,155,25.83,5,47,42,5,1,0
184,2011-10-08,2011,10,8,5,1,11,12,24,25,38,43,36,153,25.5,11,43,32,3,3,1
185,2011-10-12,2011,10,12,2,0,2,8,9,19,25,47,13,110,18.33,2,47,45,4,2,0
186,2011-10-15,2011,10,15,5,1,22,23,26,29,35,41,43,176,29.33,22,41,19,4,2,0
187,2011-10-19,2011,10,19,2,0,2,11,20,39,44,45,33,161,26.83,2,45,43,3,3,0
188,2011-10-22,2011,10,22,5,1,6,10,15,27,33,39,36,130,21.67,6,39,33,4,2,1
189,2011-10-26,2011,10,26,2,0,6,18,22,27,29,41,3,143,23.83,6,41,35,3,3,0
190,2011-10-29,2011,10,29,5,1,3,5,11,13,14,34,42,80,13.33,3,34,31,4,2,1
191,2011-11-02,2011,11,2,2,0,10,11,12,20,34,39,36,126,21.0,10,39,29,2,4,1
192,2011-11-05,2011,11,5,5,1,5,16,33,36,39,40,41,169,28.17,5,40,35,3,3,0
193,2011-11-09,2011,11,9,2,0,1,13,14,17,29,41,24,115,19.17,1,41,40,5,1,1
194,2011-11-12,2011,11,12,5,1,2,8,14,33,41,46,4,144,24.0,2,46,44,2,4,1
195,2011-11-16,2011,11,16,2,0,7,11,28,35,43,44,46,168,28.0,7,44,37,4,2,1
196,2011-11-19,2011,11,19,5,1,1,24,30,40,43,44,13,182,30.33,1,44,43,2,4,0
197,2011-11-23,2011,11,23,2,0,8,19,27,33,39,47,46,173,28.83,8,47,39,5,1,1
198,2011-11-26,2011,11,26,5,1,2,6,7,11,23,45,27,94,15.67,2,45,43,4,2,0
199,2011-11-30,2011,11,30,2,0,3,25,29,35,44,48,17,184,30.67,3,48,45,4,2,0
200,2011-12-03,2011,12,3,5,1,6,21,29,31,34,39,3,160,26.67,6,39,33,4,2,0
201,2011-12-07,2011,12,7,2,0,4,8,20,21,39,44,36,136,22.67,4,44,40,2,4,1
202,2011-12-10,2011,12,10,5,1,22,28,32,44,46,47,33,219,36.5,22,47,25,1,5,0
203,2011-12-14,2011,12,14,2,0,4,19,36,37,38,48,15,182,30.33,4,48,44,2,4,0
204,2011-12-17,2011,12,17,5,1,25,26,29,31,35,47,22,193,32.17,25,47,22,5,1,1
205,2011-12-21,2011,12,21,2,0,15,20,22,29,36,48,37,170,28.33,15,48,33,2,4,0
206,2011-12-24,2011,12,24,5,1,25,26,29,37,39,42,12,198,33.0,25,42,17,4,2,1
207,2011-12-28,2011,12,28,2,0,5,6,7,8,19,21,48,66,11.0,5,21,16,4,2,1
208,2011-12-31,2011,12,31,5,1,2,7,13,18,24,49,28,113,18.83,2,49,47,3,3,1
209,2012-01-04,2012,1,4,2,0,3,30,33,36,45,46,26,193,32.17,3,46,43,3,3,1
210,2012-01-07,2012,1,7,5,1,5,7,11,20,27,36,49,106,17.67,5,36,31,4,2,0
211,2012-01-11,2012,1,11,2,0,3,4,10,14,32,33,25,96,16.0,3,33,30,2,4,0
212,2012-01-14,2012,1,14,5,1,2,6,9,30,37,40,19,124,20.67,2,40,38,2,4,0
213,2012-01-18,2012,1,18,2,0,21,24,31,33,40,43,4,192,32.0,21,43,22,4,2,1
214,2012-01-21,2012,1,21,5,1,5,6,25,34,36,39,33,145,24.17,5,39,34,3,3,0
215,2012-01-25,2012,1,25,2,0,5,10,17,23,37,45,15,137,22.83,5,45,40,5,1,0
216,2012-01-28,2012,1,28,5,1,4,5,8,13,25,39,28,94,15.67,4,39,35,4,2,1
217,2012-02-01,2012,2,1,2,0,9,11,12,20,31,34,13,117,19.5,9,34,25,3,3,0
218,2012-02-04,2012,2,4,5,1,9,24,34,37,44,46,4,194,32.33,9,46,37,2,4,1
219,2012-02-08,2012,2,8,2,0,1,4,12,15,42,44,21,118,19.67,1,44,43,2,4,0
220,2012-02-11,2012,2,11,5,1,4,8,19,38,43,45,32,157,26.17,4,45,41,3,3,1
221,2012-02-15,2012,2,15,2,0,11,13,17,21,31,38,8,131,21.83,11,38,27,5,1,1
222,2012-02-18,2012,2,18,5,1,2,28,29,30,32,40,14,161,26.83,2,40,38,1,5,1
223,2012-02-22,2012,2,22,2,0,6,19,32,38,39,46,41,180,30.0,6,46,40,2,4,0
224,2012-02-25,2012,2,25,5,1,3,10,15,23,33,38,41,122,20.33,3,38,35,4,2,0
225,2012-02-29,2012,2,29,2,0,6,12,13,24,34,35,37,124,20.67,6,35,29,2,4,0
226,2012-03-03,2012,3,3,5,1,9,15,20,29,33,41,3,147,24.5,9,41,32,5,1,0
227,2012-03-07,2012,3,7,2,0,14,21,27,29,44,47,26,182,30.33,14,47,33,4,2,1
228,2012-03-10,2012,3,10,5,1,7,15,35,39,40,44,10,180,30.0,7,44,37,4,2,1
229,2012-03-14,2012,3,14,2,0,2,17,24,26,28,40,13,137,22.83,2,40,38,1,5,0
230,2012-03-17,2012,3,17,5,1,13,14,18,43,47,48,32,183,30.5,13,48,35,3,3,1
231,2012-03-21,2012,3,21,2,0,14,15,21,35,47,48,20,180,30.0,14,48,34,4,2,1
232,2012-03-24,2012,3,24,5,1,2,15,16,17,18,47,4,115,19.17,2,47,45,3,3,1
233,2012-03-28,2012,3,28,2,0,4,6,8,10,35,40,3,103,17.17,4,40,36,1,5,0
234,2012-03-31,2012,3,31,5,1,2,19,22,30,32,48,18,153,25.5,2,48,46,1,5,1
235,2012-04-04,2012,4,4,2,0,7,9,12,19,35,46,10,128,21.33,7,46,39,4,2,1
236,2012-04-07,2012,4,7,5,1,9,13,31,34,42,43,27,172,28.67,9,43,34,4,2,0
237,2012-04-11,2012,4,11,2,0,9,15,27,32,36,44,8,163,27.17,9,44,35,3,3,1
238,2012-04-14,2012,4,14,5,1,4,5,17,27,43,49,13,145,24.17,4,49,45,5,1,0
239,2012-04-18,2012,4,18,2,0,1,3,4,12,13,23,11,56,9.33,1,23,22,4,2,0
240,2012-04-21,2012,4,21,5,1,6,8,9,22,25,40,11,110,18.33,6,40,34,2,4,0
241,2012-04-25,2012,4,25,2,0,6,28,40,43,45,47,3,209,34.83,6,47,41,3,3,0
242,2012-04-28,2012,4,28,5,1,14,26,32,42,44,48,20,206,34.33,14,48,34,0,6,1
243,2012-05-02,2012,5,2,2,0,9,25,28,35,41,46,20,184,30.67,9,46,37,4,2,1
244,2012-05-05,2012,5,5,5,1,3,13,17,27,28,48,1,136,22.67,3,48,45,4,2,0
245,2012-05-09,2012,5,9,2,0,18,22,35,39,41,43,26,198,33.0,18,43,25,4,2,1
246,2012-05-12,2012,5,12,5,1,5,24,29,33,40,47,14,178,29.67,5,47,42,4,2,1
247,2012-05-16,2012,5,16,2,0,6,12,32,37,39,43,34,169,28.17,6,43,37,3,3,1
248,2012-05-19,2012,5,19,5,1,8,14,16,18,40,41,11,137,22.83,8,41,33,1,5,0
249,2012-05-23,2012,5,23,2,0,3,6,11,16,29,42,31,107,17.83,3,42,39,3,3,0
250,2012-05-26,2012,5,26,5,1,2,13,24,34,40,47,6,160,26.67,2,47,45,2,4,1
251,2012-05-30,2012,5,30,2,0,3,20,22,34,38,46,12,163,27.17,3,46,43,1,5,1
252,2012-06-02,2012,6,2,5,1,4,10,31,33,36,37,29,151,25.17,4,37,33,3,3,0
253,2012-06-06,2012,6,6,2,0,6,17,24,32,34,49,26,162,27.0,6,49,43,2,4,1
254,2012-06-09,2012,6,9,5,1,9,11,15,26,40,48,17,149,24.83,9,48,39,3,3,0
255,2012-06-13,2012,6,13,2,0,9,14,16,20,41,43,13,143,23.83,9,43,34,3,3,0
256,2012-06-16,2012,6,16,5,1,8,17,19,21,39,44,31,148,24.67,8,44,36,4,2,0
257,2012-06-20,2012,6,20,2,0,24,25,27,28,29,46,1,179,29.83,24,46,22,3,3,0
258,2012-06-23,2012,6,23,5,1,11,16,23,24,36,48,45,158,26.33,11,48,37,2,4,0
259,2012-06-27,2012,6,27,2,0,15,24,27,39,46,49,18,200,33.33,15,49,34,4,2,1
260,2012-06-30,2012,6,30,5,1,5,8,15,17,25,44,7,114,19.0,5,44,39,4,2,0
261,2012-07-04,2012,7,4,2,0,7,10,16,21,31,48,38,133,22.17,7,48,41,3,3,1
262,2012-07-07,2012,7,7,5,1,6,11,26,28,29,43,35,143,23.83,6,43,37,3,3,0
263,2012-07-11,2012,7,11,2,0,4,8,21,31,33,48,7,145,24.17,4,48,44,3,3,0
264,2012-07-14,2012,7,14,5,1,12,20,22,27,40,44,7,165,27.5,12,44,32,1,5,0
265,2012-07-18,2012,7,18,2,0,2,7,12,25,30,39,13,115,19.17,2,39,37,3,3,0
266,2012-07-21,2012,7,21,5,1,5,7,30,31,32,48,13,153,25.5,5,48,43,3,3,0
267,2012-07-25,2012,7,25,2,0,20,24,30,40,41,44,21,199,33.17,20,44,24,1,5,0
268,2012-07-28,2012,7,28,5,1,6,26,29,33,35,38,39,167,27.83,6,38,32,3,3,0
269,2012-08-01,2012,8,1,2,0,6,11,12,22,44,48,37,143,23.83,6,48,42,1,5,0
270,2012-08-04,2012,8,4,5,1,5,17,18,24,28,42,2,134,22.33,5,42,37,2,4,1
271,2012-08-08,2012,8,8,2,0,16,18,22,24,30,40,48,150,25.0,16,40,24,0,6,1
272,2012-08-11,2012,8,11,5,1,2,11,12,22,27,37,9,111,18.5,2,37,35,3,3,0
273,2012-08-15,2012,8,15,2,0,1,5,15,16,18,20,12,75,12.5,1,20,19,3,3,1
274,2012-08-18,2012,8,18,5,1,2,23,30,44,46,47,28,192,32.0,2,47,45,2,4,1
275,2012-08-22,2012,8,22,2,0,19,22,29,35,48,49,36,202,33.67,19,49,30,4,2,1
276,2012-08-25,2012,8,25,5,1,2,5,12,13,22,35,33,89,14.83,2,35,33,3,3,0
277,2012-08-29,2012,8,29,2,0,3,12,15,24,36,43,21,133,22.17,3,43,40,3,3,0
278,2012-09-01,2012,9,1,5,1,9,17,24,26,35,41,11,152,25.33,9,41,32,4,2,0
279,2012-09-05,2012,9,5,2,0,4,6,7,16,35,49,26,117,19.5,4,49,45,3,3,1
280,2012-09-08,2012,9,8,5,1,5,12,17,29,39,42,27,144,24.0,5,42,37,4,2,0
281,2012-09-12,2012,9,12,2,0,15,18,27,28,29,46,13,163,27.17,15,46,31,3,3,0
282,2012-09-15,2012,9,15,5,1,12,15,24,33,40,47,30,171,28.5,12,47,35,3,3,1
283,2012-09-19,2012,9,19,2,0,1,12,35,46,47,49,13,190,31.67,1,49,48,4,2,0
284,2012-09-22,2012,9,22,5,1,1,4,5,13,18,43,22,84,14.0,1,43,42,4,2,1
285,2012-09-26,2012,9,26,2,0,1,6,17,20,23,29,47,96,16.0,1,29,28,4,2,0
286,2012-09-29,2012,9,29,5,1,7,24,34,35,39,46,44,185,30.83,7,46,39,3,3,1
287,2012-10-03,2012,10,3,2,0,8,12,25,33,35,36,30,149,24.83,8,36,28,3,3,1
288,2012-10-06,2012,10,6,5,1,7,13,21,27,36,39,24,143,23.83,7,39,32,5,1,1
289,2012-10-10,2012,10,10,2,0,8,13,14,25,35,37,20,132,22.0,8,37,29,4,2,1
290,2012-10-13,2012,10,13,5,1,10,11,16,18,24,37,19,116,19.33,10,37,27,2,4,0
291,2012-10-17,2012,10,17,2,0,6,14,20,26,30,42,44,138,23.0,6,42,36,0,6,1
292,2012-10-20,2012,10,20,5,1,1,2,22,31,40,44,17,140,23.33,1,44,43,2,4,0
293,2012-10-24,2012,10,24,2,0,7,16,20,24,33,41,29,141,23.5,7,41,34,3,3,0
294,2012-10-27,2012,10,27,5,1,1,3,6,7,10,38,19,65,10.83,1,38,37,3,3,0
295,2012-10-31,2012,10,31,2,0,3,5,13,14,25,27,19,87,14.5,3,27,24,5,1,0
296,2012-11-03,2012,11,3,5,1,7,8,20,28,41,42,14,146,24.33,7,42,35,2,4,1
297,2012-11-07,2012,11,7,2,0,3,8,17,18,37,44,12,127,21.17,3,44,41,3,3,1
298,2012-11-10,2012,11,10,5,1,19,29,33,35,39,45,34,200,33.33,19,45,26,6,0,1
299,2012-11-14,2012,11,14,2,0,1,13,28,31,40,49,37,162,27.0,1,49,48,4,2,0
300,2012-11-17,2012,11,17,5,1,3,4,8,21,33,34,22,103,17.17,3,34,31,3,3,1
301,2012-11-21,2012,11,21,2,0,18,21,28,30,35,39,19,171,28.5,18,39,21,3,3,0
302,2012-11-24,2012,11,24,5,1,7,11,13,21,22,24,17,98,16.33,7,24,17,4,2,0
303,2012-11-28,2012,11,28,2,0,2,10,28,29,35,43,41,147,24.5,2,43,41,3,3,0
304,2012-12-01,2012,12,1,5,1,6,11,16,30,33,35,39,131,21.83,6,35,29,3,3,0
305,2012-12-05,2012,12,5,2,0,5,8,14,30,32,40,11,129,21.5,5,40,35,1,5,0
306,2012-12-08,2012,12,8,5,1,2,11,14,19,43,47,45,136,22.67,2,47,45,4,2,0
307,2012-12-12,2012,12,12,2,0,3,7,16,19,28,43,20,116,19.33,3,43,40,4,2,1
308,2012-12-15,2012,12,15,5,1,2,17,32,39,47,49,48,186,31.0,2,49,47,4,2,1
309,2012-12-19,2012,12,19,2,0,14,33,34,42,47,48,5,218,36.33,14,48,34,2,4,0
310,2012-12-22,2012,12,22,5,1,4,15,24,34,40,47,2,164,27.33,4,47,43,2,4,1
311,2012-12-26,2012,12,26,2,0,6,17,27,41,46,48,29,185,30.83,6,48,42,3,3,0
312,2012-12-29,2012,12,29,5,1,1,3,8,17,20,22,29,71,11.83,1,22,21,3,3,0
313,2013-01-02,2013,1,2,2,0,5,10,19,24,32,39,40,129,21.5,5,39,34,3,3,1
314,2013-01-05,2013,1,5,5,1,8,9,10,14,15,27,42,83,13.83,8,27,19,3,3,1
315,2013-01-09,2013,1,9,2,0,14,16,17,18,21,29,2,115,19.17,14,29,15,3,3,1
316,2013-01-12,2013,1,12,5,1,2,5,21,30,36,41,44,135,22.5,2,41,39,3,3,1
317,2013-01-16,2013,1,16,2,0,3,12,21,26,33,46,32,141,23.5,3,46,43,3,3,1
318,2013-01-19,2013,1,19,5,1,7,15,23,28,29,49,2,151,25.17,7,49,42,5,1,1
319,2013-01-23,2013,1,23,2,0,2,3,25,35,38,39,44,142,23.67,2,39,37,4,2,1
320,2013-01-26,2013,1,26,5,1,4,31,36,39,41,44,12,195,32.5,4,44,40,3,3,1
321,2013-01-30,2013,1,30,2,0,3,4,16,26,28,30,37,107,17.83,3,30,27,1,5,0
322,2013-02-02,2013,2,2,5,1,1,10,16,27,30,35,18,119,19.83,1,35,34,3,3,1
323,2013-02-06,2013,2,6,2,0,8,18,20,25,37,38,5,146,24.33,8,38,30,2,4,0
324,2013-02-09,2013,2,9,5,1,12,26,27,30,33,39,5,167,27.83,12,39,27,3,3,0
325,2013-02-13,2013,2,13,2,0,2,15,43,46,47,48,12,201,33.5,2,48,46,3,3,1
326,2013-02-16,2013,2,16,5,1,8,17,18,23,43,45,44,154,25.67,8,45,37,4,2,1
327,2013-02-20,2013,2,20,2,0,11,15,21,22,30,34,36,133,22.17,11,34,23,3,3,1
328,2013-02-23,2013,2,23,5,1,4,9,21,39,41,43,26,157,26.17,4,43,39,5,1,1
329,2013-02-27,2013,2,27,2,0,17,21,22,30,31,32,23,153,25.5,17,32,15,3,3,0
330,2013-03-02,2013,3,2,5,1,1,14,15,39,41,43,26,153,25.5,1,43,42,5,1,1
331,2013-03-06,2013,3,6,2,0,28,29,40,42,43,44,12,226,37.67,28,44,16,2,4,1
332,2013-03-09,2013,3,9,5,1,2,16,33,38,42,48,7,179,29.83,2,48,46,1,5,0
333,2013-03-13,2013,3,13,2,0,12,27,30,33,37,40,47,179,29.83,12,40,28,3,3,0
334,2013-03-16,2013,3,16,5,1,2,12,23,29,37,47,40,150,25.0,2,47,45,4,2,1
335,2013-03-20,2013,3,20,2,0,5,18,28,31,43,49,30,174,29.0,5,49,44,4,2,1
336,2013-03-23,2013,3,23,5,1,5,17,26,29,34,44,13,155,25.83,5,44,39,3,3,0
337,2013-03-27,2013,3,27,2,0,6,17,19,31,42,43,9,158,26.33,6,43,37,4,2,0
338,2013-03-30,2013,3,30,5,1,17,30,33,36,38,46,1,200,33.33,17,46,29,2,4,0
339,2013-04-03,2013,4,3,2,0,6,16,31,32,42,48,5,175,29.17,6,48,42,1,5,0
340,2013-04-06,2013,4,6,5,1,12,22,24,25,36,37,44,156,26.0,12,37,25,2,4,1
341,2013-04-10,2013,4,10,2,0,3,10,12,41,46,47,27,159,26.5,3,47,44,3,3,0
342,2013-04-13,2013,4,13,5,1,10,12,35,40,47,49,19,193,32.17,10,49,39,3,3,0
343,2013-04-17,2013,4,17,2,0,1,8,27,33,45,49,5,163,27.17,1,49,48,5,1,0
344,2013-04-20,2013,4,20,5,1,3,8,12,14,23,37,21,97,16.17,3,37,34,3,3,0
345,2013-04-24,2013,4,24,2,0,1,3,4,23,40,42,8,113,18.83,1,42,41,3,3,1
346,2013-04-27,2013,4,27,5,1,4,5,9,11,39,40,22,108,18.0,4,40,36,4,2,1
347,2013-05-01,2013,5,1,2,0,9,32,33,39,46,47,42,206,34.33,9,47,38,4,2,1
348,2013-05-04,2013,5,4,5,1,2,39,40,45,46,47,15,219,36.5,2,47,45,3,3,0
349,2013-05-08,2013,5,8,2,0,5,7,8,21,28,40,26,109,18.17,5,40,35,3,3,1
350,2013-05-11,2013,5,11,5,1,8,26,27,35,42,49,39,187,31.17,8,49,41,3,3,0
351,2013-05-15,2013,5,15,2,0,8,21,26,27,34,43,10,159,26.5,8,43,35,3,3,1
352,2013-05-18,2013,5,18,5,1,3,8,15,19,35,45,23,125,20.83,3,45,42,5,1,0
353,2013-05-22,2013,5,22,2,0,10,18,19,22,30,48,34,147,24.5,10,48,38,1,5,1
354,2013-05-25,2013,5,25,5,1,15,23,27,36,41,49,37,191,31.83,15,49,34,5,1,0
355,2013-05-29,2013,5,29,2,0,14,15,24,33,34,36,11,156,26.0,14,36,22,2,4,0
356,2013-06-01,2013,6,1,5,1,1,5,12,17,22,43,36,100,16.67,1,43,42,4,2,1
357,2013-06-05,2013,6,5,2,0,5,13,17,27,47,49,34,158,26.33,5,49,44,6,0,1
358,2013-06-08,2013,6,8,5,1,2,18,23,36,43,46,9,168,28.0,2,46,44,2,4,0
359,2013-06-12,2013,6,12,2,0,11,19,23,27,33,37,32,150,25.0,11,37,26,6,0,1
360,2013-06-15,2013,6,15,5,1,5,16,17,44,45,48,19,175,29.17,5,48,43,3,3,0
361,2013-06-19,2013,6,19,2,0,20,23,26,27,44,46,5,186,31.0,20,46,26,2,4,0
362,2013-06-22,2013,6,22,5,1,3,21,36,42,43,44,27,189,31.5,3,44,41,3,3,0
363,2013-06-26,2013,6,26,2,0,1,9,11,12,13,25,42,71,11.83,1,25,24,5,1,1
364,2013-06-29,2013,6,29,5,1,6,8,17,28,37,49,27,145,24.17,6,49,43,3,3,0
365,2013-07-03,2013,7,3,2,0,2,6,26,29,31,37,24,131,21.83,2,37,35,3,3,1
366,2013-07-06,2013,7,6,5,1,8,11,25,29,40,48,28,161,26.83,8,48,40,3,3,1
367,2013-07-10,2013,7,10,2,0,8,9,21,37,40,46,20,161,26.83,8,46,38,3,3,1
368,2013-07-13,2013,7,13,5,1,8,19,25,32,45,48,36,177,29.5,8,48,40,3,3,1
369,2013-07-17,2013,7,17,2,0,2,5,10,15,41,49,24,122,20.33,2,49,47,4,2,1
370,2013-07-20,2013,7,20,5,1,3,17,26,35,43,45,8,169,28.17,3,45,42,5,1,1
371,2013-07-24,2013,7,24,2,0,12,21,22,24,34,41,49,154,25.67,12,41,29,2,4,0
372,2013-07-27,2013,7,27,5,1,18,19,31,34,40,42,48,184,30.67,18,42,24,2,4,1
373,2013-07-31,2013,7,31,2,0,6,9,18,22,28,39,7,122,20.33,6,39,33,2,4,0
374,2013-08-03,2013,8,3,5,1,13,18,19,23,33,41,4,147,24.5,13,41,28,5,1,1
375,2013-08-07,2013,8,7,2,0,7,12,21,34,41,46,23,161,26.83,7,46,39,3,3,0
376,2013-08-10,2013,8,10,5,1,4,5,16,18,38,40,35,121,20.17,4,40,36,1,5,0
377,2013-08-14,2013,8,14,2,0,18,20,21,32,33,35,6,159,26.5,18,35,17,3,3,1
378,2013-08-17,2013,8,17,5,1,15,16,17,25,26,46,13,145,24.17,15,46,31,3,3,0
379,2013-08-21,2013,8,21,2,0,11,22,23,25,34,41,29,156,26.0,11,41,30,4,2,0
380,2013-08-24,2013,8,24,5,1,5,22,29,35,36,40,21,167,27.83,5,40,35,3,3,0
381,2013-08-28,2013,8,28,2,0,17,21,23,29,30,45,44,165,27.5,17,45,28,5,1,1
382,2013-08-31,2013,8,31,5,1,7,8,19,24,41,47,1,146,24.33,7,47,40,4,2,0
383,2013-09-04,2013,9,4,2,0,5,10,17,18,23,40,8,113,18.83,5,40,35,3,3,1
384,2013-09-07,2013,9,7,5,1,13,16,29,35,41,43,10,177,29.5,13,43,30,5,1,1
385,2013-09-11,2013,9,11,2,0,1,2,3,30,33,45,36,114,19.0,1,45,44,4,2,1
386,2013-09-14,2013,9,14,5,1,7,14,16,27,42,43,10,149,24.83,7,43,36,3,3,1
387,2013-09-18,2013,9,18,2,0,3,9,11,25,35,36,2,119,19.83,3,36,33,5,1,1
388,2013-09-21,2013,9,21,5,1,1,20,33,37,41,45,44,177,29.5,1,45,44,5,1,1
389,2013-09-25,2013,9,25,2,0,3,9,13,20,40,41,15,126,21.0,3,41,38,4,2,0
390,2013-09-28,2013,9,28,5,1,1,9,15,16,21,47,18,109,18.17,1,47,46,5,1,1
391,2013-10-02,2013,10,2,2,0,3,8,22,27,30,45,6,135,22.5,3,45,42,3,3,1
392,2013-10-05,2013,10,5,5,1,2,8,14,15,41,43,25,123,20.5,2,43,41,3,3,0
393,2013-10-09,2013,10,9,2,0,7,8,12,24,30,39,48,120,20.0,7,39,32,2,4,1
394,2013-10-12,2013,10,12,5,1,6,17,21,31,34,36,47,145,24.17,6,36,30,3,3,0
395,2013-10-16,2013,10,16,2,0,27,31,39,40,44,45,15,226,37.67,27,45,18,4,2,0
396,2013-10-19,2013,10,19,5,1,1,19,33,38,41,42,13,174,29.0,1,42,41,4,2,0
397,2013-10-23,2013,10,23,2,0,14,18,24,31,38,46,2,171,28.5,14,46,32,1,5,1
398,2013-10-26,2013,10,26,5,1,7,9,10,11,46,48,34,131,21.83,7,48,41,3,3,1
399,2013-10-30,2013,10,30,2,0,11,23,25,28,34,37,26,158,26.33,11,37,26,4,2,1
400,2013-11-02,2013,11,2,5,1,1,7,13,25,30,46,24,122,20.33,1,46,45,4,2,1
401,2013-11-06,2013,11,6,2,0,17,20,32,36,37,41,42,183,30.5,17,41,24,3,3,1
402,2013-11-09,2013,11,9,5,1,8,9,11,12,23,38,29,101,16.83,8,38,30,3,3,0
403,2013-11-13,2013,11,13,2,0,1,18,33,36,38,41,3,167,27.83,1,41,40,3,3,0
404,2013-11-16,2013,11,16,5,1,16,18,37,42,43,45,29,201,33.5,16,45,29,3,3,0
405,2013-11-20,2013,11,20,2,0,4,8,9,12,43,49,26,125,20.83,4,49,45,3,3,1
406,2013-11-23,2013,11,23,5,1,4,19,29,34,40,45,18,171,28.5,4,45,41,3,3,1
407,2013-11-27,2013,11,27,2,0,1,13,19,23,27,42,36,125,20.83,1,42,41,5,1,1
408,2013-11-30,2013,11,30,5,1,3,4,9,21,27,31,49,95,15.83,3,31,28,5,1,0
409,2013-12-04,2013,12,4,2,0,3,6,7,11,15,48,30,90,15.0,3,48,45,4,2,1
410,2013-12-07,2013,12,7,5,1,15,26,27,28,30,39,5,165,27.5,15,39,24,3,3,0
411,2013-12-11,2013,12,11,2,0,5,24,29,38,40,49,19,185,30.83,5,49,44,3,3,0
412,2013-12-14,2013,12,14,5,1,14,18,21,27,35,48,44,163,27.17,14,48,34,3,3,1
413,2013-12-18,2013,12,18,2,0,4,6,9,16,20,31,32,86,14.33,4,31,27,2,4,1
414,2013-12-21,2013,12,21,5,1,28,33,34,43,46,48,23,232,38.67,28,48,20,2,4,0
415,2013-12-28,2013,12,28,5,1,1,26,27,35,45,48,47,182,30.33,1,48,47,4,2,0
416,2014-01-01,2014,1,1,2,0,12,16,18,35,36,43,17,160,26.67,12,43,31,2,4,0
417,2014-01-04,2014,1,4,5,1,13,20,22,24,46,48,35,173,28.83,13,48,35,1,5,0
418,2014-01-08,2014,1,8,2,0,3,14,22,29,48,49,18,165,27.5,3,49,46,3,3,1
419,2014-01-11,2014,1,11,5,1,4,14,26,34,39,49,10,166,27.67,4,49,45,2,4,1
420,2014-01-15,2014,1,15,2,0,3,13,19,27,28,38,25,128,21.33,3,38,35,4,2,0
421,2014-01-18,2014,1,18,5,1,13,19,28,29,37,39,25,165,27.5,13,39,26,5,1,0
422,2014-01-22,2014,1,22,2,0,1,2,18,28,33,48,43,130,21.67,1,48,47,2,4,0
423,2014-01-25,2014,1,25,5,1,7,14,27,29,36,48,23,161,26.83,7,48,41,3,3,0
424,2014-01-29,2014,1,29,2,0,2,13,15,36,40,43,23,149,24.83,2,43,41,3,3,0
425,2014-02-01,2014,2,1,5,1,7,39,42,43,44,47,13,222,37.0,7,47,40,4,2,0
426,2014-02-05,2014,2,5,2,0,2,18,24,25,37,38,28,144,24.0,2,38,36,2,4,1
427,2014-02-08,2014,2,8,5,1,8,16,32,34,38,42,11,170,28.33,8,42,34,0,6,0
428,2014-02-12,2014,2,12,2,0,6,11,23,28,45,47,33,160,26.67,6,47,41,4,2,0
429,2014-02-15,2014,2,15,5,1,3,16,32,33,44,48,43,176,29.33,3,48,45,2,4,0
430,2014-02-19,2014,2,19,2,0,1,2,23,28,37,41,10,132,22.0,1,41,40,4,2,1
431,2014-02-22,2014,2,22,5,1,2,3,9,15,18,31,25,78,13.0,2,31,29,4,2,0
432,2014-02-26,2014,2,26,2,0,7,18,34,39,41,42,23,181,30.17,7,42,35,3,3,0
433,2014-03-01,2014,3,1,5,1,8,13,21,37,43,47,14,169,28.17,8,47,39,5,1,1
434,2014-03-05,2014,3,5,2,0,4,20,23,30,33,34,42,144,24.0,4,34,30,2,4,1
435,2014-03-08,2014,3,8,5,1,6,9,24,40,48,49,21,176,29.33,6,49,43,2,4,0
436,2014-03-12,2014,3,12,2,0,1,31,35,42,45,46,18,200,33.33,1,46,45,4,2,1
437,2014-03-15,2014,3,15,5,1,3,6,23,28,30,38,32,128,21.33,3,38,35,2,4,1
438,2014-03-19,2014,3,19,2,0,2,9,21,29,42,47,3,150,25.0,2,47,45,4,2,0
439,2014-03-22,2014,3,22,5,1,16,32,35,37,42,47,49,209,34.83,16,47,31,3,3,0
440,2014-03-26,2014,3,26,2,0,3,23,30,36,37,44,49,173,28.83,3,44,41,3,3,0
441,2014-03-29,2014,3,29,5,1,9,13,17,30,36,45,40,150,25.0,9,45,36,4,2,1
442,2014-04-02,2014,4,2,2,0,9,11,14,33,37,48,31,152,25.33,9,48,39,4,2,0
443,2014-04-05,2014,4,5,5,1,16,17,33,34,44,45,2,189,31.5,16,45,29,3,3,1
444,2014-04-09,2014,4,9,2,0,1,2,22,25,27,36,15,113,18.83,1,36,35,3,3,0
445,2014-04-12,2014,4,12,5,1,14,18,32,35,37,45,9,181,30.17,14,45,31,3,3,0
446,2014-04-16,2014,4,16,2,0,12,13,23,35,36,49,6,168,28.0,12,49,37,4,2,1
447,2014-04-19,2014,4,19,5,1,9,20,23,33,38,44,39,167,27.83,9,44,35,3,3,0
448,2014-04-23,2014,4,23,2,0,14,20,26,39,42,48,3,189,31.5,14,48,34,1,5,0
449,2014-04-26,2014,4,26,5,1,21,28,30,35,39,41,37,194,32.33,21,41,20,4,2,0
450,2014-04-30,2014,4,30,2,0,18,20,21,26,35,45,25,165,27.5,18,45,27,3,3,0
451,2014-05-03,2014,5,3,5,1,13,14,22,26,30,34,48,139,23.17,13,34,21,1,5,1
452,2014-05-07,2014,5,7,2,0,9,15,19,22,48,49,10,162,27.0,9,49,40,4,2,1
453,2014-05-10,2014,5,10,5,1,1,5,7,28,34,41,49,116,19.33,1,41,40,4,2,0
454,2014-05-14,2014,5,14,2,0,9,12,18,20,32,34,31,125,20.83,9,34,25,1,5,0
455,2014-05-17,2014,5,17,5,1,3,4,25,29,33,45,24,139,23.17,3,45,42,5,1,1
456,2014-05-21,2014,5,21,2,0,3,11,19,20,23,44,6,120,20.0,3,44,41,4,2,1
457,2014-05-24,2014,5,24,5,1,2,3,14,15,23,34,8,91,15.17,2,34,32,3,3,1
458,2014-05-28,2014,5,28,2,0,6,8,16,26,28,37,49,121,20.17,6,37,31,1,5,0
459,2014-05-31,2014,5,31,5,1,5,8,15,16,28,29,39,101,16.83,5,29,24,3,3,0
460,2014-06-04,2014,6,4,2,0,16,23,26,39,44,45,35,193,32.17,16,45,29,3,3,0
461,2014-06-07,2014,6,7,5,1,7,8,24,30,37,48,22,154,25.67,7,48,41,2,4,1
462,2014-06-11,2014,6,11,2,0,19,28,34,35,38,44,31,198,33.0,19,44,25,2,4,0
463,2014-06-14,2014,6,14,5,1,12,25,28,37,40,48,3,190,31.67,12,48,36,2,4,0
464,2014-06-18,2014,6,18,2,0,1,3,18,32,34,47,8,135,22.5,1,47,46,3,3,1
465,2014-06-21,2014,6,21,5,1,2,5,8,16,36,38,17,105,17.5,2,38,36,1,5,0
466,2014-06-25,2014,6,25,2,0,4,24,34,36,43,49,9,190,31.67,4,49,45,2,4,0
467,2014-06-28,2014,6,28,5,1,3,7,12,18,28,36,14,104,17.33,3,36,33,2,4,1
468,2014-07-02,2014,7,2,2,0,3,5,6,21,35,49,29,119,19.83,3,49,46,5,1,0
469,2014-07-05,2014,7,5,5,1,3,4,5,22,35,40,24,109,18.17,3,40,37,3,3,1
470,2014-07-09,2014,7,9,2,0,19,25,39,41,44,48,16,216,36.0,19,48,29,4,2,1
471,2014-07-12,2014,7,12,5,1,7,11,14,21,28,45,35,126,21.0,7,45,38,4,2,0
472,2014-07-16,2014,7,16,2,0,15,18,25,28,38,44,11,168,28.0,15,44,29,2,4,0
473,2014-07-19,2014,7,19,5,1,1,11,28,36,37,43,12,156,26.0,1,43,42,4,2,1
474,2014-07-23,2014,7,23,2,0,2,30,35,37,43,44,22,191,31.83,2,44,42,3,3,1
475,2014-07-26,2014,7,26,5,1,10,33,39,45,46,47,35,220,36.67,10,47,37,4,2,0
476,2014-07-30,2014,7,30,2,0,2,9,17,22,32,34,10,116,19.33,2,34,32,2,4,1
477,2014-08-02,2014,8,2,5,1,5,7,16,27,34,41,24,130,21.67,5,41,36,4,2,1
478,2014-08-06,2014,8,6,2,0,6,15,17,30,40,42,41,150,25.0,6,42,36,2,4,0
479,2014-08-09,2014,8,9,5,1,4,11,30,36,38,47,31,166,27.67,4,47,43,2,4,0
480,2014-08-13,2014,8,13,2,0,4,8,26,31,43,46,9,158,26.33,4,46,42,2,4,0
481,2014-08-16,2014,8,16,5,1,1,10,11,14,29,45,3,110,18.33,1,45,44,4,2,0
482,2014-08-20,2014,8,20,2,0,3,4,22,35,39,47,10,150,25.0,3,47,44,4,2,1
483,2014-08-23,2014,8,23,5,1,1,3,32,39,45,47,22,167,27.83,1,47,46,5,1,1
484,2014-08-27,2014,8,27,2,0,9,15,21,28,29,47,48,149,24.83,9,47,38,5,1,1
485,2014-08-30,2014,8,30,5,1,2,5,14,18,19,33,16,91,15.17,2,33,31,3,3,1
486,2014-09-03,2014,9,3,2,0,12,15,16,28,41,46,1,158,26.33,12,46,34,2,4,0
487,2014-09-06,2014,9,6,5,1,5,10,29,30,32,49,15,155,25.83,5,49,44,3,3,0
488,2014-09-10,2014,9,10,2,0,4,8,16,34,38,42,18,142,23.67,4,42,38,0,6,1
489,2014-09-13,2014,9,13,5,1,1,13,21,45,48,49,18,177,29.5,1,49,48,5,1,1
490,2014-09-17,2014,9,17,2,0,14,15,28,29,38,49,7,173,28.83,14,49,35,3,3,0
491,2014-09-20,2014,9,20,5,1,10,28,29,30,36,48,31,181,30.17,10,48,38,1,5,0
492,2014-09-24,2014,9,24,2,0,5,7,17,27,31,48,30,135,22.5,5,48,43,5,1,1
493,2014-09-27,2014,9,27,5,1,3,12,13,29,33,40,39,130,21.67,3,40,37,4,2,0
494,2014-10-01,2014,10,1,2,0,11,17,26,36,46,49,40,185,30.83,11,49,38,3,3,1
495,2014-10-04,2014,10,4,5,1,10,15,16,25,27,38,29,131,21.83,10,38,28,3,3,0
496,2014-10-08,2014,10,8,2,0,11,13,26,30,44,45,46,169,28.17,11,45,34,3,3,1
497,2014-10-11,2014,10,11,5,1,7,8,18,35,40,42,23,150,25.0,7,42,35,2,4,0
498,2014-10-15,2014,10,15,2,0,14,22,26,28,44,49,39,183,30.5,14,49,35,1,5,0
499,2014-10-18,2014,10,18,5,1,3,4,11,24,30,48,22,120,20.0,3,48,45,2,4,1
500,2014-10-22,2014,10,22,2,0,7,13,16,21,24,32,28,113,18.83,7,32,25,3,3,1
501,2014-10-25,2014,10,25,5,1,11,14,36,40,46,48,1,195,32.5,11,48,37,1,5,0
502,2014-10-29,2014,10,29,2,0,12,16,17,25,31,33,4,134,22.33,12,33,21,4,2,1
503,2014-11-01,2014,11,1,5,1,16,24,25,30,36,39,38,170,28.33,16,39,23,2,4,1
504,2014-11-05,2014,11,5,2,0,1,8,9,14,29,32,27,93,15.5,1,32,31,3,3,0
505,2014-11-08,2014,11,8,5,1,5,8,17,43,47,49,30,169,28.17,5,49,44,5,1,1
506,2014-11-12,2014,11,12,2,0,2,8,14,25,35,39,33,123,20.5,2,39,37,3,3,0
507,2014-11-15,2014,11,15,5,1,5,15,25,34,40,46,43,165,27.5,5,46,41,3,3,0
508,2014-11-19,2014,11,19,2,0,3,10,16,27,42,47,41,145,24.17,3,47,44,3,3,0
509,2014-11-22,2014,11,22,5,1,7,18,29,39,44,45,37,182,30.33,7,45,38,4,2,0
510,2014-11-26,2014,11,26,2,0,1,3,16,17,29,48,23,114,19.0,1,48,47,4,2,0
511,2014-11-29,2014,11,29,5,1,9,24,28,36,40,45,31,182,30.33,9,45,36,2,4,0
512,2014-12-03,2014,12,3,2,0,13,15,26,28,38,48,2,168,28.0,13,48,35,2,4,1
513,2014-12-06,2014,12,6,5,1,4,9,23,39,40,48,7,163,27.17,4,48,44,3,3,0
514,2014-12-10,2014,12,10,2,0,5,10,16,17,36,42,32,126,21.0,5,42,37,2,4,1
515,2014-12-13,2014,12,13,5,1,4,9,12,26,32,39,43,122,20.33,4,39,35,2,4,0
516,2014-12-17,2014,12,17,2,0,2,16,23,25,29,40,18,135,22.5,2,40,38,3,3,1
517,2014-12-20,2014,12,20,5,1,10,13,34,35,39,41,33,172,28.67,10,41,31,4,2,0
518,2014-12-24,2014,12,24,2,0,16,19,27,37,38,44,46,181,30.17,16,44,28,3,3,1
519,2014-12-27,2014,12,27,5,1,15,20,24,27,37,43,17,166,27.67,15,43,28,4,2,0
520,2014-12-31,2014,12,31,2,0,1,12,14,24,45,47,43,143,23.83,1,47,46,3,3,0
521,2015-01-03,2015,1,3,5,1,8,13,22,25,27,39,11,134,22.33,8,39,31,4,2,0
522,2015-01-07,2015,1,7,2,0,4,5,29,33,43,49,1,163,27.17,4,49,45,5,1,0
523,2015-01-10,2015,1,10,5,1,15,25,27,38,41,43,40,189,31.5,15,43,28,5,1,1
524,2015-01-14,2015,1,14,2,0,9,11,13,16,28,41,17,118,19.67,9,41,32,4,2,0
525,2015-01-17,2015,1,17,5,1,4,6,13,22,31,36,41,112,18.67,4,36,32,2,4,0
526,2015-01-21,2015,1,21,2,0,9,24,27,31,34,36,2,161,26.83,9,36,27,3,3,1
527,2015-01-24,2015,1,24,5,1,6,17,27,30,40,43,11,163,27.17,6,43,37,3,3,0
528,2015-01-28,2015,1,28,2,0,7,30,31,39,42,44,46,193,32.17,7,44,37,3,3,1
529,2015-01-31,2015,1,31,5,1,7,9,11,15,19,26,32,87,14.5,7,26,19,5,1,1
530,2015-02-04,2015,2,4,2,0,7,8,11,16,30,44,43,116,19.33,7,44,37,2,4,0
531,2015-02-07,2015,2,7,5,1,4,15,20,30,38,42,12,149,24.83,4,42,38,1,5,1
532,2015-02-11,2015,2,11,2,0,28,32,41,43,46,49,48,239,39.83,28,49,21,3,3,1
533,2015-02-14,2015,2,14,5,1,6,32,33,38,40,49,35,198,33.0,6,49,43,2,4,0
534,2015-02-18,2015,2,18,2,0,2,4,19,34,45,47,29,151,25.17,2,47,45,3,3,0
535,2015-02-21,2015,2,21,5,1,5,27,40,41,42,46,8,201,33.5,5,46,41,3,3,1
536,2015-02-25,2015,2,25,2,0,14,15,32,33,34,39,20,167,27.83,14,39,25,3,3,1
537,2015-02-28,2015,2,28,5,1,7,9,17,18,27,35,44,113,18.83,7,35,28,5,1,1
538,2015-03-04,2015,3,4,2,0,13,18,20,29,33,43,27,156,26.0,13,43,30,4,2,0
539,2015-03-07,2015,3,7,5,1,8,17,22,31,41,43,16,162,27.0,8,43,35,4,2,1
540,2015-03-11,2015,3,11,2,0,4,18,20,22,33,46,1,143,23.83,4,46,42,1,5,0
541,2015-03-14,2015,3,14,5,1,17,22,23,26,30,40,41,158,26.33,17,40,23,2,4,0
542,2015-03-18,2015,3,18,2,0,6,8,20,23,35,39,47,131,21.83,6,39,33,3,3,0
543,2015-03-21,2015,3,21,5,1,6,13,21,24,38,48,45,150,25.0,6,48,42,2,4,0
544,2015-03-25,2015,3,25,2,0,3,5,17,37,47,49,8,158,26.33,3,49,46,6,0,1
545,2015-03-28,2015,3,28,5,1,10,11,18,24,40,46,14,149,24.83,10,46,36,1,5,1
546,2015-04-01,2015,4,1,2,0,14,21,23,33,36,38,9,165,27.5,14,38,24,3,3,0
547,2015-04-04,2015,4,4,5,1,15,26,27,33,40,45,34,186,31.0,15,45,30,4,2,1
548,2015-04-08,2015,4,8,2,0,27,29,30,33,45,49,11,213,35.5,27,49,22,5,1,0
549,2015-04-11,2015,4,11,5,1,5,6,22,24,32,43,9,132,22.0,5,43,38,2,4,0
550,2015-04-15,2015,4,15,2,0,17,19,26,34,35,46,3,177,29.5,17,46,29,3,3,0
551,2015-04-18,2015,4,18,5,1,2,9,18,25,29,34,14,117,19.5,2,34,32,3,3,1
552,2015-04-22,2015,4,22,2,0,2,17,19,27,45,49,6,159,26.5,2,49,47,5,1,1
553,2015-04-25,2015,4,25,5,1,3,4,6,20,25,36,16,94,15.67,3,36,33,2,4,1
554,2015-04-29,2015,4,29,2,0,1,19,21,28,34,45,4,148,24.67,1,45,44,4,2,1
555,2015-05-02,2015,5,2,5,1,3,6,28,35,42,43,1,157,26.17,3,43,40,3,3,0
556,2015-05-06,2015,5,6,2,0,3,7,12,16,29,35,34,102,17.0,3,35,32,4,2,1
557,2015-05-09,2015,5,9,5,1,8,10,11,14,30,48,5,121,20.17,8,48,40,1,5,0
558,2015-05-13,2015,5,13,2,0,12,13,17,27,35,37,21,141,23.5,12,37,25,5,1,0
559,2015-05-16,2015,5,16,5,1,5,22,23,25,40,43,31,158,26.33,5,43,38,4,2,0
560,2015-05-20,2015,5,20,2,0,12,23,27,31,34,39,49,166,27.67,12,39,27,4,2,0
561,2015-05-23,2015,5,23,5,1,6,18,26,30,34,40,15,154,25.67,6,40,34,0,6,0
562,2015-05-27,2015,5,27,2,0,2,20,22,30,36,43,9,153,25.5,2,43,41,1,5,0
563,2015-05-30,2015,5,30,5,1,8,10,16,24,25,44,4,127,21.17,8,44,36,1,5,1
564,2015-06-03,2015,6,3,2,0,16,18,20,21,23,39,31,137,22.83,16,39,23,3,3,0
565,2015-06-06,2015,6,6,5,1,4,21,22,24,33,38,19,142,23.67,4,38,34,2,4,0
566,2015-06-10,2015,6,10,2,0,3,5,23,37,40,48,2,156,26.0,3,48,45,4,2,1
567,2015-06-13,2015,6,13,5,1,10,23,24,35,36,43,37,171,28.5,10,43,33,3,3,0
568,2015-06-17,2015,6,17,2,0,13,14,22,28,32,34,15,143,23.83,13,34,21,1,5,0
569,2015-06-20,2015,6,20,5,1,4,28,39,44,45,48,12,208,34.67,4,48,44,2,4,1
570,2015-06-24,2015,6,24,2,0,3,5,23,36,39,43,45,149,24.83,3,43,40,5,1,0
571,2015-06-27,2015,6,27,5,1,6,18,28,32,37,42,39,163,27.17,6,42,36,1,5,0
572,2015-07-01,2015,7,1,2,0,1,4,10,16,22,39,13,92,15.33,1,39,38,2,4,0
573,2015-07-04,2015,7,4,5,1,2,5,6,7,8,37,48,65,10.83,2,37,35,3,3,1
574,2015-07-08,2015,7,8,2,0,5,23,26,30,39,48,47,171,28.5,5,48,43,3,3,0
575,2015-07-11,2015,7,11,5,1,2,3,14,25,30,31,5,105,17.5,2,31,29,3,3,0
576,2015-07-15,2015,7,15,2,0,8,12,13,36,38,43,40,150,25.0,8,43,35,2,4,1
577,2015-07-18,2015,7,18,5,1,5,7,18,22,31,32,15,115,19.17,5,32,27,3,3,0
578,2015-07-22,2015,7,22,2,0,20,23,40,43,47,49,15,222,37.0,20,49,29,4,2,0
579,2015-07-25,2015,7,25,5,1,15,17,18,24,35,42,22,151,25.17,15,42,27,3,3,1
580,2015-07-29,2015,7,29,2,0,3,6,28,34,39,43,2,153,25.5,3,43,40,3,3,1
581,2015-08-01,2015,8,1,5,1,8,22,24,33,38,40,26,165,27.5,8,40,32,1,5,1
582,2015-08-05,2015,8,5,2,0,8,15,17,29,34,38,31,141,23.5,8,38,30,3,3,0
583,2015-08-08,2015,8,8,5,1,12,17,22,29,37,48,40,165,27.5,12,48,36,3,3,1
584,2015-08-12,2015,8,12,2,0,6,20,25,29,32,35,46,147,24.5,6,35,29,3,3,1
585,2015-08-15,2015,8,15,5,1,2,11,16,24,33,43,14,129,21.5,2,43,41,3,3,1
586,2015-08-19,2015,8,19,2,0,1,2,3,6,23,28,24,63,10.5,1,28,27,3,3,1
587,2015-08-22,2015,8,22,5,1,1,4,9,34,38,41,17,127,21.17,1,41,40,3,3,0
588,2015-08-26,2015,8,26,2,0,11,20,21,30,37,42,28,161,26.83,11,42,31,3,3,1
589,2015-08-29,2015,8,29,5,1,14,28,31,32,36,46,3,187,31.17,14,46,32,1,5,0
590,2015-09-02,2015,9,2,2,0,3,4,6,8,23,39,18,83,13.83,3,39,36,3,3,1
591,2015-09-05,2015,9,5,5,1,1,2,8,18,19,42,10,90,15.0,1,42,41,2,4,1
592,2015-09-09,2015,9,9,2,0,7,9,23,37,41,45,31,162,27.0,7,45,38,6,0,0
593,2015-09-12,2015,9,12,5,1,2,7,21,42,43,47,48,162,27.0,2,47,45,4,2,1
594,2015-09-16,2015,9,16,2,0,3,5,7,13,38,47,28,113,18.83,3,47,44,5,1,1
595,2015-09-19,2015,9,19,5,1,1,2,9,19,33,39,16,103,17.17,1,39,38,5,1,1
596,2015-09-23,2015,9,23,2,0,8,14,23,28,35,46,17,154,25.67,8,46,38,2,4,0
597,2015-09-26,2015,9,26,5,1,9,28,32,37,39,46,42,191,31.83,9,46,37,3,3,1
598,2015-09-30,2015,9,30,2,0,3,4,40,44,46,49,1,186,31.0,3,49,46,2,4,0
599,2015-10-03,2015,10,3,5,1,2,16,29,41,44,48,23,180,30.0,2,48,46,2,4,0
600,2015-10-07,2015,10,7,2,0,1,8,24,31,43,46,25,153,25.5,1,46,45,3,3,0
601,2015-10-10,2015,10,10,5,1,1,2,19,30,34,45,40,131,21.83,1,45,44,3,3,1
602,2015-10-14,2015,10,14,2,0,5,12,19,32,37,42,25,147,24.5,5,42,37,3,3,0
603,2015-10-17,2015,10,17,5,1,8,17,22,34,38,47,10,166,27.67,8,47,39,2,4,1
604,2015-10-21,2015,10,21,2,0,13,14,20,30,33,38,3,148,24.67,13,38,25,2,4,0
605,2015-10-24,2015,10,24,5,1,5,11,28,29,31,40,46,144,24.0,5,40,35,4,2,1
606,2015-10-28,2015,10,28,2,0,16,23,31,42,46,47,4,205,34.17,16,47,31,3,3,1
607,2015-10-31,2015,10,31,5,1,1,20,24,30,39,44,26,158,26.33,1,44,43,2,4,1
608,2015-11-04,2015,11,4,2,0,29,31,36,38,39,40,6,213,35.5,29,40,11,3,3,1
609,2015-11-07,2015,11,7,5,1,1,3,4,7,16,20,5,51,8.5,1,20,19,3,3,0
610,2015-11-11,2015,11,11,2,0,2,14,20,21,25,37,24,119,19.83,2,37,35,3,3,1
611,2015-11-14,2015,11,14,5,1,4,5,8,11,38,44,31,110,18.33,4,44,40,2,4,0
612,2015-11-18,2015,11,18,2,0,3,14,27,30,38,41,22,153,25.5,3,41,38,3,3,1
613,2015-11-21,2015,11,21,5,1,4,6,8,9,29,42,46,98,16.33,4,42,38,2,4,1
614,2015-11-25,2015,11,25,2,0,5,14,23,34,43,44,8,163,27.17,5,44,39,3,3,1
615,2015-11-28,2015,11,28,5,1,4,9,20,23,26,47,32,129,21.5,4,47,43,3,3,1
616,2015-12-02,2015,12,2,2,0,25,33,34,36,40,43,35,211,35.17,25,43,18,3,3,0
617,2015-12-05,2015,12,5,5,1,5,8,16,19,39,43,13,130,21.67,5,43,38,4,2,0
618,2015-12-09,2015,12,9,2,0,4,14,32,34,39,41,45,164,27.33,4,41,37,2,4,0
619,2015-12-12,2015,12,12,5,1,11,29,31,43,46,48,12,208,34.67,11,48,37,4,2,1
620,2015-12-16,2015,12,16,2,0,2,7,15,17,27,30,49,98,16.33,2,30,28,4,2,0
621,2015-12-19,2015,12,19,5,1,5,15,20,22,38,49,13,149,24.83,5,49,44,3,3,0
622,2015-12-23,2015,12,23,2,0,1,10,15,30,32,39,42,127,21.17,1,39,38,3,3,1
623,2015-12-26,2015,12,26,5,1,9,24,40,41,42,45,32,201,33.5,9,45,36,3,3,1
624,2015-12-30,2015,12,30,2,0,2,3,23,29,45,48,9,150,25.0,2,48,46,4,2,0
625,2016-01-02,2016,1,2,5,1,3,5,8,36,39,45,44,136,22.67,3,45,42,4,2,1
626,2016-01-06,2016,1,6,2,0,9,14,19,28,43,44,49,157,26.17,9,44,35,3,3,0
627,2016-01-09,2016,1,9,5,1,2,31,38,42,46,47,27,206,34.33,2,47,45,2,4,0
628,2016-01-13,2016,1,13,2,0,3,8,9,24,44,47,37,135,22.5,3,47,44,3,3,0
629,2016-01-16,2016,1,16,5,1,6,8,18,25,37,47,20,141,23.5,6,47,41,3,3,1
630,2016-01-20,2016,1,20,2,0,1,2,3,11,37,43,6,97,16.17,1,43,42,5,1,1
631,2016-01-23,2016,1,23,5,1,6,10,16,23,30,44,12,129,21.5,6,44,38,1,5,1
632,2016-01-27,2016,1,27,2,0,8,13,20,26,37,43,32,147,24.5,8,43,35,3,3,1
633,2016-01-30,2016,1,30,5,1,5,9,16,23,27,35,15,115,19.17,5,35,30,5,1,0
634,2016-02-03,2016,2,3,2,0,6,9,18,20,32,49,26,134,22.33,6,49,43,2,4,1
635,2016-02-06,2016,2,6,5,1,1,17,31,37,41,47,18,174,29.0,1,47,46,6,0,1
636,2016-02-10,2016,2,10,2,0,1,25,33,40,46,49,43,194,32.33,1,49,48,4,2,0
637,2016-02-13,2016,2,13,5,1,4,17,21,30,31,37,39,140,23.33,4,37,33,4,2,0
638,2016-02-17,2016,2,17,2,0,6,14,16,19,25,40,22,120,20.0,6,40,34,2,4,1
639,2016-02-20,2016,2,20,5,1,7,20,24,35,37,48,43,171,28.5,7,48,41,3,3,0
640,2016-02-24,2016,2,24,2,0,4,5,11,15,26,41,49,102,17.0,4,41,37,4,2,0
641,2016-02-27,2016,2,27,5,1,2,14,35,43,44,47,6,185,30.83,2,47,45,3,3,1
642,2016-03-02,2016,3,2,2,0,18,23,27,30,36,37,14,171,28.5,18,37,19,3,3,1
643,2016-03-05,2016,3,5,5,1,3,15,21,35,38,48,43,160,26.67,3,48,45,4,2,0
644,2016-03-09,2016,3,9,2,0,9,29,35,41,45,48,25,207,34.5,9,48,39,5,1,0
645,2016-03-12,2016,3,12,5,1,4,15,22,26,30,39,6,136,22.67,4,39,35,2,4,1
646,2016-03-16,2016,3,16,2,0,15,30,32,37,46,47,40,207,34.5,15,47,32,3,3,1
647,2016-03-19,2016,3,19,5,1,5,9,31,40,42,48,17,175,29.17,5,48,43,3,3,0
648,2016-03-23,2016,3,23,2,0,10,17,20,24,46,48,9,165,27.5,10,48,38,1,5,0
649,2016-03-26,2016,3,26,5,1,1,17,23,27,31,41,9,140,23.33,1,41,40,6,0,0
650,2016-03-30,2016,3,30,2,0,5,10,22,34,38,39,32,148,24.67,5,39,34,2,4,1
651,2016-04-02,2016,4,2,5,1,1,6,16,28,39,42,43,132,22.0,1,42,41,2,4,0
652,2016-04-06,2016,4,6,2,0,11,12,16,20,21,47,6,127,21.17,11,47,36,3,3,1
653,2016-04-09,2016,4,9,5,1,13,17,25,27,30,31,4,143,23.83,13,31,18,5,1,1
654,2016-04-13,2016,4,13,2,0,2,7,11,18,20,38,40,96,16.0,2,38,36,2,4,1
655,2016-04-16,2016,4,16,5,1,7,17,18,23,31,34,44,130,21.67,7,34,27,4,2,1
656,2016-04-20,2016,4,20,2,0,2,4,6,13,17,23,38,65,10.83,2,23,21,3,3,1
657,2016-04-23,2016,4,23,5,1,1,8,18,26,31,33,32,117,19.5,1,33,32,3,3,1
658,2016-04-27,2016,4,27,2,0,1,3,8,14,26,39,16,91,15.17,1,39,38,3,3,1
659,2016-04-30,2016,4,30,5,1,12,19,28,40,41,45,14,185,30.83,12,45,33,3,3,1
660,2016-05-04,2016,5,4,2,0,18,21,23,24,32,35,41,153,25.5,18,35,17,3,3,0
661,2016-05-07,2016,5,7,5,1,2,3,19,30,36,45,12,135,22.5,2,45,43,3,3,1
662,2016-05-11,2016,5,11,2,0,8,10,14,40,41,44,47,157,26.17,8,44,36,1,5,0
663,2016-05-14,2016,5,14,5,1,6,13,34,38,44,48,31,183,30.5,6,48,42,1,5,0
664,2016-05-18,2016,5,18,2,0,4,13,32,33,38,49,43,169,28.17,4,49,45,3,3,0
665,2016-05-21,2016,5,21,5,1,1,10,14,30,41,44,46,140,23.33,1,44,43,2,4,1
666,2016-05-25,2016,5,25,2,0,4,12,13,20,44,48,43,141,23.5,4,48,44,1,5,0
667,2016-05-28,2016,5,28,5,1,1,5,20,23,47,49,41,145,24.17,1,49,48,5,1,0
668,2016-06-01,2016,6,1,2,0,14,24,31,40,42,47,15,198,33.0,14,47,33,2,4,0
669,2016-06-04,2016,6,4,5,1,1,11,17,26,27,42,16,124,20.67,1,42,41,4,2,1
670,2016-06-08,2016,6,8,2,0,1,4,25,27,45,48,19,150,25.0,1,48,47,4,2,0
671,2016-06-11,2016,6,11,5,1,6,7,8,12,27,30,39,90,15.0,6,30,24,2,4,0
672,2016-06-15,2016,6,15,2,0,6,23,26,29,32,47,19,163,27.17,6,47,41,3,3,0
673,2016-06-18,2016,6,18,5,1,3,6,15,28,35,49,12,136,22.67,3,49,46,4,2,1
674,2016-06-22,2016,6,22,2,0,7,17,19,35,36,42,32,156,26.0,7,42,35,4,2,1
675,2016-06-25,2016,6,25,5,1,4,15,20,28,44,46,26,157,26.17,4,46,42,1,5,1
676,2016-06-29,2016,6,29,2,0,9,13,25,36,46,47,42,176,29.33,9,47,38,4,2,1
677,2016-07-02,2016,7,2,5,1,3,4,23,24,33,40,37,127,21.17,3,40,37,3,3,0
678,2016-07-06,2016,7,6,2,0,3,11,14,16,21,22,5,87,14.5,3,22,19,3,3,0
679,2016-07-09,2016,7,9,5,1,12,15,16,21,34,40,23,138,23.0,12,40,28,2,4,0
680,2016-07-13,2016,7,13,2,0,4,11,32,39,45,47,25,178,29.67,4,47,43,4,2,0
681,2016-07-16,2016,7,16,5,1,4,7,31,34,37,48,22,161,26.83,4,48,44,3,3,1
682,2016-07-20,2016,7,20,2,0,13,24,27,36,48,49,17,197,32.83,13,49,36,3,3,0
683,2016-07-23,2016,7,23,5,1,5,16,24,36,38,41,4,160,26.67,5,41,36,2,4,1
684,2016-07-27,2016,7,27,2,0,2,19,22,28,40,45,1,156,26.0,2,45,43,2,4,0
685,2016-07-30,2016,7,30,5,1,28,29,30,34,43,49,40,213,35.5,28,49,21,3,3,1
686,2016-08-03,2016,8,3,2,0,7,8,11,20,43,44,28,133,22.17,7,44,37,3,3,1
687,2016-08-06,2016,8,6,5,1,1,8,11,14,40,48,16,122,20.33,1,48,47,2,4,1
688,2016-08-10,2016,8,10,2,0,3,30,35,37,41,45,24,191,31.83,3,45,42,5,1,1
689,2016-08-13,2016,8,13,5,1,4,9,14,17,20,24,12,88,14.67,4,24,20,2,4,1
690,2016-08-17,2016,8,17,2,0,5,16,22,23,29,43,10,138,23.0,5,43,38,4,2,1
691,2016-08-20,2016,8,20,5,1,15,24,34,43,46,48,39,210,35.0,15,48,33,2,4,0
692,2016-08-24,2016,8,24,2,0,2,7,9,13,29,40,45,100,16.67,2,40,38,4,2,0
693,2016-08-27,2016,8,27,5,1,7,11,20,22,25,27,10,112,18.67,7,27,20,4,2,1
694,2016-08-31,2016,8,31,2,0,1,16,19,27,38,43,31,144,24.0,1,43,42,4,2,0
695,2016-09-03,2016,9,3,5,1,8,10,15,22,29,42,16,126,21.0,8,42,34,2,4,1
696,2016-09-07,2016,9,7,2,0,6,9,24,43,44,49,46,175,29.17,6,49,43,3,3,1
697,2016-09-10,2016,9,10,5,1,2,7,10,26,38,48,17,131,21.83,2,48,46,1,5,0
698,2016-09-14,2016,9,14,2,0,8,16,18,24,45,47,22,158,26.33,8,47,39,2,4,1
699,2016-09-17,2016,9,17,5,1,2,8,11,12,16,25,6,74,12.33,2,25,23,2,4,1
700,2016-09-21,2016,9,21,2,0,22,23,28,37,46,48,11,204,34.0,22,48,26,2,4,0
701,2016-09-24,2016,9,24,5,1,8,10,17,20,33,35,49,123,20.5,8,35,27,3,3,0
702,2016-09-28,2016,9,28,2,0,9,16,23,30,31,45,19,154,25.67,9,45,36,4,2,0
703,2016-10-01,2016,10,1,5,1,3,4,26,32,37,39,35,141,23.5,3,39,36,3,3,0
704,2016-10-05,2016,10,5,2,0,7,15,17,25,31,40,47,135,22.5,7,40,33,5,1,0
705,2016-10-08,2016,10,8,5,1,1,14,38,39,40,48,45,180,30.0,1,48,47,2,4,0
706,2016-10-12,2016,10,12,2,0,5,14,18,32,36,48,23,153,25.5,5,48,43,1,5,0
707,2016-10-15,2016,10,15,5,1,8,17,22,23,34,49,37,153,25.5,8,49,41,3,3,0
708,2016-10-19,2016,10,19,2,0,1,23,26,39,41,45,34,175,29.17,1,45,44,5,1,1
709,2016-10-22,2016,10,22,5,1,1,5,27,29,34,42,14,138,23.0,1,42,41,4,2,1
710,2016-10-26,2016,10,26,2,0,23,27,29,32,43,49,9,203,33.83,23,49,26,5,1,0
711,2016-10-29,2016,10,29,5,1,11,17,33,40,41,47,18,189,31.5,11,47,36,5,1,1
712,2016-11-02,2016,11,2,2,0,4,19,23,26,38,41,48,151,25.17,4,41,37,3,3,1
713,2016-11-05,2016,11,5,5,1,11,29,30,36,37,38,10,181,30.17,11,38,27,3,3,1
714,2016-11-09,2016,11,9,2,0,6,10,11,38,39,43,1,147,24.5,6,43,37,3,3,0
715,2016-11-12,2016,11,12,5,1,4,9,18,35,40,44,48,150,25.0,4,44,40,2,4,1
716,2016-11-16,2016,11,16,2,0,8,11,24,25,36,46,47,150,25.0,8,46,38,2,4,0
717,2016-11-19,2016,11,19,5,1,7,13,20,25,32,43,14,140,23.33,7,43,36,4,2,1
718,2016-11-23,2016,11,23,2,0,1,5,38,39,40,41,12,164,27.33,1,41,40,4,2,1
719,2016-11-26,2016,11,26,5,1,7,9,22,24,43,48,23,153,25.5,7,48,41,3,3,0
720,2016-11-30,2016,11,30,2,0,3,5,7,10,23,32,38,80,13.33,3,32,29,4,2,1
721,2016-12-03,2016,12,3,5,1,2,18,21,27,39,46,41,153,25.5,2,46,44,3,3,0
722,2016-12-07,2016,12,7,2,0,1,13,23,29,31,39,14,136,22.67,1,39,38,6,0,1
723,2016-12-10,2016,12,10,5,1,3,12,15,34,43,46,32,153,25.5,3,46,43,3,3,1
724,2016-12-14,2016,12,14,2,0,8,9,20,21,27,39,32,124,20.67,8,39,31,4,2,1
725,2016-12-17,2016,12,17,5,1,12,22,34,38,40,47,9,193,32.17,12,47,35,1,5,0
726,2016-12-21,2016,12,21,2,0,11,29,33,34,36,40,16,183,30.5,11,40,29,3,3,1
727,2016-12-24,2016,12,24,5,1,11,14,23,30,32,33,39,143,23.83,11,33,22,3,3,0
728,2016-12-28,2016,12,28,2,0,4,27,39,43,45,49,47,207,34.5,4,49,45,5,1,0
729,2016-12-31,2016,12,31,5,1,9,13,21,24,48,49,36,164,27.33,9,49,40,4,2,1
730,2017-01-04,2017,1,4,2,0,5,6,20,29,41,43,15,144,24.0,5,43,38,4,2,0
731,2017-01-07,2017,1,7,5,1,14,27,28,30,33,49,12,181,30.17,14,49,35,3,3,1
732,2017-01-11,2017,1,11,2,0,6,10,30,36,46,47,31,175,29.17,6,47,41,1,5,0
733,2017-01-14,2017,1,14,5,1,3,14,16,26,30,35,7,124,20.67,3,35,32,2,4,0
734,2017-01-18,2017,1,18,2,0,4,12,23,27,28,32,33,126,21.0,4,32,28,2,4,0
735,2017-01-21,2017,1,21,5,1,9,19,31,35,36,41,13,171,28.5,9,41,32,5,1,0
736,2017-01-25,2017,1,25,2,0,1,2,16,17,19,34,45,89,14.83,1,34,33,3,3,0
737,2017-01-28,2017,1,28,5,1,10,13,14,18,30,31,49,116,19.33,10,31,21,2,4,0
738,2017-02-01,2017,2,1,2,0,9,14,24,34,48,49,42,178,29.67,9,49,40,2,4,1
739,2017-02-04,2017,2,4,5,1,7,13,19,38,39,41,27,157,26.17,7,41,34,5,1,0
740,2017-02-08,2017,2,8,2,0,5,23,24,28,32,48,46,160,26.67,5,48,43,2,4,1
741,2017-02-11,2017,2,11,5,1,12,16,22,29,31,37,9,147,24.5,12,37,25,3,3,0
742,2017-02-15,2017,2,15,2,0,2,5,15,19,47,48,30,136,22.67,2,48,46,4,2,1
743,2017-02-18,2017,2,18,5,1,8,14,19,31,34,36,6,142,23.67,8,36,28,2,4,1
744,2017-02-22,2017,2,22,2,0,7,12,16,39,46,48,14,168,28.0,7,48,41,2,4,1
745,2017-02-25,2017,2,25,5,1,7,23,27,34,40,45,26,176,29.33,7,45,38,4,2,1
746,2017-03-01,2017,3,1,2,0,4,34,40,41,43,44,6,206,34.33,4,44,40,2,4,1
747,2017-03-04,2017,3,4,5,1,7,9,12,31,38,41,25,138,23.0,7,41,34,4,2,0
748,2017-03-08,2017,3,8,2,0,11,17,19,20,38,44,35,149,24.83,11,44,33,3,3,0
749,2017-03-11,2017,3,11,5,1,9,18,24,27,34,46,1,158,26.33,9,46,37,2,4,0
750,2017-03-15,2017,3,15,2,0,1,13,14,25,31,36,37,120,20.0,1,36,35,4,2,0
751,2017-03-18,2017,3,18,5,1,2,5,7,13,20,49,21,96,16.0,2,49,47,4,2,0
752,2017-03-22,2017,3,22,2,0,5,7,17,22,25,35,49,111,18.5,5,35,30,5,1,0
753,2017-03-25,2017,3,25,5,1,1,5,9,19,24,25,17,83,13.83,1,25,24,5,1,0
754,2017-03-29,2017,3,29,2,0,11,13,18,28,29,31,40,130,21.67,11,31,20,4,2,1
755,2017-04-01,2017,4,1,5,1,3,23,24,31,35,47,2,163,27.17,3,47,44,5,1,1
756,2017-04-05,2017,4,5,2,0,6,8,11,26,35,43,27,129,21.5,6,43,37,3,3,0
757,2017-04-08,2017,4,8,5,1,8,9,22,27,34,44,1,144,24.0,8,44,36,2,4,0
758,2017-04-12,2017,4,12,2,0,6,15,18,20,26,43,37,128,21.33,6,43,37,2,4,0
759,2017-04-15,2017,4,15,5,1,14,23,27,35,38,49,21,186,31.0,14,49,35,4,2,0
760,2017-04-19,2017,4,19,2,0,13,20,26,35,39,48,22,181,30.17,13,48,35,3,3,1
761,2017-04-22,2017,4,22,5,1,3,18,23,26,38,47,22,155,25.83,3,47,44,3,3,1
762,2017-04-26,2017,4,26,2,0,2,9,13,35,47,48,31,154,25.67,2,48,46,4,2,0
763,2017-04-29,2017,4,29,5,1,1,7,22,29,43,47,45,149,24.83,1,47,46,5,1,0
764,2017-05-03,2017,5,3,2,0,9,11,16,24,30,37,49,127,21.17,9,37,28,3,3,0
765,2017-05-06,2017,5,6,5,1,2,4,9,30,32,48,35,125,20.83,2,48,46,1,5,0
766,2017-05-10,2017,5,10,2,0,5,19,26,41,43,44,33,178,29.67,5,44,39,4,2,0
767,2017-05-13,2017,5,13,5,1,8,9,10,22,26,32,17,107,17.83,8,32,24,1,5,0
768,2017-05-17,2017,5,17,2,0,12,25,27,28,32,41,36,165,27.5,12,41,29,3,3,1
769,2017-05-20,2017,5,20,5,1,1,2,12,23,30,41,34,109,18.17,1,41,40,3,3,1
770,2017-05-24,2017,5,24,2,0,1,9,14,16,30,40,39,110,18.33,1,40,39,2,4,0
771,2017-05-27,2017,5,27,5,1,6,10,11,21,39,47,17,134,22.33,6,47,41,4,2,0
772,2017-05-31,2017,5,31,2,0,14,30,34,39,44,48,35,209,34.83,14,48,34,1,5,0
773,2017-06-03,2017,6,3,5,1,6,23,26,33,46,47,22,181,30.17,6,47,41,3,3,1
774,2017-06-07,2017,6,7,2,0,1,3,13,28,32,45,10,122,20.33,1,45,44,4,2,1
775,2017-06-10,2017,6,10,5,1,4,11,12,27,42,47,28,143,23.83,4,47,43,3,3,1
776,2017-06-14,2017,6,14,2,0,11,12,14,19,33,42,27,131,21.83,11,42,31,3,3,0
777,2017-06-17,2017,6,17,5,1,7,15,22,31,34,36,38,145,24.17,7,36,29,3,3,1
778,2017-06-21,2017,6,21,2,0,5,8,9,18,24,44,30,108,18.0,5,44,39,2,4,1
779,2017-06-24,2017,6,24,5,1,15,18,26,31,37,42,49,169,28.17,15,42,27,3,3,0
780,2017-06-28,2017,6,28,2,0,15,20,25,29,30,47,38,166,27.67,15,47,32,4,2,1
781,2017-07-01,2017,7,1,5,1,6,12,16,19,25,26,48,104,17.33,6,26,20,2,4,1
782,2017-07-05,2017,7,5,2,0,16,29,30,32,37,44,10,188,31.33,16,44,28,2,4,1
783,2017-07-08,2017,7,8,5,1,5,33,36,38,40,45,27,197,32.83,5,45,40,3,3,0
784,2017-07-12,2017,7,12,2,0,1,24,31,33,35,40,4,164,27.33,1,40,39,4,2,1
785,2017-07-15,2017,7,15,5,1,13,17,26,30,46,48,34,180,30.0,13,48,35,2,4,1
786,2017-07-19,2017,7,19,2,0,2,5,8,9,16,38,26,78,13.0,2,38,36,2,4,1
787,2017-07-22,2017,7,22,5,1,11,13,27,30,31,45,46,157,26.17,11,45,34,5,1,1
788,2017-07-26,2017,7,26,2,0,9,10,23,24,38,49,5,153,25.5,9,49,40,3,3,0
789,2017-07-29,2017,7,29,5,1,16,19,25,26,35,49,48,170,28.33,16,49,33,4,2,1
790,2017-08-02,2017,8,2,2,0,8,12,29,31,39,49,17,168,28.0,8,49,41,4,2,0
791,2017-08-05,2017,8,5,5,1,6,7,31,33,39,45,14,161,26.83,6,45,39,5,1,1
792,2017-08-09,2017,8,9,2,0,1,10,20,27,32,46,8,136,22.67,1,46,45,2,4,1
793,2017-08-12,2017,8,12,5,1,24,34,38,40,41,46,9,223,37.17,24,46,22,1,5,0
794,2017-08-16,2017,8,16,2,0,22,28,31,39,49,50,21,219,36.5,22,50,28,3,3,0
795,2017-08-19,2017,8,19,5,1,13,23,33,42,47,51,52,209,34.83,13,51,38,5,1,1
796,2017-08-23,2017,8,23,2,0,1,6,7,26,27,40,10,107,17.83,1,40,39,3,3,1
797,2017-08-26,2017,8,26,5,1,1,25,28,34,36,49,14,173,28.83,1,49,48,3,3,1
798,2017-08-30,2017,8,30,2,0,10,32,33,35,39,42,31,191,31.83,10,42,32,3,3,0
799,2017-09-02,2017,9,2,5,1,1,3,4,21,25,30,41,84,14.0,1,30,29,4,2,0
800,2017-09-06,2017,9,6,2,0,1,7,24,29,44,51,23,156,26.0,1,51,50,4,2,0
801,2017-09-09,2017,9,9,5,1,9,16,27,35,37,51,40,175,29.17,9,51,42,5,1,1
802,2017-09-13,2017,9,13,2,0,4,10,19,21,31,49,35,134,22.33,4,49,45,4,2,0
803,2017-09-16,2017,9,16,5,1,2,7,10,33,37,44,11,133,22.17,2,44,42,3,3,0
804,2017-09-20,2017,9,20,2,0,3,7,22,24,34,37,44,127,21.17,3,37,34,3,3,1
805,2017-09-23,2017,9,23,5,1,2,19,31,33,43,52,22,180,30.0,2,52,50,4,2,1
806,2017-09-27,2017,9,27,2,0,8,10,11,16,35,44,52,124,20.67,8,44,36,2,4,1
807,2017-09-30,2017,9,30,5,1,7,11,19,24,25,51,26,137,22.83,7,51,44,5,1,1
808,2017-10-04,2017,10,4,2,0,1,25,27,33,35,38,12,159,26.5,1,38,37,5,1,1
809,2017-10-07,2017,10,7,5,1,18,22,29,32,43,50,25,194,32.33,18,50,32,2,4,0
810,2017-10-11,2017,10,11,2,0,5,15,24,28,42,49,41,163,27.17,5,49,44,3,3,0
811,2017-10-14,2017,10,14,5,1,1,5,21,22,33,44,16,126,21.0,1,44,43,4,2,1
812,2017-10-18,2017,10,18,2,0,9,23,25,38,43,45,18,183,30.5,9,45,36,5,1,1
813,2017-10-21,2017,10,21,5,1,20,23,27,36,37,44,24,187,31.17,20,44,24,3,3,1
814,2017-10-25,2017,10,25,2,0,5,14,18,32,39,52,17,160,26.67,5,52,47,2,4,0
815,2017-10-28,2017,10,28,5,1,1,6,19,38,45,46,50,155,25.83,1,46,45,3,3,1
816,2017-11-01,2017,11,1,2,0,3,12,28,42,43,47,23,175,29.17,3,47,44,3,3,0
817,2017-11-04,2017,11,4,5,1,5,11,25,32,38,49,41,160,26.67,5,49,44,4,2,0
818,2017-11-08,2017,11,8,2,0,1,24,38,39,47,51,31,200,33.33,1,51,50,4,2,0
819,2017-11-11,2017,11,11,5,1,3,21,28,30,46,51,42,179,29.83,3,51,48,3,3,1
820,2017-11-15,2017,11,15,2,0,2,22,36,37,42,49,16,188,31.33,2,49,47,2,4,1
821,2017-11-18,2017,11,18,5,1,3,36,38,39,43,52,47,211,35.17,3,52,49,3,3,0
822,2017-11-22,2017,11,22,2,0,3,16,25,26,29,48,45,147,24.5,3,48,45,3,3,0
823,2017-11-25,2017,11,25,5,1,2,7,25,35,44,51,29,164,27.33,2,51,49,4,2,0
824,2017-11-29,2017,11,29,2,0,20,26,32,34,39,41,10,192,32.0,20,41,21,2,4,1
825,2017-12-02,2017,12,2,5,1,13,24,25,43,50,51,28,206,34.33,13,51,38,4,2,1
826,2017-12-06,2017,12,6,2,0,5,7,17,18,24,49,39,120,20.0,5,49,44,4,2,0
827,2017-12-09,2017,12,9,5,1,18,23,26,34,38,41,7,180,30.0,18,41,23,2,4,0
828,2017-12-13,2017,12,13,2,0,8,12,25,32,35,47,52,159,26.5,8,47,39,3,3,1
829,2017-12-16,2017,12,16,5,1,2,11,17,18,22,42,23,112,18.67,2,42,40,2,4,0
830,2017-12-20,2017,12,20,2,0,10,14,16,27,29,52,4,148,24.67,10,52,42,2,4,1
831,2017-12-23,2017,12,23,5,1,6,8,19,24,39,41,12,137,22.83,6,41,35,3,3,1
832,2017-12-27,2017,12,27,2,0,3,10,20,42,48,49,31,172,28.67,3,49,46,2,4,0
833,2017-12-30,2017,12,30,5,1,2,23,28,33,34,46,3,166,27.67,2,46,44,2,4,0
834,2018-01-03,2018,1,3,2,0,3,24,31,35,37,43,39,173,28.83,3,43,40,5,1,0
835,2018-01-06,2018,1,6,5,1,31,33,34,39,43,44,38,224,37.33,31,44,13,4,2,1
836,2018-01-10,2018,1,10,2,0,23,31,41,45,47,49,19,236,39.33,23,49,26,6,0,0
837,2018-01-13,2018,1,13,5,1,10,27,29,46,48,50,32,210,35.0,10,50,40,2,4,1
838,2018-01-17,2018,1,17,2,0,12,18,24,28,30,41,47,153,25.5,12,41,29,1,5,0
839,2018-01-20,2018,1,20,5,1,5,27,28,35,50,52,39,197,32.83,5,52,47,3,3,0
840,2018-01-24,2018,1,24,2,0,3,18,19,24,32,40,25,136,22.67,3,40,37,2,4,0
841,2018-01-27,2018,1,27,5,1,6,7,15,21,24,48,16,121,20.17,6,48,42,3,3,1
842,2018-01-31,2018,1,31,2,0,18,19,26,34,40,42,1,179,29.83,18,42,24,1,5,0
843,2018-02-03,2018,2,3,5,1,6,7,16,21,44,50,28,144,24.0,6,50,44,2,4,1
844,2018-02-07,2018,2,7,2,0,6,19,47,49,50,52,16,223,37.17,6,52,46,3,3,1
845,2018-02-10,2018,2,10,5,1,1,16,17,18,41,52,38,145,24.17,1,52,51,3,3,1
846,2018-02-14,2018,2,14,2,0,2,18,28,40,45,46,22,179,29.83,2,46,44,1,5,1
847,2018-02-17,2018,2,17,5,1,9,21,27,32,33,38,11,160,26.67,9,38,29,4,2,0
848,2018-02-21,2018,2,21,2,0,1,14,17,26,36,49,32,143,23.83,1,49,48,3,3,1
849,2018-02-24,2018,2,24,5,1,6,11,12,15,29,31,8,104,17.33,6,31,25,4,2,1
850,2018-02-28,2018,2,28,2,0,5,9,28,30,39,51,47,162,27.0,5,51,46,4,2,0
851,2018-03-03,2018,3,3,5,1,8,19,22,36,40,42,30,167,27.83,8,42,34,1,5,1
852,2018-03-07,2018,3,7,2,0,17,24,30,32,38,52,37,193,32.17,17,52,35,1,5,0
853,2018-03-10,2018,3,10,5,1,2,3,5,11,17,23,31,61,10.17,2,23,21,5,1,0
854,2018-03-14,2018,3,14,2,0,5,8,14,23,41,47,34,138,23.0,5,47,42,4,2,1
855,2018-03-17,2018,3,17,5,1,6,21,26,40,42,44,49,179,29.83,6,44,38,1,5,0
856,2018-03-21,2018,3,21,2,0,1,11,19,32,49,50,22,162,27.0,1,50,49,4,2,1
857,2018-03-24,2018,3,24,5,1,1,3,12,24,31,49,52,120,20.0,1,49,48,4,2,1
858,2018-03-28,2018,3,28,2,0,1,6,17,18,22,26,30,90,15.0,1,26,25,2,4,1
859,2018-03-31,2018,3,31,5,1,18,21,23,31,35,49,42,177,29.5,18,49,31,5,1,1
860,2018-04-04,2018,4,4,2,0,17,28,30,36,50,52,31,213,35.5,17,52,35,1,5,0
861,2018-04-07,2018,4,7,5,1,3,10,11,13,28,35,16,100,16.67,3,35,32,4,2,1
862,2018-04-11,2018,4,11,2,0,2,10,24,33,35,46,5,150,25.0,2,46,44,2,4,0
863,2018-04-14,2018,4,14,5,1,18,26,31,36,40,46,22,197,32.83,18,46,28,1,5,1
864,2018-04-18,2018,4,18,2,0,10,12,13,32,39,50,42,156,26.0,10,50,40,2,4,1
865,2018-04-21,2018,4,21,5,1,13,15,21,26,35,49,23,159,26.5,13,49,36,5,1,0
866,2018-04-25,2018,4,25,2,0,7,13,37,43,44,51,10,195,32.5,7,51,44,5,1,1
867,2018-04-28,2018,4,28,5,1,5,12,13,14,25,28,4,97,16.17,5,28,23,3,3,1
868,2018-05-02,2018,5,2,2,0,5,15,22,36,47,49,52,174,29.0,5,49,44,4,2,1
869,2018-05-05,2018,5,5,5,1,11,19,35,45,49,50,6,209,34.83,11,50,39,5,1,1
870,2018-05-09,2018,5,9,2,0,5,10,11,12,36,48,14,122,20.33,5,48,43,2,4,1
871,2018-05-12,2018,5,12,5,1,6,19,26,28,38,39,17,156,26.0,6,39,33,2,4,0
872,2018-05-16,2018,5,16,2,0,1,2,22,31,36,48,45,140,23.33,1,48,47,2,4,0
873,2018-05-19,2018,5,19,5,1,9,35,38,40,46,48,30,216,36.0,9,48,39,2,4,1
874,2018-05-23,2018,5,23,2,0,5,11,23,24,31,49,25,143,23.83,5,49,44,5,1,0
875,2018-05-26,2018,5,26,5,1,8,13,14,16,28,45,36,124,20.67,8,45,37,2,4,1
876,2018-05-30,2018,5,30,2,0,3,6,7,14,30,46,5,106,17.67,3,46,43,2,4,0
877,2018-06-02,2018,6,2,5,1,8,12,14,16,29,47,19,126,21.0,8,47,39,2,4,0
878,2018-06-06,2018,6,6,2,0,2,6,10,15,27,48,43,108,18.0,2,48,46,2,4,0
879,2018-06-09,2018,6,9,5,1,25,27,30,48,50,52,6,232,38.67,25,52,27,2,4,1
880,2018-06-13,2018,6,13,2,0,19,35,36,42,45,47,2,224,37.33,19,47,28,4,2,1
881,2018-06-16,2018,6,16,5,1,17,22,44,45,46,48,31,222,37.0,17,48,31,2,4,0
882,2018-06-20,2018,6,20,2,0,4,14,22,27,30,46,7,143,23.83,4,46,42,1,5,0
883,2018-06-23,2018,6,23,5,1,1,10,13,35,41,42,15,142,23.67,1,42,41,4,2,0
884,2018-06-27,2018,6,27,2,0,2,4,6,37,39,40,52,128,21.33,2,40,38,2,4,1
885,2018-06-30,2018,6,30,5,1,12,17,29,42,43,44,16,187,31.17,12,44,32,3,3,1
886,2018-07-04,2018,7,4,2,0,1,6,7,17,31,36,50,98,16.33,1,36,35,4,2,1
887,2018-07-07,2018,7,7,5,1,6,16,27,28,34,42,43,153,25.5,6,42,36,1,5,0
888,2018-07-11,2018,7,11,2,0,5,6,17,30,37,40,39,135,22.5,5,40,35,3,3,0
889,2018-07-14,2018,7,14,5,1,4,8,13,18,30,42,5,115,19.17,4,42,38,1,5,0
890,2018-07-18,2018,7,18,2,0,8,12,17,21,26,46,11,130,21.67,8,46,38,2,4,0
891,2018-07-21,2018,7,21,5,1,5,13,14,16,17,19,3,84,14.0,5,19,14,4,2,0
892,2018-07-25,2018,7,25,2,0,2,6,18,23,27,48,43,124,20.67,2,48,46,2,4,0
893,2018-07-28,2018,7,28,5,1,23,27,29,33,45,46,4,203,33.83,23,46,23,5,1,1
894,2018-08-01,2018,8,1,2,0,2,8,18,24,27,49,10,128,21.33,2,49,47,2,4,1
895,2018-08-04,2018,8,4,5,1,2,14,21,28,36,42,47,143,23.83,2,42,40,1,5,0
896,2018-08-08,2018,8,8,2,0,11,13,14,20,41,48,34,147,24.5,11,48,37,3,3,1
897,2018-08-11,2018,8,11,5,1,17,24,25,36,37,51,29,190,31.67,17,51,34,4,2,0
898,2018-08-15,2018,8,15,2,0,5,13,16,25,36,50,33,145,24.17,5,50,45,3,3,0
899,2018-08-18,2018,8,18,5,1,1,18,29,31,35,36,46,150,25.0,1,36,35,4,2,1
900,2018-08-22,2018,8,22,2,0,2,3,21,23,41,46,9,136,22.67,2,46,44,4,2,0
901,2018-08-25,2018,8,25,5,1,9,10,14,18,20,23,11,94,15.67,9,23,14,2,4,0
902,2018-08-29,2018,8,29,2,0,2,10,14,28,29,46,41,129,21.5,2,46,44,1,5,0
903,2018-09-01,2018,9,1,5,1,1,11,14,25,26,29,20,106,17.67,1,29,28,4,2,1
904,2018-09-05,2018,9,5,2,0,1,7,15,22,29,31,6,105,17.5,1,31,30,5,1,1
905,2018-09-08,2018,9,8,5,1,6,14,25,40,43,52,16,180,30.0,6,52,46,2,4,1
906,2018-09-12,2018,9,12,2,0,4,9,13,18,33,39,29,116,19.33,4,39,35,4,2,0
907,2018-09-15,2018,9,15,5,1,4,9,16,26,41,43,14,139,23.17,4,43,39,3,3,1
908,2018-09-19,2018,9,19,2,0,7,14,19,21,29,39,26,129,21.5,7,39,32,5,1,1
909,2018-09-22,2018,9,22,5,1,4,30,36,43,44,52,38,209,34.83,4,52,48,1,5,1
910,2018-09-26,2018,9,26,2,0,1,3,29,37,40,41,25,151,25.17,1,41,40,5,1,0
911,2018-09-29,2018,9,29,5,1,20,23,26,41,42,51,16,203,33.83,20,51,31,3,3,1
912,2018-10-03,2018,10,3,2,0,3,35,37,43,44,49,1,211,35.17,3,49,46,5,1,0
913,2018-10-06,2018,10,6,5,1,3,19,27,40,41,44,31,174,29.0,3,44,41,4,2,0
914,2018-10-10,2018,10,10,2,0,14,22,32,47,49,51,46,215,35.83,14,51,37,3,3,1
915,2018-10-13,2018,10,13,5,1,15,22,23,29,47,49,37,185,30.83,15,49,34,5,1,0
916,2018-10-17,2018,10,17,2,0,11,17,38,40,44,48,29,198,33.0,11,48,37,2,4,0
917,2018-10-20,2018,10,20,5,1,8,9,18,39,45,47,36,166,27.67,8,47,39,4,2,1
918,2018-10-24,2018,10,24,2,0,2,18,20,22,32,34,46,128,21.33,2,34,32,0,6,1
919,2018-10-27,2018,10,27,5,1,9,13,16,33,41,44,11,156,26.0,9,44,35,4,2,0
920,2018-10-31,2018,10,31,2,0,6,17,18,23,33,47,16,144,24.0,6,47,41,4,2,1
921,2018-11-03,2018,11,3,5,1,11,33,37,41,45,49,26,216,36.0,11,49,38,6,0,1
922,2018-11-07,2018,11,7,2,0,2,8,29,35,42,47,18,163,27.17,2,47,45,3,3,1
923,2018-11-10,2018,11,10,5,1,5,8,9,33,41,42,20,138,23.0,5,42,37,4,2,1
924,2018-11-14,2018,11,14,2,0,12,18,26,27,32,36,33,151,25.17,12,36,24,1,5,0
925,2018-11-17,2018,11,17,5,1,6,14,18,28,33,44,32,143,23.83,6,44,38,1,5,1
926,2018-11-21,2018,11,21,2,0,10,22,27,36,46,52,39,193,32.17,10,52,42,1,5,0
927,2018-11-24,2018,11,24,5,1,6,11,22,27,34,51,19,151,25.17,6,51,45,3,3,0
928,2018-11-28,2018,11,28,2,0,2,4,20,38,40,45,24,149,24.83,2,45,43,1,5,1
929,2018-12-01,2018,12,1,5,1,1,16,19,29,45,49,10,159,26.5,1,49,48,5,1,1
930,2018-12-05,2018,12,5,2,0,2,8,11,25,26,28,44,100,16.67,2,28,26,2,4,1
931,2018-12-08,2018,12,8,5,1,3,7,12,21,27,29,39,99,16.5,3,29,26,5,1,0
932,2018-12-12,2018,12,12,2,0,6,24,34,37,38,50,40,189,31.5,6,50,44,1,5,1
933,2018-12-15,2018,12,15,5,1,16,17,32,43,50,51,23,209,34.83,16,51,35,3,3,0
934,2018-12-19,2018,12,19,2,0,14,19,33,38,45,52,51,201,33.5,14,52,38,3,3,0
935,2018-12-22,2018,12,22,5,1,2,19,24,39,45,51,40,180,30.0,2,51,49,4,2,1
936,2018-12-26,2018,12,26,2,0,1,6,12,15,20,29,26,83,13.83,1,29,28,3,3,1
937,2018-12-29,2018,12,29,5,1,7,9,15,50,51,52,33,184,30.67,7,52,45,4,2,0
938,2019-01-02,2019,1,2,2,0,4,8,12,14,27,40,24,105,17.5,4,40,36,1,5,1
939,2019-01-05,2019,1,5,5,1,5,14,25,27,35,39,1,145,24.17,5,39,34,5,1,0
940,2019-01-09,2019,1,9,2,0,3,8,15,26,32,43,46,127,21.17,3,43,40,3,3,1
941,2019-01-12,2019,1,12,5,1,4,11,16,18,21,46,12,116,19.33,4,46,42,2,4,1
942,2019-01-16,2019,1,16,2,0,19,33,44,48,49,52,9,245,40.83,19,52,33,3,3,0
943,2019-01-19,2019,1,19,5,1,2,7,17,24,39,46,27,135,22.5,2,46,44,3,3,0
944,2019-01-23,2019,1,23,2,0,3,5,24,28,32,38,40,130,21.67,3,38,35,2,4,1
945,2019-01-26,2019,1,26,5,1,7,11,23,29,40,45,14,155,25.83,7,45,38,5,1,1
946,2019-01-30,2019,1,30,2,0,21,23,26,38,44,48,36,200,33.33,21,48,27,2,4,1
947,2019-02-02,2019,2,2,5,1,1,6,19,28,32,48,40,134,22.33,1,48,47,2,4,1
948,2019-02-06,2019,2,6,2,0,7,13,29,32,36,45,27,162,27.0,7,45,38,4,2,0
949,2019-02-09,2019,2,9,5,1,6,10,17,31,40,49,24,153,25.5,6,49,43,3,3,1
950,2019-02-13,2019,2,13,2,0,14,26,28,29,32,46,51,175,29.17,14,46,32,1,5,0
951,2019-02-16,2019,2,16,5,1,10,17,25,29,39,47,27,167,27.83,10,47,37,5,1,0
952,2019-02-20,2019,2,20,2,0,6,16,21,27,30,52,35,152,25.33,6,52,46,2,4,0
953,2019-02-23,2019,2,23,5,1,2,3,13,25,40,52,38,135,22.5,2,52,50,3,3,1
954,2019-02-27,2019,2,27,2,0,15,17,18,33,36,38,20,157,26.17,15,38,23,3,3,1
955,2019-03-02,2019,3,2,5,1,16,17,20,29,34,35,6,151,25.17,16,35,19,3,3,1
956,2019-03-06,2019,3,6,2,0,6,16,23,24,30,46,43,145,24.17,6,46,40,1,5,0
957,2019-03-09,2019,3,9,5,1,20,24,32,36,48,49,22,209,34.83,20,49,29,1,5,1
958,2019-03-13,2019,3,13,2,0,12,16,43,45,46,48,33,210,35.0,12,48,36,2,4,0
959,2019-03-16,2019,3,16,5,1,2,12,31,34,47,51,6,177,29.5,2,51,49,3,3,1
960,2019-03-20,2019,3,20,2,0,12,35,37,42,47,50,29,223,37.17,12,50,38,3,3,0
961,2019-03-23,2019,3,23,5,1,2,33,34,38,40,46,21,193,32.17,2,46,44,1,5,0
962,2019-03-27,2019,3,27,2,0,5,11,17,24,46,52,38,155,25.83,5,52,47,3,3,1
963,2019-03-30,2019,3,30,5,1,10,16,22,28,36,37,42,149,24.83,10,37,27,1,5,1
964,2019-04-03,2019,4,3,2,0,26,29,32,45,49,51,22,232,38.67,26,51,25,4,2,1
965,2019-04-06,2019,4,6,5,1,13,14,23,25,29,43,39,147,24.5,13,43,30,5,1,0
966,2019-04-10,2019,4,10,2,0,1,6,13,18,36,47,34,121,20.17,1,47,46,3,3,1
967,2019-04-13,2019,4,13,5,1,13,16,22,34,39,46,37,170,28.33,13,46,33,2,4,0
968,2019-04-17,2019,4,17,2,0,1,19,38,42,50,51,21,201,33.5,1,51,50,3,3,0
969,2019-04-20,2019,4,20,5,1,5,10,16,30,33,39,13,133,22.17,5,39,34,3,3,0
970,2019-04-24,2019,4,24,2,0,1,4,8,28,50,52,45,143,23.83,1,52,51,1,5,0
971,2019-04-27,2019,4,27,5,1,4,19,21,43,44,51,13,182,30.33,4,51,47,4,2,0
972,2019-05-01,2019,5,1,2,0,2,6,10,30,42,45,35,135,22.5,2,45,43,1,5,0
973,2019-05-04,2019,5,4,5,1,3,27,32,34,41,50,16,187,31.17,3,50,47,3,3,1
974,2019-05-08,2019,5,8,2,0,1,27,28,31,37,50,14,174,29.0,1,50,49,4,2,1
975,2019-05-11,2019,5,11,5,1,25,28,35,36,41,45,48,210,35.0,25,45,20,4,2,1
976,2019-05-15,2019,5,15,2,0,20,23,29,31,32,52,42,187,31.17,20,52,32,3,3,1
977,2019-05-18,2019,5,18,5,1,1,5,13,20,36,52,16,127,21.17,1,52,51,3,3,1
978,2019-05-22,2019,5,22,2,0,2,3,23,24,50,52,19,154,25.67,2,52,50,2,4,0
979,2019-05-25,2019,5,25,5,1,4,6,12,17,32,34,8,105,17.5,4,34,30,1,5,1
980,2019-05-29,2019,5,29,2,0,11,19,28,34,46,52,32,190,31.67,11,52,41,2,4,1
981,2019-06-01,2019,6,1,5,1,4,12,27,30,46,50,23,169,28.17,4,50,46,1,5,0
982,2019-06-05,2019,6,5,2,0,9,15,26,39,46,50,20,185,30.83,9,50,41,3,3,1
983,2019-06-08,2019,6,8,5,1,11,14,16,44,49,52,45,186,31.0,11,52,41,2,4,0
984,2019-06-12,2019,6,12,2,0,1,2,31,34,43,50,13,161,26.83,1,50,49,3,3,0
985,2019-06-15,2019,6,15,5,1,2,4,9,13,32,39,21,99,16.5,2,39,37,3,3,0
986,2019-06-19,2019,6,19,2,0,4,9,16,18,19,22,39,88,14.67,4,22,18,2,4,0
987,2019-06-22,2019,6,22,5,1,3,9,10,33,48,52,19,155,25.83,3,52,49,3,3,0
988,2019-06-26,2019,6,26,2,0,10,14,26,37,42,44,19,173,28.83,10,44,34,1,5,0
989,2019-06-29,2019,6,29,5,1,38,41,43,45,51,52,37,270,45.0,38,52,14,4,2,0
990,2019-07-03,2019,7,3,2,0,8,16,17,22,50,51,25,164,27.33,8,51,43,2,4,0
991,2019-07-06,2019,7,6,5,1,1,21,26,29,38,41,23,156,26.0,1,41,40,4,2,0
992,2019-07-10,2019,7,10,2,0,4,6,20,28,46,49,3,153,25.5,4,49,45,1,5,0
993,2019-07-13,2019,7,13,5,1,6,17,22,26,42,43,29,156,26.0,6,43,37,2,4,0
994,2019-07-17,2019,7,17,2,0,5,6,10,32,38,45,36,136,22.67,5,45,40,2,4,1
995,2019-07-20,2019,7,20,5,1,8,24,28,29,32,51,45,172,28.67,8,51,43,2,4,0
996,2019-07-24,2019,7,24,2,0,1,11,29,36,43,46,40,166,27.67,1,46,45,4,2,1
997,2019-07-27,2019,7,27,5,1,8,33,40,44,48,52,21,225,37.5,8,52,44,1,5,0
998,2019-07-31,2019,7,31,2,0,2,3,10,18,45,48,36,126,21.0,2,48,46,2,4,1
999,2019-08-03,2019,8,3,5,1,12,22,26,33,47,49,9,189,31.5,12,49,37,3,3,0
1000,2019-08-07,2019,8,7,2,0,15,19,24,27,44,52,22,181,30.17,15,52,37,3,3,1
1001,2019-08-10,2019,8,10,5,1,6,20,21,26,45,48,44,166,27.67,6,48,42,2,4,1
1002,2019-08-14,2019,8,14,2,0,10,23,28,30,33,41,35,165,27.5,10,41,31,3,3,0
1003,2019-08-17,2019,8,17,5,1,5,14,40,49,51,52,2,211,35.17,5,52,47,3,3,1
1004,2019-08-21,2019,8,21,2,0,14,19,22,29,35,36,51,155,25.83,14,36,22,3,3,0
1005,2019-08-24,2019,8,24,5,1,3,13,18,26,33,47,1,140,23.33,3,47,44,4,2,0
1006,2019-08-28,2019,8,28,2,0,6,13,14,42,43,51,20,169,28.17,6,51,45,3,3,1
1007,2019-08-31,2019,8,31,5,1,15,22,25,27,39,41,19,169,28.17,15,41,26,5,1,0
1008,2019-09-04,2019,9,4,2,0,1,14,21,40,42,44,22,162,27.0,1,44,43,2,4,1
1009,2019-09-07,2019,9,7,5,1,9,13,14,20,23,33,46,112,18.67,9,33,24,4,2,1
1010,2019-09-11,2019,9,11,2,0,5,10,32,35,36,49,26,167,27.83,5,49,44,3,3,1
1011,2019-09-14,2019,9,14,5,1,4,25,27,28,37,47,29,168,28.0,4,47,43,4,2,0
1012,2019-09-18,2019,9,18,2,0,20,21,39,49,50,52,47,231,38.5,20,52,32,3,3,0
1013,2019-09-21,2019,9,21,5,1,10,22,23,29,31,41,20,156,26.0,10,41,31,4,2,1
1014,2019-09-25,2019,9,25,2,0,1,2,5,6,10,49,20,73,12.17,1,49,48,3,3,1
1015,2019-09-28,2019,9,28,5,1,3,17,24,28,42,46,14,160,26.67,3,46,43,2,4,1
1016,2019-10-02,2019,10,2,2,0,8,16,18,35,37,40,12,154,25.67,8,40,32,2,4,1
1017,2019-10-05,2019,10,5,5,1,2,12,23,24,25,43,17,129,21.5,2,43,41,3,3,0
1018,2019-10-09,2019,10,9,2,0,3,8,27,44,49,50,7,181,30.17,3,50,47,3,3,0
1019,2019-10-12,2019,10,12,5,1,8,13,24,25,34,48,38,152,25.33,8,48,40,2,4,1
1020,2019-10-16,2019,10,16,2,0,7,8,20,21,25,33,41,114,19.0,7,33,26,4,2,0
1021,2019-10-19,2019,10,19,5,1,8,17,27,38,48,52,30,190,31.67,8,52,44,2,4,1
1022,2019-10-23,2019,10,23,2,0,9,11,15,16,20,46,40,117,19.5,9,46,37,3,3,1
1023,2019-10-26,2019,10,26,5,1,14,18,24,30,33,37,28,156,26.0,14,37,23,2,4,1
1024,2019-10-30,2019,10,30,2,0,11,19,25,35,39,51,6,180,30.0,11,51,40,6,0,1
1025,2019-11-02,2019,11,2,5,1,2,4,13,20,33,46,27,118,19.67,2,46,44,2,4,0
1026,2019-11-06,2019,11,6,2,0,15,16,19,29,47,50,21,176,29.33,15,50,35,4,2,0
1027,2019-11-09,2019,11,9,5,1,16,19,23,41,50,52,20,201,33.5,16,52,36,3,3,1
1028,2019-11-13,2019,11,13,2,0,1,17,22,26,28,34,48,128,21.33,1,34,33,2,4,1
1029,2019-11-16,2019,11,16,5,1,11,19,22,35,44,47,26,178,29.67,11,47,36,4,2,1
1030,2019-11-20,2019,11,20,2,0,1,10,22,32,40,49,8,154,25.67,1,49,48,2,4,1
1031,2019-11-23,2019,11,23,5,1,9,10,25,27,51,52,5,174,29.0,9,52,43,4,2,0
1032,2019-11-27,2019,11,27,2,0,12,14,17,20,34,37,26,134,22.33,12,37,25,2,4,1
1033,2019-11-30,2019,11,30,5,1,4,8,17,18,34,43,48,124,20.67,4,43,39,2,4,1
1034,2019-12-04,2019,12,4,2,0,3,14,25,39,48,51,28,180,30.0,3,51,48,4,2,1
1035,2019-12-07,2019,12,7,5,1,11,12,15,20,34,46,27,138,23.0,11,46,35,2,4,0
1036,2019-12-11,2019,12,11,2,0,3,6,18,28,31,50,24,136,22.67,3,50,47,2,4,1
1037,2019-12-14,2019,12,14,5,1,2,3,6,23,34,49,20,117,19.5,2,49,47,3,3,1
1038,2019-12-18,2019,12,18,2,0,10,17,24,32,40,44,5,167,27.83,10,44,34,1,5,0
1039,2019-12-21,2019,12,21,5,1,1,3,15,29,35,45,52,128,21.33,1,45,44,6,0,1
1040,2019-12-28,2019,12,28,5,1,4,8,11,16,29,42,28,110,18.33,4,42,38,2,4,1
1041,2020-01-01,2020,1,1,2,0,4,5,24,40,42,47,17,162,27.0,4,47,43,2,4,0
1042,2020-01-04,2020,1,4,5,1,8,13,14,41,43,44,19,163,27.17,8,44,36,3,3,0
1043,2020-01-08,2020,1,8,2,0,14,19,21,43,45,50,37,192,32.0,14,50,36,4,2,0
1044,2020-01-11,2020,1,11,5,1,6,16,18,33,47,51,29,171,28.5,6,51,45,3,3,0
1045,2020-01-15,2020,1,15,2,0,6,25,31,36,41,42,50,181,30.17,6,42,36,3,3,1
1046,2020-01-18,2020,1,18,5,1,2,8,18,46,48,49,9,171,28.5,2,49,47,1,5,0
1047,2020-01-22,2020,1,22,2,0,12,19,24,31,37,52,14,175,29.17,12,52,40,3,3,1
1048,2020-01-25,2020,1,25,5,1,15,17,22,29,35,49,25,167,27.83,15,49,34,5,1,0
1049,2020-01-29,2020,1,29,2,0,13,15,28,34,37,50,2,177,29.5,13,50,37,3,3,1
1050,2020-02-01,2020,2,1,5,1,1,13,16,25,42,47,15,144,24.0,1,47,46,4,2,0
1051,2020-02-05,2020,2,5,2,0,3,6,20,21,41,45,29,136,22.67,3,45,42,4,2,0
1052,2020-02-08,2020,2,8,5,1,3,28,37,41,42,51,14,202,33.67,3,51,48,4,2,1
1053,2020-02-12,2020,2,12,2,0,16,18,32,38,39,44,31,187,31.17,16,44,28,1,5,0
1054,2020-02-15,2020,2,15,5,1,1,7,20,23,45,48,16,144,24.0,1,48,47,4,2,1
1055,2020-02-19,2020,2,19,2,0,11,13,17,22,39,52,2,154,25.67,11,52,41,4,2,1
1056,2020-02-22,2020,2,22,5,1,7,31,32,34,46,48,41,198,33.0,7,48,41,2,4,0
1057,2020-02-26,2020,2,26,2,0,23,25,34,44,48,51,41,225,37.5,23,51,28,3,3,0
1058,2020-02-29,2020,2,29,5,1,9,23,26,28,30,34,46,150,25.0,9,34,25,2,4,1
1059,2020-03-04,2020,3,4,2,0,10,26,35,43,47,50,2,211,35.17,10,50,40,3,3,1
1060,2020-03-07,2020,3,7,5,1,1,9,12,14,30,48,46,114,19.0,1,48,47,2,4,1
1061,2020-03-11,2020,3,11,2,0,4,17,22,34,38,46,6,161,26.83,4,46,42,1,5,1
1062,2020-03-14,2020,3,14,5,1,15,16,17,29,37,39,47,153,25.5,15,39,24,5,1,0
1063,2020-03-18,2020,3,18,2,0,7,37,42,45,48,50,43,229,38.17,7,50,43,3,3,0
1064,2020-03-21,2020,3,21,5,1,3,13,36,45,47,50,46,194,32.33,3,50,47,4,2,1
1065,2020-03-25,2020,3,25,2,0,10,13,19,25,42,47,35,156,26.0,10,47,37,4,2,0
1066,2020-03-28,2020,3,28,5,1,6,13,14,19,28,45,4,125,20.83,6,45,39,3,3,1
1067,2020-04-01,2020,4,1,2,0,7,15,32,42,45,51,1,192,32.0,7,51,44,4,2,0
1068,2020-04-04,2020,4,4,5,1,3,4,10,21,24,43,22,105,17.5,3,43,40,3,3,1
1069,2020-04-08,2020,4,8,2,0,2,8,18,29,42,43,34,142,23.67,2,43,41,2,4,1
1070,2020-04-11,2020,4,11,5,1,6,25,41,43,45,48,38,208,34.67,6,48,42,4,2,1
1071,2020-04-15,2020,4,15,2,0,24,28,33,36,48,51,46,220,36.67,24,51,27,2,4,1
1072,2020-04-18,2020,4,18,5,1,8,14,24,31,38,47,21,162,27.0,8,47,39,2,4,0
1073,2020-04-22,2020,4,22,2,0,1,2,14,20,33,38,9,108,18.0,1,38,37,2,4,0
1074,2020-04-25,2020,4,25,5,1,4,24,36,39,44,48,1,195,32.5,4,48,44,1,5,0
1075,2020-04-29,2020,4,29,2,0,9,25,26,30,33,43,23,166,27.67,9,43,34,4,2,0
1076,2020-05-02,2020,5,2,5,1,1,11,14,19,31,43,7,119,19.83,1,43,42,5,1,0
1077,2020-05-06,2020,5,6,2,0,1,16,28,29,32,49,47,155,25.83,1,49,48,3,3,0
1078,2020-05-09,2020,5,9,5,1,26,29,40,41,45,48,39,229,38.17,26,48,22,3,3,0
1079,2020-05-13,2020,5,13,2,0,1,5,6,8,10,18,34,48,8.0,1,18,17,2,4,1
1080,2020-05-16,2020,5,16,5,1,8,10,15,27,30,49,6,139,23.17,8,49,41,3,3,1
1081,2020-05-20,2020,5,20,2,0,6,13,25,27,30,36,32,137,22.83,6,36,30,3,3,1
1082,2020-05-23,2020,5,23,5,1,2,11,18,20,35,48,36,134,22.33,2,48,46,2,4,1
1083,2020-05-27,2020,5,27,2,0,3,9,15,24,39,42,4,132,22.0,3,42,39,4,2,1
1084,2020-05-30,2020,5,30,5,1,4,13,20,23,31,46,28,137,22.83,4,46,42,3,3,1
1085,2020-06-03,2020,6,3,2,0,7,16,23,26,31,43,34,146,24.33,7,43,36,4,2,1
1086,2020-06-06,2020,6,6,5,1,15,16,23,36,37,38,18,165,27.5,15,38,23,3,3,1
1087,2020-06-10,2020,6,10,2,0,15,16,18,23,34,49,32,155,25.83,15,49,34,3,3,1
1088,2020-06-13,2020,6,13,5,1,2,3,12,13,32,47,41,109,18.17,2,47,45,3,3,0
1089,2020-06-17,2020,6,17,2,0,1,32,35,36,40,52,51,196,32.67,1,52,51,2,4,0
1090,2020-06-20,2020,6,20,5,1,6,24,28,40,45,49,39,192,32.0,6,49,43,2,4,0
1091,2020-06-24,2020,6,24,2,0,3,9,14,19,21,24,8,90,15.0,3,24,21,4,2,1
1092,2020-06-27,2020,6,27,5,1,8,9,35,39,45,48,41,184,30.67,8,48,40,4,2,0
1093,2020-07-01,2020,7,1,2,0,5,13,21,30,32,41,40,142,23.67,5,41,36,4,2,1
1094,2020-07-04,2020,7,4,5,1,8,14,15,42,44,51,4,174,29.0,8,51,43,2,4,1
1095,2020-07-08,2020,7,8,2,0,3,8,10,16,17,43,52,97,16.17,3,43,40,3,3,1
1096,2020-07-11,2020,7,11,5,1,7,20,24,36,43,52,11,182,30.33,7,52,45,2,4,0
1097,2020-07-15,2020,7,15,2,0,4,11,15,19,27,38,48,114,19.0,4,38,34,4,2,1
1098,2020-07-18,2020,7,18,5,1,3,17,30,32,36,42,2,160,26.67,3,42,39,2,4,1
1099,2020-07-22,2020,7,22,2,0,4,7,12,13,19,52,46,107,17.83,4,52,48,3,3,1
1100,2020-07-25,2020,7,25,5,1,5,9,20,24,27,48,8,133,22.17,5,48,43,3,3,1
1101,2020-07-29,2020,7,29,2,0,6,16,23,26,33,48,7,152,25.33,6,48,42,2,4,0
1102,2020-08-01,2020,8,1,5,1,5,9,23,38,41,46,14,162,27.0,5,46,41,4,2,1
1103,2020-08-05,2020,8,5,2,0,7,23,31,33,39,51,30,184,30.67,7,51,44,6,0,1
1104,2020-08-08,2020,8,8,5,1,13,23,25,30,47,51,38,189,31.5,13,51,38,5,1,1
1105,2020-08-12,2020,8,12,2,0,12,23,24,30,44,49,36,182,30.33,12,49,37,2,4,1
1106,2020-08-15,2020,8,15,5,1,1,13,15,19,26,32,38,106,17.67,1,32,31,4,2,1
1107,2020-08-19,2020,8,19,2,0,1,7,26,27,42,49,18,152,25.33,1,49,48,4,2,1
1108,2020-08-22,2020,8,22,5,1,18,29,37,43,48,51,9,226,37.67,18,51,33,4,2,0
1109,2020-08-26,2020,8,26,2,0,1,11,12,41,43,49,15,157,26.17,1,49,48,5,1,0
1110,2020-08-29,2020,8,29,5,1,9,16,21,27,33,45,17,151,25.17,9,45,36,5,1,0
1111,2020-09-02,2020,9,2,2,0,9,16,21,28,37,48,49,159,26.5,9,48,39,3,3,0
1112,2020-09-05,2020,9,5,5,1,17,21,23,29,30,39,47,159,26.5,17,39,22,5,1,0
1113,2020-09-09,2020,9,9,2,0,8,15,31,33,35,43,40,165,27.5,8,43,35,5,1,1
1114,2020-09-12,2020,9,12,5,1,13,20,30,34,40,50,28,187,31.17,13,50,37,1,5,1
1115,2020-09-16,2020,9,16,2,0,28,32,44,49,51,52,15,256,42.67,28,52,24,2,4,0
1116,2020-09-19,2020,9,19,5,1,4,9,10,23,24,32,7,102,17.0,4,32,28,2,4,0
1117,2020-09-23,2020,9,23,2,0,8,10,17,20,40,46,47,141,23.5,8,46,38,1,5,0
1118,2020-09-26,2020,9,26,5,1,3,7,18,21,27,42,50,118,19.67,3,42,39,4,2,1
1119,2020-09-30,2020,9,30,2,0,9,18,25,26,28,33,11,139,23.17,9,33,24,3,3,0
1120,2020-10-03,2020,10,3,5,1,3,23,26,27,42,51,37,172,28.67,3,51,48,4,2,0
1121,2020-10-07,2020,10,7,2,0,1,16,22,26,42,45,36,152,25.33,1,45,44,2,4,1
1122,2020-10-10,2020,10,10,5,1,2,22,33,41,42,48,5,188,31.33,2,48,46,2,4,0
1123,2020-10-14,2020,10,14,2,0,1,35,45,49,51,52,16,233,38.83,1,52,51,5,1,1
1124,2020-10-17,2020,10,17,5,1,2,4,7,28,41,48,37,130,21.67,2,48,46,2,4,0
1125,2020-10-21,2020,10,21,2,0,10,29,36,42,43,51,19,211,35.17,10,51,41,3,3,0
1126,2020-10-24,2020,10,24,5,1,1,24,30,32,39,49,23,175,29.17,1,49,48,3,3,0
1127,2020-10-28,2020,10,28,2,0,6,16,20,30,44,51,28,167,27.83,6,51,45,1,5,1
1128,2020-10-31,2020,10,31,5,1,13,26,35,45,49,50,5,218,36.33,13,50,37,4,2,0
1129,2020-11-04,2020,11,4,2,0,2,14,17,24,34,51,19,142,23.67,2,51,49,2,4,0
1130,2020-11-07,2020,11,7,5,1,2,4,14,15,28,46,5,109,18.17,2,46,44,1,5,0
1131,2020-11-11,2020,11,11,2,0,16,19,23,36,45,46,6,185,30.83,16,46,30,3,3,1
1132,2020-11-14,2020,11,14,5,1,4,13,15,28,31,47,35,138,23.0,4,47,43,4,2,0
1133,2020-11-18,2020,11,18,2,0,1,8,20,27,42,44,47,142,23.67,1,44,43,2,4,0
1134,2020-11-21,2020,11,21,5,1,3,9,12,14,22,52,47,112,18.67,3,52,49,2,4,0
1135,2020-11-25,2020,11,25,2,0,5,10,11,14,20,33,15,93,15.5,5,33,28,3,3,0
1136,2020-11-28,2020,11,28,5,1,6,12,15,24,36,37,45,130,21.67,6,37,31,2,4,0
1137,2020-12-02,2020,12,2,2,0,9,27,34,37,38,48,19,193,32.17,9,48,39,3,3,0
1138,2020-12-05,2020,12,5,5,1,7,17,27,38,45,46,26,180,30.0,7,46,39,4,2,1
1139,2020-12-09,2020,12,9,2,0,21,30,32,42,44,48,1,217,36.17,21,48,27,1,5,0
1140,2020-12-12,2020,12,12,5,1,8,12,19,37,43,47,41,166,27.67,8,47,39,4,2,0
1141,2020-12-16,2020,12,16,2,0,1,2,29,33,36,50,22,151,25.17,1,50,49,3,3,1
1142,2020-12-19,2020,12,19,5,1,11,30,33,35,46,49,24,204,34.0,11,49,38,4,2,1
1143,2020-12-23,2020,12,23,2,0,5,7,15,22,23,44,37,116,19.33,5,44,39,4,2,0
1144,2020-12-26,2020,12,26,5,1,8,24,33,37,44,49,17,195,32.5,8,49,41,3,3,0
1145,2020-12-30,2020,12,30,2,0,2,10,19,36,38,42,21,147,24.5,2,42,40,1,5,0
1146,2021-01-02,2021,1,2,5,1,9,11,21,28,35,46,31,150,25.0,9,46,37,4,2,0
1147,2021-01-06,2021,1,6,2,0,4,10,20,41,50,52,48,177,29.5,4,52,48,1,5,1
1148,2021-01-09,2021,1,9,5,1,10,23,25,28,39,48,52,173,28.83,10,48,38,3,3,1
1149,2021-01-13,2021,1,13,2,0,1,3,15,25,36,48,2,128,21.33,1,48,47,4,2,1
1150,2021-01-16,2021,1,16,5,1,21,25,40,42,44,49,22,221,36.83,21,49,28,3,3,1
1151,2021-01-20,2021,1,20,2,0,19,20,24,32,46,48,38,189,31.5,19,48,29,1,5,1
1152,2021-01-23,2021,1,23,5,1,18,20,39,46,47,49,36,219,36.5,18,49,31,3,3,1
1153,2021-01-27,2021,1,27,2,0,2,3,13,15,38,42,44,113,18.83,2,42,40,3,3,1
1154,2021-01-30,2021,1,30,5,1,6,21,27,32,34,35,45,155,25.83,6,35,29,3,3,0
1155,2021-02-03,2021,2,3,2,0,7,10,18,22,36,51,29,144,24.0,7,51,44,2,4,0
1156,2021-02-06,2021,2,6,5,1,5,14,15,17,26,33,47,110,18.33,5,33,28,4,2,0
1157,2021-02-10,2021,2,10,2,0,1,10,12,15,21,42,48,101,16.83,1,42,41,3,3,1
1158,2021-02-13,2021,2,13,5,1,5,18,25,26,29,42,17,145,24.17,5,42,37,3,3,0
1159,2021-02-17,2021,2,17,2,0,1,3,6,25,35,43,11,113,18.83,1,43,42,5,1,0
1160,2021-02-20,2021,2,20,5,1,3,8,16,21,38,41,45,127,21.17,3,41,38,3,3,0
1161,2021-02-24,2021,2,24,2,0,7,10,12,16,29,49,21,123,20.5,7,49,42,3,3,0
1162,2021-02-27,2021,2,27,5,1,11,13,14,21,22,32,5,113,18.83,11,32,21,3,3,0
1163,2021-03-03,2021,3,3,2,0,8,11,26,34,49,50,13,178,29.67,8,50,42,2,4,0
1164,2021-03-06,2021,3,6,5,1,3,18,20,40,41,43,33,165,27.5,3,43,40,3,3,0
1165,2021-03-10,2021,3,10,2,0,1,7,16,41,45,52,31,162,27.0,1,52,51,4,2,0
1166,2021-03-13,2021,3,13,5,1,11,13,21,26,34,50,17,155,25.83,11,50,39,3,3,0
1167,2021-03-17,2021,3,17,2,0,4,11,25,31,37,47,20,155,25.83,4,47,43,5,1,1
1168,2021-03-20,2021,3,20,5,1,2,14,21,46,49,50,38,182,30.33,2,50,48,2,4,1
1169,2021-03-24,2021,3,24,2,0,1,23,41,42,45,49,43,201,33.5,1,49,48,5,1,0
1170,2021-03-27,2021,3,27,5,1,11,13,25,27,45,51,52,172,28.67,11,51,40,6,0,1
1171,2021-03-31,2021,3,31,2,0,1,16,39,47,49,52,23,204,34.0,1,52,51,4,2,0
1172,2021-04-03,2021,4,3,5,1,6,9,15,30,32,34,11,126,21.0,6,34,28,2,4,0
1173,2021-04-07,2021,4,7,2,0,7,13,30,37,39,46,17,172,28.67,7,46,39,4,2,0
1174,2021-04-10,2021,4,10,5,1,1,13,24,25,43,46,16,152,25.33,1,46,45,4,2,1
1175,2021-04-14,2021,4,14,2,0,1,5,8,19,26,48,30,107,17.83,1,48,47,3,3,1
1176,2021-04-17,2021,4,17,5,1,14,28,30,44,47,51,3,214,35.67,14,51,37,2,4,0
1177,2021-04-21,2021,4,21,2,0,1,7,10,11,23,31,8,83,13.83,1,31,30,5,1,1
1178,2021-04-24,2021,4,24,5,1,22,26,31,40,42,43,19,204,34.0,22,43,21,2,4,0
1179,2021-04-28,2021,4,28,2,0,7,18,20,22,31,48,29,146,24.33,7,48,41,2,4,0
1180,2021-05-01,2021,5,1,5,1,10,11,13,20,43,51,4,148,24.67,10,51,41,4,2,1
1181,2021-05-05,2021,5,5,2,0,6,14,19,28,31,32,39,130,21.67,6,32,26,2,4,0
1182,2021-05-08,2021,5,8,5,1,2,12,15,24,26,43,6,122,20.33,2,43,41,2,4,1
1183,2021-05-12,2021,5,12,2,0,2,11,13,20,31,42,16,119,19.83,2,42,40,3,3,1
1184,2021-05-15,2021,5,15,5,1,7,13,29,37,38,42,8,166,27.67,7,42,35,4,2,1
1185,2021-05-19,2021,5,19,2,0,1,6,12,16,35,45,2,115,19.17,1,45,44,3,3,1
1186,2021-05-22,2021,5,22,5,1,1,10,26,35,46,50,14,168,28.0,1,50,49,2,4,1
1187,2021-05-26,2021,5,26,2,0,6,22,29,45,50,52,32,204,34.0,6,52,46,2,4,1
1188,2021-05-29,2021,5,29,5,1,16,18,20,22,26,29,41,131,21.83,16,29,13,1,5,0
1189,2021-06-02,2021,6,2,2,0,22,26,27,31,33,47,34,186,31.0,22,47,25,4,2,1
1190,2021-06-05,2021,6,5,5,1,9,26,35,36,40,46,14,192,32.0,9,46,37,2,4,1
1191,2021-06-09,2021,6,9,2,0,11,15,34,36,48,50,43,194,32.33,11,50,39,2,4,0
1192,2021-06-12,2021,6,12,5,1,7,21,23,30,43,48,36,172,28.67,7,48,41,4,2,1
1193,2021-06-16,2021,6,16,2,0,7,8,29,37,49,51,43,181,30.17,7,51,44,5,1,0
1194,2021-06-19,2021,6,19,5,1,3,10,13,14,38,51,47,129,21.5,3,51,48,3,3,0
1195,2021-06-23,2021,6,23,2,0,12,30,35,38,43,52,34,210,35.0,12,52,40,2,4,1
1196,2021-06-26,2021,6,26,5,1,2,5,11,15,29,33,21,95,15.83,2,33,31,5,1,0
1197,2021-06-30,2021,6,30,2,0,8,10,29,37,38,50,30,172,28.67,8,50,42,2,4,1
1198,2021-07-03,2021,7,3,5,1,4,12,20,34,46,49,31,165,27.5,4,49,45,1,5,0
1199,2021-07-07,2021,7,7,2,0,23,26,29,32,34,39,10,183,30.5,23,39,16,3,3,1
1200,2021-07-10,2021,7,10,5,1,1,9,13,32,37,39,24,131,21.83,1,39,38,5,1,1
1201,2021-07-14,2021,7,14,2,0,13,22,26,44,46,52,27,203,33.83,13,52,39,1,5,0
1202,2021-07-17,2021,7,17,5,1,4,11,18,20,35,41,45,129,21.5,4,41,37,3,3,0
1203,2021-07-21,2021,7,21,2,0,3,6,13,23,28,31,21,104,17.33,3,31,28,4,2,0
1204,2021-07-24,2021,7,24,5,1,6,39,40,44,45,47,31,221,36.83,6,47,41,3,3,0
1205,2021-07-28,2021,7,28,2,0,1,5,13,22,27,28,25,96,16.0,1,28,27,4,2,0
1206,2021-07-31,2021,7,31,5,1,24,29,36,37,39,45,50,210,35.0,24,45,21,4,2,1
1207,2021-08-04,2021,8,4,2,0,21,26,27,30,37,51,29,192,32.0,21,51,30,4,2,0
1208,2021-08-07,2021,8,7,5,1,3,13,25,26,31,50,32,148,24.67,3,50,47,4,2,1
1209,2021-08-11,2021,8,11,2,0,2,5,25,32,48,51,20,163,27.17,2,51,49,3,3,1
1210,2021-08-14,2021,8,14,5,1,5,14,19,34,44,49,8,165,27.5,5,49,44,3,3,1
1211,2021-08-18,2021,8,18,2,0,3,14,29,30,33,35,4,144,24.0,3,35,32,4,2,1
1212,2021-08-21,2021,8,21,5,1,10,19,29,38,45,50,35,191,31.83,10,50,40,3,3,0
1213,2021-08-25,2021,8,25,2,0,11,26,28,30,33,50,22,178,29.67,11,50,39,2,4,1
1214,2021-08-28,2021,8,28,5,1,8,14,16,21,42,47,30,148,24.67,8,47,39,2,4,1
1215,2021-09-01,2021,9,1,2,0,2,14,23,33,36,42,45,150,25.0,2,42,40,2,4,0
1216,2021-09-04,2021,9,4,5,1,4,6,27,30,39,41,22,147,24.5,4,41,37,3,3,1
1217,2021-09-08,2021,9,8,2,0,2,4,18,19,20,28,45,91,15.17,2,28,26,1,5,0
1218,2021-09-11,2021,9,11,5,1,7,22,36,38,48,50,37,201,33.5,7,50,43,1,5,0
1219,2021-09-15,2021,9,15,2,0,8,9,19,45,47,52,24,180,30.0,8,52,44,4,2,1
1220,2021-09-18,2021,9,18,5,1,4,11,12,32,34,47,8,140,23.33,4,47,43,2,4,1
1221,2021-09-22,2021,9,22,2,0,2,8,27,28,32,50,35,147,24.5,2,50,48,1,5,0
1222,2021-09-25,2021,9,25,5,1,2,7,10,38,47,48,30,152,25.33,2,48,46,2,4,1
1223,2021-09-29,2021,9,29,2,0,14,15,24,33,35,51,26,172,28.67,14,51,37,4,2,1
1224,2021-10-02,2021,10,2,5,1,2,15,27,33,43,44,38,164,27.33,2,44,42,4,2,1
1225,2021-10-06,2021,10,6,2,0,11,16,25,26,34,45,30,157,26.17,11,45,34,3,3,1
1226,2021-10-09,2021,10,9,5,1,3,5,10,32,37,40,12,127,21.17,3,40,37,3,3,1
1227,2021-10-13,2021,10,13,2,0,1,10,26,35,38,49,27,159,26.5,1,49,48,3,3,0
1228,2021-10-16,2021,10,16,5,1,12,13,35,40,41,44,15,185,30.83,12,44,32,3,3,0
1229,2021-10-20,2021,10,20,2,0,3,17,24,35,42,43,39,164,27.33,3,43,40,4,2,0
1230,2021-10-23,2021,10,23,5,1,5,11,12,31,43,49,17,151,25.17,5,49,44,5,1,0
1231,2021-10-27,2021,10,27,2,0,1,26,31,38,44,48,22,188,31.33,1,48,47,2,4,1
1232,2021-10-30,2021,10,30,5,1,8,12,38,41,42,45,29,186,31.0,8,45,37,2,4,0
1233,2021-11-03,2021,11,3,2,0,5,6,11,12,13,16,42,63,10.5,5,16,11,3,3,1
1234,2021-11-06,2021,11,6,5,1,3,22,25,30,38,45,50,163,27.17,3,45,42,3,3,1
1235,2021-11-10,2021,11,10,2,0,8,12,15,19,34,49,31,137,22.83,8,49,41,3,3,0
1236,2021-11-13,2021,11,13,5,1,3,19,20,35,39,41,25,157,26.17,3,41,38,5,1,0
1237,2021-11-17,2021,11,17,2,0,5,14,35,43,50,52,34,199,33.17,5,52,47,3,3,1
1238,2021-11-20,2021,11,20,5,1,2,21,23,26,32,42,47,146,24.33,2,42,40,2,4,0
1239,2021-11-24,2021,11,24,2,0,6,18,24,39,43,48,40,178,29.67,6,48,42,2,4,1
1240,2021-11-27,2021,11,27,5,1,5,15,16,34,38,42,41,150,25.0,5,42,37,2,4,0
1241,2021-12-01,2021,12,1,2,0,1,8,9,17,39,50,30,124,20.67,1,50,49,4,2,1
1242,2021-12-04,2021,12,4,5,1,17,26,28,30,42,46,14,189,31.5,17,46,29,1,5,1
1243,2021-12-08,2021,12,8,2,0,13,30,36,41,44,46,35,210,35.0,13,46,33,2,4,0
1244,2021-12-11,2021,12,11,5,1,2,12,14,16,28,51,19,123,20.5,2,51,49,1,5,0
1245,2021-12-15,2021,12,15,2,0,7,9,41,45,48,50,24,200,33.33,7,50,43,4,2,1
1246,2021-12-18,2021,12,18,5,1,4,12,17,22,23,26,1,104,17.33,4,26,22,2,4,0
1247,2021-12-22,2021,12,22,2,0,15,23,32,34,37,45,21,186,31.0,15,45,30,4,2,0
1248,2021-12-29,2021,12,29,2,0,2,4,17,39,43,46,51,151,25.17,2,46,44,3,3,0
1249,2022-01-01,2022,1,1,5,1,5,10,16,43,44,49,23,167,27.83,5,49,44,3,3,0
1250,2022-01-05,2022,1,5,2,0,8,14,15,25,30,31,17,123,20.5,8,31,23,3,3,0
1251,2022-01-08,2022,1,8,5,1,6,12,15,17,22,33,46,105,17.5,6,33,27,3,3,1
1252,2022-01-12,2022,1,12,2,0,5,16,30,45,47,52,13,195,32.5,5,52,47,3,3,0
1253,2022-01-15,2022,1,15,5,1,7,12,13,19,25,37,50,113,18.83,7,37,30,5,1,1
1254,2022-01-19,2022,1,19,2,0,1,14,21,33,37,49,44,155,25.83,1,49,48,5,1,1
1255,2022-01-22,2022,1,22,5,1,5,8,11,17,31,38,39,110,18.33,5,38,33,4,2,0
1256,2022-01-26,2022,1,26,2,0,3,17,38,44,46,50,7,198,33.0,3,50,47,2,4,0
1257,2022-01-29,2022,1,29,5,1,8,10,19,34,36,52,2,159,26.5,8,52,44,1,5,1
1258,2022-02-02,2022,2,2,2,0,11,17,20,28,31,46,25,153,25.5,11,46,35,3,3,0
1259,2022-02-05,2022,2,5,5,1,4,21,31,33,36,38,17,163,27.17,4,38,34,3,3,0
1260,2022-02-09,2022,2,9,2,0,2,18,20,28,35,44,23,147,24.5,2,44,42,1,5,0
1261,2022-02-12,2022,2,12,5,1,12,19,21,24,25,39,7,140,23.33,12,39,27,4,2,0
1262,2022-02-16,2022,2,16,2,0,4,11,24,25,27,41,30,132,22.0,4,41,37,4,2,1
1263,2022-02-19,2022,2,19,5,1,4,11,12,20,38,48,2,133,22.17,4,48,44,1,5,1
1264,2022-02-23,2022,2,23,2,0,8,13,23,28,30,41,43,143,23.83,8,41,33,3,3,0
1265,2022-02-26,2022,2,26,5,1,1,11,14,27,46,47,24,146,24.33,1,47,46,4,2,1
1266,2022-03-02,2022,3,2,2,0,5,10,15,37,43,45,19,155,25.83,5,45,40,5,1,0
1267,2022-03-05,2022,3,5,5,1,14,16,17,39,49,50,2,185,30.83,14,50,36,3,3,1
1268,2022-03-09,2022,3,9,2,0,15,17,22,29,40,42,2,165,27.5,15,42,27,3,3,1
1269,2022-03-12,2022,3,12,5,1,13,20,32,39,43,52,40,199,33.17,13,52,39,3,3,1
1270,2022-03-16,2022,3,16,2,0,17,29,30,38,40,43,4,197,32.83,17,43,26,3,3,1
1271,2022-03-19,2022,3,19,5,1,3,9,23,41,42,48,16,166,27.67,3,48,45,4,2,1
1272,2022-03-23,2022,3,23,2,0,3,6,10,30,38,48,8,135,22.5,3,48,45,1,5,1
1273,2022-03-26,2022,3,26,5,1,6,18,22,28,34,45,20,153,25.5,6,45,39,1,5,1
1274,2022-03-30,2022,3,30,2,0,12,18,24,31,38,44,51,167,27.83,12,44,32,1,5,0
1275,2022-04-02,2022,4,2,5,1,7,10,28,38,48,49,31,180,30.0,7,49,42,2,4,0
1276,2022-04-06,2022,4,6,2,0,10,13,29,47,48,51,2,198,33.0,10,51,41,4,2,1
1277,2022-04-09,2022,4,9,5,1,2,5,11,27,42,46,14,133,22.17,2,46,44,3,3,1
1278,2022-04-13,2022,4,13,2,0,3,17,22,27,31,39,38,139,23.17,3,39,36,5,1,1
1279,2022-04-16,2022,4,16,5,1,10,14,25,30,43,49,22,171,28.5,10,49,39,3,3,1
1280,2022-04-20,2022,4,20,2,0,1,6,25,26,39,47,24,144,24.0,1,47,46,4,2,1
1281,2022-04-23,2022,4,23,5,1,1,9,18,24,34,51,37,137,22.83,1,51,50,3,3,0
1282,2022-04-27,2022,4,27,2,0,4,14,17,24,32,49,37,140,23.33,4,49,45,2,4,0
1283,2022-04-30,2022,4,30,5,1,14,22,27,28,35,45,10,171,28.5,14,45,31,3,3,1
1284,2022-05-04,2022,5,4,2,0,7,11,28,30,36,44,33,156,26.0,7,44,37,2,4,0
1285,2022-05-07,2022,5,7,5,1,14,35,36,40,45,50,44,220,36.67,14,50,36,2,4,1
1286,2022-05-11,2022,5,11,2,0,20,22,25,36,50,51,12,204,34.0,20,51,31,2,4,1
1287,2022-05-14,2022,5,14,5,1,10,13,22,27,36,40,45,148,24.67,10,40,30,2,4,0
1288,2022-05-18,2022,5,18,2,0,4,9,15,16,23,29,21,96,16.0,4,29,25,4,2,0
1289,2022-05-21,2022,5,21,5,1,2,3,7,20,28,37,5,97,16.17,2,37,35,3,3,0
1290,2022-05-25,2022,5,25,2,0,1,6,12,17,31,45,10,112,18.67,1,45,44,4,2,1
1291,2022-05-28,2022,5,28,5,1,14,28,30,31,44,47,4,194,32.33,14,47,33,2,4,1
1292,2022-06-01,2022,6,1,2,0,15,20,22,27,43,49,29,176,29.33,15,49,34,4,2,0
1293,2022-06-04,2022,6,4,5,1,11,22,23,32,35,47,41,170,28.33,11,47,36,4,2,0
1294,2022-06-08,2022,6,8,2,0,21,25,27,34,39,48,44,194,32.33,21,48,27,4,2,1
1295,2022-06-11,2022,6,11,5,1,6,15,18,23,34,37,48,133,22.17,6,37,31,3,3,1
1296,2022-06-15,2022,6,15,2,0,2,19,24,36,45,50,26,176,29.33,2,50,48,2,4,1
1297,2022-06-18,2022,6,18,5,1,13,25,35,37,38,44,52,192,32.0,13,44,31,4,2,1
1298,2022-06-22,2022,6,22,2,0,9,16,32,38,42,46,33,183,30.5,9,46,37,1,5,0
1299,2022-06-25,2022,6,25,5,1,2,8,19,29,35,43,7,136,22.67,2,43,41,4,2,0
1300,2022-06-29,2022,6,29,2,0,27,33,34,40,41,51,36,226,37.67,27,51,24,4,2,1
1301,2022-07-02,2022,7,2,5,1,4,17,22,37,38,46,23,164,27.33,4,46,42,2,4,0
1302,2022-07-06,2022,7,6,2,0,11,16,26,34,38,42,52,167,27.83,11,42,31,1,5,1
1303,2022-07-09,2022,7,9,5,1,6,24,29,35,41,44,49,179,29.83,6,44,38,3,3,0
1304,2022-07-13,2022,7,13,2,0,3,6,9,10,29,51,11,108,18.0,3,51,48,4,2,0
1305,2022-07-16,2022,7,16,5,1,7,13,22,31,45,46,9,164,27.33,7,46,39,4,2,0
1306,2022-07-20,2022,7,20,2,0,3,6,15,30,41,45,20,140,23.33,3,45,42,4,2,1
1307,2022-07-23,2022,7,23,5,1,23,33,47,48,50,52,24,253,42.17,23,52,29,3,3,1
1308,2022-07-27,2022,7,27,2,0,1,7,36,41,49,51,45,185,30.83,1,51,50,5,1,0
1309,2022-07-30,2022,7,30,5,1,1,9,13,34,35,37,42,129,21.5,1,37,36,5,1,1
1310,2022-08-03,2022,8,3,2,0,5,9,12,23,50,51,4,150,25.0,5,51,46,4,2,1
1311,2022-08-06,2022,8,6,5,1,7,18,30,36,44,47,28,182,30.33,7,47,40,2,4,1
1312,2022-08-10,2022,8,10,2,0,13,14,21,34,45,52,26,179,29.83,13,52,39,3,3,1
1313,2022-08-13,2022,8,13,5,1,6,8,27,28,39,48,7,156,26.0,6,48,42,2,4,0
1314,2022-08-17,2022,8,17,2,0,5,13,21,34,35,39,28,147,24.5,5,39,34,5,1,1
1315,2022-08-20,2022,8,20,5,1,7,9,20,27,46,51,47,160,26.67,7,51,44,4,2,0
1316,2022-08-24,2022,8,24,2,0,8,11,12,37,41,48,40,157,26.17,8,48,40,3,3,1
1317,2022-08-27,2022,8,27,5,1,4,10,14,24,31,37,20,120,20.0,4,37,33,2,4,1
1318,2022-08-31,2022,8,31,2,0,3,9,13,25,31,39,36,120,20.0,3,39,36,6,0,1
1319,2022-09-03,2022,9,3,5,1,7,20,34,45,49,50,17,205,34.17,7,50,43,3,3,0
1320,2022-09-07,2022,9,7,2,0,2,10,17,28,40,44,34,141,23.5,2,44,42,1,5,1
1321,2022-09-10,2022,9,10,5,1,6,15,17,19,41,44,25,142,23.67,6,44,38,4,2,0
1322,2022-09-14,2022,9,14,2,0,4,17,29,31,46,48,50,175,29.17,4,48,44,3,3,1
1323,2022-09-17,2022,9,17,5,1,1,7,22,34,39,46,15,149,24.83,1,46,45,3,3,0
1324,2022-09-21,2022,9,21,2,0,8,15,16,24,32,42,14,137,22.83,8,42,34,1,5,1
1325,2022-09-24,2022,9,24,5,1,3,18,28,29,36,44,22,158,26.33,3,44,41,2,4,1
1326,2022-09-28,2022,9,28,2,0,2,12,15,29,31,47,48,136,22.67,2,47,45,4,2,1
1327,2022-10-01,2022,10,1,5,1,7,9,13,16,26,42,12,113,18.83,7,42,35,3,3,1
1328,2022-10-05,2022,10,5,2,0,14,16,23,26,40,42,13,161,26.83,14,42,28,1,5,0
1329,2022-10-08,2022,10,8,5,1,7,11,12,19,36,39,4,124,20.67,7,39,32,4,2,1
1330,2022-10-12,2022,10,12,2,0,4,15,16,26,44,45,22,150,25.0,4,45,41,2,4,1
1331,2022-10-15,2022,10,15,5,1,9,11,13,21,30,46,19,130,21.67,9,46,37,4,2,0
1332,2022-10-19,2022,10,19,2,0,1,5,14,29,40,52,34,141,23.5,1,52,51,3,3,1
1333,2022-10-22,2022,10,22,5,1,12,14,33,37,47,48,11,191,31.83,12,48,36,3,3,0
1334,2022-10-26,2022,10,26,2,0,4,14,18,23,42,50,22,151,25.17,4,50,46,1,5,1
1335,2022-10-29,2022,10,29,5,1,9,30,32,38,43,50,28,202,33.67,9,50,41,2,4,1
1336,2022-11-02,2022,11,2,2,0,1,7,22,33,39,40,15,142,23.67,1,40,39,4,2,0
1337,2022-11-05,2022,11,5,5,1,4,18,27,32,38,45,42,164,27.33,4,45,41,2,4,1
1338,2022-11-09,2022,11,9,2,0,11,18,35,41,46,51,13,202,33.67,11,51,40,4,2,0
1339,2022-11-12,2022,11,12,5,1,1,11,45,48,51,52,9,208,34.67,1,52,51,4,2,0
1340,2022-11-16,2022,11,16,2,0,2,4,12,23,42,46,49,129,21.5,2,46,44,1,5,0
1341,2022-11-19,2022,11,19,5,1,6,8,12,37,43,51,21,157,26.17,6,51,45,3,3,0
1342,2022-11-23,2022,11,23,2,0,3,8,10,12,19,27,18,79,13.17,3,27,24,3,3,1
1343,2022-11-26,2022,11,26,5,1,5,18,20,26,35,38,24,142,23.67,5,38,33,2,4,1
1344,2022-11-30,2022,11,30,2,0,11,25,29,41,44,51,17,201,33.5,11,51,40,5,1,0
1345,2022-12-03,2022,12,3,5,1,1,12,26,33,50,52,19,174,29.0,1,52,51,2,4,0
1346,2022-12-07,2022,12,7,2,0,1,5,18,45,47,52,19,168,28.0,1,52,51,4,2,0
1347,2022-12-10,2022,12,10,5,1,11,23,37,39,43,44,31,197,32.83,11,44,33,5,1,0
1348,2022-12-14,2022,12,14,2,0,2,7,20,21,35,46,22,131,21.83,2,46,44,3,3,1
1349,2022-12-17,2022,12,17,5,1,4,6,18,20,36,40,43,124,20.67,4,40,36,0,6,0
1350,2022-12-21,2022,12,21,2,0,7,20,21,37,38,46,24,169,28.17,7,46,39,3,3,1
1351,2022-12-24,2022,12,24,5,1,7,10,17,19,23,50,43,126,21.0,7,50,43,4,2,0
1352,2022-12-28,2022,12,28,2,0,8,22,30,40,42,49,41,191,31.83,8,49,41,1,5,0
1353,2022-12-31,2022,12,31,5,1,12,18,19,41,48,52,35,190,31.67,12,52,40,2,4,0
1354,2023-01-04,2023,1,4,2,0,1,18,25,30,46,48,19,168,28.0,1,48,47,2,4,0
1355,2023-01-07,2023,1,7,5,1,3,4,19,25,27,32,8,110,18.33,3,32,29,4,2,1
1356,2023-01-11,2023,1,11,2,0,4,10,21,25,37,46,2,143,23.83,4,46,42,3,3,1
1357,2023-01-14,2023,1,14,5,1,8,9,14,33,34,47,26,145,24.17,8,47,39,3,3,1
1358,2023-01-18,2023,1,18,2,0,5,29,31,35,39,47,1,186,31.0,5,47,42,6,0,0
1359,2023-01-21,2023,1,21,5,1,1,13,14,22,41,52,9,143,23.83,1,52,51,3,3,0
1360,2023-01-25,2023,1,25,2,0,3,6,9,11,31,39,7,99,16.5,3,39,36,5,1,0
1361,2023-01-28,2023,1,28,5,1,8,27,30,32,46,52,43,195,32.5,8,52,44,1,5,0
1362,2023-02-01,2023,2,1,2,0,2,21,24,38,44,48,36,177,29.5,2,48,46,1,5,1
1363,2023-02-04,2023,2,4,5,1,11,13,23,45,47,50,10,189,31.5,11,50,39,5,1,1
1364,2023-02-08,2023,2,8,2,0,15,20,23,31,33,40,29,162,27.0,15,40,25,4,2,0
1365,2023-02-11,2023,2,11,5,1,9,11,35,39,40,48,19,182,30.33,9,48,39,4,2,0
1366,2023-02-15,2023,2,15,2,0,4,7,14,30,37,46,16,138,23.0,4,46,42,2,4,1
1367,2023-02-18,2023,2,18,5,1,7,9,21,25,31,50,15,143,23.83,7,50,43,5,1,0
1368,2023-02-22,2023,2,22,2,0,5,14,20,22,25,34,8,120,20.0,5,34,29,2,4,1
1369,2023-02-25,2023,2,25,5,1,12,14,19,24,33,42,5,144,24.0,12,42,30,2,4,0
1370,2023-03-01,2023,3,1,2,0,23,24,25,26,34,35,14,167,27.83,23,35,12,3,3,1
1371,2023-03-04,2023,3,4,5,1,4,9,13,38,42,45,40,151,25.17,4,45,41,3,3,1
1372,2023-03-08,2023,3,8,2,0,11,19,23,27,35,44,13,159,26.5,11,44,33,5,1,0
1373,2023-03-11,2023,3,11,5,1,17,38,44,48,49,50,5,246,41.0,17,50,33,2,4,0
1374,2023-03-15,2023,3,15,2,0,27,36,41,43,46,50,45,243,40.5,27,50,23,3,3,0
1375,2023-03-18,2023,3,18,5,1,5,8,26,31,47,50,35,167,27.83,5,50,45,3,3,0
1376,2023-03-22,2023,3,22,2,0,4,10,27,34,43,44,22,162,27.0,4,44,40,2,4,1
1377,2023-03-25,2023,3,25,5,1,10,11,31,35,39,46,3,172,28.67,10,46,36,4,2,0
1378,2023-03-29,2023,3,29,2,0,4,15,21,22,30,33,5,125,20.83,4,33,29,3,3,0
1379,2023-04-01,2023,4,1,5,1,26,27,29,31,32,52,12,197,32.83,26,52,26,3,3,1
1380,2023-04-05,2023,4,5,2,0,5,12,14,26,33,37,34,127,21.17,5,37,32,3,3,1
1381,2023-04-08,2023,4,8,5,1,2,8,16,17,37,41,35,121,20.17,2,41,39,3,3,0
1382,2023-04-12,2023,4,12,2,0,4,38,46,47,50,52,45,237,39.5,4,52,48,1,5,0
1383,2023-04-15,2023,4,15,5,1,3,18,35,36,39,42,8,173,28.83,3,42,39,3,3,1
1384,2023-04-19,2023,4,19,2,0,11,25,38,39,44,50,52,207,34.5,11,50,39,3,3,1
1385,2023-04-22,2023,4,22,5,1,3,7,28,29,35,52,12,154,25.67,3,52,49,4,2,1
1386,2023-04-26,2023,4,26,2,0,25,36,38,39,47,51,30,236,39.33,25,51,26,4,2,1
1387,2023-04-29,2023,4,29,5,1,7,15,28,35,44,51,31,180,30.0,7,51,44,4,2,0
1388,2023-05-03,2023,5,3,2,0,18,21,33,35,40,43,6,190,31.67,18,43,25,4,2,1
1389,2023-05-06,2023,5,6,5,1,19,22,30,39,45,46,24,201,33.5,19,46,27,3,3,1
1390,2023-05-10,2023,5,10,2,0,4,5,11,25,41,50,13,136,22.67,4,50,46,4,2,0
1391,2023-05-13,2023,5,13,5,1,10,16,23,24,30,49,5,152,25.33,10,49,39,2,4,0
1392,2023-05-17,2023,5,17,2,0,1,27,34,41,42,51,39,196,32.67,1,51,50,4,2,0
1393,2023-05-20,2023,5,20,5,1,1,17,22,30,37,42,35,149,24.83,1,42,41,3,3,0
1394,2023-05-24,2023,5,24,2,0,11,17,21,34,44,49,15,176,29.33,11,49,38,4,2,0
1395,2023-05-27,2023,5,27,5,1,2,8,16,18,33,47,35,124,20.67,2,47,45,2,4,0
1396,2023-05-31,2023,5,31,2,0,2,14,23,33,37,49,29,158,26.33,2,49,47,4,2,0
1397,2023-06-03,2023,6,3,5,1,4,15,22,29,38,41,52,149,24.83,4,41,37,3,3,1
1398,2023-06-07,2023,6,7,2,0,17,22,23,32,43,51,44,188,31.33,17,51,34,4,2,1
1399,2023-06-10,2023,6,10,5,1,6,8,12,23,32,48,33,129,21.5,6,48,42,1,5,0
1400,2023-06-14,2023,6,14,2,0,9,12,26,29,32,49,16,157,26.17,9,49,40,3,3,1
1401,2023-06-17,2023,6,17,5,1,3,4,11,33,44,48,2,143,23.83,3,48,45,3,3,1
1402,2023-06-21,2023,6,21,2,0,16,17,29,31,32,33,39,158,26.33,16,33,17,4,2,0
1403,2023-06-24,2023,6,24,5,1,4,9,18,24,32,51,10,138,23.0,4,51,47,2,4,1
1404,2023-06-28,2023,6,28,2,0,11,18,25,37,38,49,12,178,29.67,11,49,38,4,2,1
1405,2023-07-01,2023,7,1,5,1,16,20,36,45,46,50,3,213,35.5,16,50,34,1,5,0
1406,2023-07-05,2023,7,5,2,0,19,20,23,24,43,44,42,173,28.83,19,44,25,3,3,1
1407,2023-07-08,2023,7,8,5,1,14,33,39,41,48,49,30,224,37.33,14,49,35,4,2,1
1408,2023-07-12,2023,7,12,2,0,1,4,14,29,38,52,11,138,23.0,1,52,51,2,4,0
1409,2023-07-15,2023,7,15,5,1,8,12,27,37,47,48,7,179,29.83,8,48,40,3,3,0
1410,2023-07-19,2023,7,19,2,0,1,5,29,36,39,41,30,151,25.17,1,41,40,5,1,1
1411,2023-07-22,2023,7,22,5,1,1,20,25,26,28,42,13,142,23.67,1,42,41,2,4,0
1412,2023-07-26,2023,7,26,2,0,14,29,35,36,43,46,44,203,33.83,14,46,32,3,3,1
1413,2023-07-29,2023,7,29,5,1,4,9,14,16,21,40,44,104,17.33,4,40,36,2,4,1
1414,2023-08-02,2023,8,2,2,0,13,16,37,40,42,47,43,195,32.5,13,47,34,3,3,0
1415,2023-08-05,2023,8,5,5,1,7,27,39,43,44,48,10,208,34.67,7,48,41,4,2,1
1416,2023-08-09,2023,8,9,2,0,5,6,11,23,28,31,21,104,17.33,5,31,26,4,2,0
1417,2023-08-12,2023,8,12,5,1,12,21,25,27,40,46,13,171,28.5,12,46,34,3,3,0
1418,2023-08-16,2023,8,16,2,0,6,8,13,28,37,48,21,140,23.33,6,48,42,2,4,0
1419,2023-08-19,2023,8,19,5,1,13,14,15,18,22,33,36,115,19.17,13,33,20,3,3,1
1420,2023-08-23,2023,8,23,2,0,4,6,24,28,41,46,27,149,24.83,4,46,42,1,5,0
1421,2023-08-26,2023,8,26,5,1,7,10,27,28,48,49,20,169,28.17,7,49,42,3,3,1
1422,2023-08-30,2023,8,30,2,0,22,23,28,37,43,50,45,203,33.83,22,50,28,3,3,0
1423,2023-09-02,2023,9,2,5,1,2,23,36,37,40,46,39,184,30.67,2,46,44,2,4,0
1424,2023-09-06,2023,9,6,2,0,3,13,32,35,49,50,26,182,30.33,3,50,47,4,2,1
1425,2023-09-09,2023,9,9,5,1,7,10,18,20,23,30,4,108,18.0,7,30,23,2,4,1
1426,2023-09-13,2023,9,13,2,0,4,28,35,47,50,51,15,215,35.83,4,51,47,3,3,0
1427,2023-09-16,2023,9,16,5,1,10,18,19,32,34,44,25,157,26.17,10,44,34,1,5,0
1428,2023-09-20,2023,9,20,2,0,17,26,28,31,33,35,2,170,28.33,17,35,18,4,2,1
1429,2023-09-23,2023,9,23,5,1,1,5,24,25,27,41,50,123,20.5,1,41,40,5,1,1
1430,2023-09-27,2023,9,27,2,0,6,9,15,22,28,39,31,119,19.83,6,39,33,3,3,0
1431,2023-09-30,2023,9,30,5,1,1,10,14,15,16,40,33,96,16.0,1,40,39,2,4,0
1432,2023-10-04,2023,10,4,2,0,4,14,17,32,41,48,2,156,26.0,4,48,44,2,4,1
1433,2023-10-07,2023,10,7,5,1,10,13,21,23,29,30,22,126,21.0,10,30,20,4,2,1
1434,2023-10-11,2023,10,11,2,0,4,8,10,25,33,50,32,130,21.67,4,50,46,2,4,1
1435,2023-10-14,2023,10,14,5,1,8,10,17,20,49,51,44,155,25.83,8,51,43,3,3,1
1436,2023-10-18,2023,10,18,2,0,8,9,30,31,40,42,23,160,26.67,8,42,34,2,4,0
1437,2023-10-21,2023,10,21,5,1,22,38,40,42,48,49,18,239,39.83,22,49,27,1,5,1
1438,2023-10-25,2023,10,25,2,0,3,4,13,24,25,39,48,108,18.0,3,39,36,4,2,1
1439,2023-10-28,2023,10,28,5,1,1,36,41,43,46,51,25,218,36.33,1,51,50,4,2,0
1440,2023-11-01,2023,11,1,2,0,6,14,25,33,40,49,16,167,27.83,6,49,43,3,3,1
1441,2023-11-04,2023,11,4,5,1,12,18,30,48,51,52,38,211,35.17,12,52,40,1,5,1
1442,2023-11-08,2023,11,8,2,0,1,16,20,21,28,45,17,131,21.83,1,45,44,3,3,0
1443,2023-11-11,2023,11,11,5,1,3,33,43,45,46,47,22,217,36.17,3,47,44,5,1,1
1444,2023-11-15,2023,11,15,2,0,11,14,34,38,45,46,51,188,31.33,11,46,35,2,4,0
1445,2023-11-18,2023,11,18,5,1,11,19,21,25,34,41,44,151,25.17,11,41,30,5,1,1
1446,2023-11-22,2023,11,22,2,0,5,12,19,23,25,41,15,125,20.83,5,41,36,5,1,0
1447,2023-11-25,2023,11,25,5,1,3,14,15,24,25,40,45,121,20.17,3,40,37,3,3,0
1448,2023-11-29,2023,11,29,2,0,11,20,23,25,38,41,32,158,26.33,11,41,30,4,2,1
1449,2023-12-02,2023,12,2,5,1,1,32,33,35,42,51,20,194,32.33,1,51,50,4,2,1
1450,2023-12-06,2023,12,6,2,0,10,13,34,42,45,51,24,195,32.5,10,51,41,3,3,1
1451,2023-12-09,2023,12,9,5,1,8,14,23,40,42,44,33,171,28.5,8,44,36,1,5,0
1452,2023-12-13,2023,12,13,2,0,11,12,14,16,31,38,7,122,20.33,11,38,27,2,4,0
1453,2023-12-16,2023,12,16,5,1,17,22,31,36,43,47,29,196,32.67,17,47,30,4,2,0
1454,2023-12-20,2023,12,20,2,0,11,18,32,41,45,50,51,197,32.83,11,50,39,3,3,0
1455,2023-12-23,2023,12,23,5,1,19,20,28,37,49,50,48,203,33.83,19,50,31,3,3,1
1456,2023-12-27,2023,12,27,2,0,12,25,29,34,41,42,27,183,30.5,12,42,30,3,3,0
1457,2023-12-30,2023,12,30,5,1,9,10,15,17,35,37,4,123,20.5,9,37,28,5,1,1
1458,2024-01-03,2024,1,3,2,0,7,18,32,36,38,52,25,183,30.5,7,52,45,1,5,0
1459,2024-01-06,2024,1,6,5,1,5,9,17,18,24,30,6,103,17.17,5,30,25,3,3,1
1460,2024-01-10,2024,1,10,2,0,9,15,17,27,31,49,35,148,24.67,9,49,40,6,0,0
1461,2024-01-13,2024,1,13,5,1,11,13,29,48,50,51,47,202,33.67,11,51,40,4,2,0
1462,2024-01-17,2024,1,17,2,0,24,33,34,42,43,50,37,226,37.67,24,50,26,2,4,0
1463,2024-01-20,2024,1,20,5,1,3,8,10,16,36,41,9,114,19.0,3,41,38,2,4,0
1464,2024-01-24,2024,1,24,2,0,14,16,18,21,45,51,4,165,27.5,14,51,37,3,3,1
1465,2024-01-27,2024,1,27,5,1,2,15,26,28,45,49,6,165,27.5,2,49,47,3,3,1
1466,2024-01-31,2024,1,31,2,0,9,11,23,26,41,52,29,162,27.0,9,52,43,4,2,0
1467,2024-02-03,2024,2,3,5,1,16,17,24,31,36,43,44,167,27.83,16,43,27,3,3,1
1468,2024-02-07,2024,2,7,2,0,13,19,28,29,30,32,14,151,25.17,13,32,19,3,3,1
1469,2024-02-10,2024,2,10,5,1,3,18,24,38,43,46,51,172,28.67,3,46,43,2,4,0
1470,2024-02-14,2024,2,14,2,0,6,18,23,29,30,45,44,151,25.17,6,45,39,3,3,1
1471,2024-02-17,2024,2,17,5,1,1,3,9,29,44,48,25,134,22.33,1,48,47,4,2,0
1472,2024-02-21,2024,2,21,2,0,5,33,34,42,51,52,39,217,36.17,5,52,47,3,3,0
1473,2024-02-24,2024,2,24,5,1,2,7,20,27,29,34,37,119,19.83,2,34,32,3,3,0
1474,2024-02-28,2024,2,28,2,0,11,12,14,18,20,48,32,123,20.5,11,48,37,1,5,1
1475,2024-03-02,2024,3,2,5,1,8,18,25,40,47,49,31,187,31.17,8,49,41,3,3,0
1476,2024-03-06,2024,3,6,2,0,7,16,17,22,32,48,36,142,23.67,7,48,41,2,4,1
1477,2024-03-09,2024,3,9,5,1,9,17,24,27,46,50,48,173,28.83,9,50,41,3,3,1
1478,2024-03-13,2024,3,13,2,0,9,25,33,34,36,46,15,183,30.5,9,46,37,3,3,0
1479,2024-03-16,2024,3,16,5,1,5,8,11,15,19,51,21,109,18.17,5,51,46,5,1,0
1480,2024-03-20,2024,3,20,2,0,8,13,22,30,39,52,32,164,27.33,8,52,44,2,4,1
1481,2024-03-23,2024,3,23,5,1,1,2,3,4,17,43,36,70,11.67,1,43,42,4,2,1
1482,2024-03-27,2024,3,27,2,0,11,22,41,45,46,51,50,216,36.0,11,51,40,4,2,1
1483,2024-03-30,2024,3,30,5,1,18,29,39,40,43,50,27,219,36.5,18,50,32,3,3,0
1484,2024-04-03,2024,4,3,2,0,19,25,26,28,38,39,44,175,29.17,19,39,20,3,3,1
1485,2024-04-06,2024,4,6,5,1,7,8,17,19,28,49,12,128,21.33,7,49,42,4,2,1
1486,2024-04-10,2024,4,10,2,0,6,10,15,20,34,45,46,130,21.67,6,45,39,2,4,1
1487,2024-04-13,2024,4,13,5,1,14,16,22,23,35,47,24,157,26.17,14,47,33,3,3,1
1488,2024-04-17,2024,4,17,2,0,15,21,34,36,37,47,43,190,31.67,15,47,32,4,2,0
1489,2024-04-20,2024,4,20,5,1,2,5,6,25,29,30,10,97,16.17,2,30,28,3,3,1
1490,2024-04-24,2024,4,24,2,0,18,32,38,42,44,50,24,224,37.33,18,50,32,0,6,1
1491,2024-04-27,2024,4,27,5,1,10,11,17,27,33,40,8,138,23.0,10,40,30,4,2,1
1492,2024-05-01,2024,5,1,2,0,7,12,16,27,32,52,13,146,24.33,7,52,45,2,4,0
1493,2024-05-04,2024,5,4,5,1,3,14,33,35,36,49,25,170,28.33,3,49,46,4,2,0
1494,2024-05-08,2024,5,8,2,0,19,26,31,36,37,40,22,189,31.5,19,40,21,3,3,1
1495,2024-05-11,2024,5,11,5,1,1,8,35,38,43,51,30,176,29.33,1,51,50,4,2,1
1496,2024-05-15,2024,5,15,2,0,2,7,25,32,37,45,8,148,24.67,2,45,43,4,2,1
1497,2024-05-18,2024,5,18,5,1,12,24,28,37,38,47,1,186,31.0,12,47,35,2,4,0
1498,2024-05-22,2024,5,22,2,0,19,22,29,35,40,41,1,186,31.0,19,41,22,4,2,0
1499,2024-05-25,2024,5,25,5,1,1,4,25,29,36,45,20,140,23.33,1,45,44,4,2,1
1500,2024-05-29,2024,5,29,2,0,5,11,20,27,41,45,42,149,24.83,5,45,40,5,1,1
1501,2024-06-01,2024,6,1,5,1,12,17,18,29,37,42,27,155,25.83,12,42,30,3,3,0
1502,2024-06-05,2024,6,5,2,0,21,22,23,25,37,50,47,178,29.67,21,50,29,4,2,0
1503,2024-06-08,2024,6,8,5,1,5,6,10,11,35,41,17,108,18.0,5,41,36,4,2,0
1504,2024-06-12,2024,6,12,2,0,2,9,16,26,41,48,23,142,23.67,2,48,46,2,4,0
1505,2024-06-15,2024,6,15,5,1,1,14,32,35,46,48,22,176,29.33,1,48,47,2,4,1
1506,2024-06-19,2024,6,19,2,0,9,11,25,26,31,39,45,141,23.5,9,39,30,5,1,0
1507,2024-06-22,2024,6,22,5,1,12,21,25,29,47,51,32,185,30.83,12,51,39,5,1,1
1508,2024-06-26,2024,6,26,2,0,2,17,33,39,45,52,48,188,31.33,2,52,50,4,2,1
1509,2024-06-29,2024,6,29,5,1,10,11,15,21,44,47,8,148,24.67,10,47,37,4,2,1
1510,2024-07-03,2024,7,3,2,0,8,24,43,45,46,50,16,216,36.0,8,50,42,2,4,1
1511,2024-07-06,2024,7,6,5,1,3,10,28,29,44,49,50,163,27.17,3,49,46,3,3,1
1512,2024-07-10,2024,7,10,2,0,9,17,25,40,49,52,38,192,32.0,9,52,43,4,2,1
1513,2024-07-13,2024,7,13,5,1,14,33,34,36,44,45,28,206,34.33,14,45,31,2,4,1
1514,2024-07-17,2024,7,17,2,0,1,5,14,15,22,47,7,104,17.33,1,47,46,4,2,0
1515,2024-07-20,2024,7,20,5,1,19,22,27,37,42,46,47,193,32.17,19,46,27,3,3,0
1516,2024-07-24,2024,7,24,2,0,13,17,30,31,32,43,41,166,27.67,13,43,30,4,2,0
1517,2024-07-27,2024,7,27,5,1,20,21,26,34,37,48,10,186,31.0,20,48,28,2,4,1
1518,2024-07-31,2024,7,31,2,0,11,12,14,20,34,48,33,139,23.17,11,48,37,1,5,0
1519,2024-08-03,2024,8,3,5,1,12,22,26,31,45,48,6,184,30.67,12,48,36,2,4,1
1520,2024-08-07,2024,8,7,2,0,1,10,13,32,37,48,45,141,23.5,1,48,47,3,3,0
1521,2024-08-10,2024,8,10,5,1,7,11,24,26,32,41,15,141,23.5,7,41,34,3,3,0
1522,2024-08-14,2024,8,14,2,0,7,13,17,23,40,47,4,147,24.5,7,47,40,5,1,1
1523,2024-08-17,2024,8,17,5,1,4,7,12,31,38,49,15,141,23.5,4,49,45,3,3,0
1524,2024-08-21,2024,8,21,2,0,4,11,22,29,36,44,14,146,24.33,4,44,40,2,4,1
1525,2024-08-24,2024,8,24,5,1,2,5,13,22,23,51,1,116,19.33,2,51,49,4,2,0
1526,2024-08-28,2024,8,28,2,0,2,12,23,24,30,31,36,122,20.33,2,31,29,2,4,1
1527,2024-08-31,2024,8,31,5,1,1,10,14,19,25,46,29,115,19.17,1,46,45,3,3,0
1528,2024-09-04,2024,9,4,2,0,10,17,33,38,39,50,5,187,31.17,10,50,40,3,3,0
1529,2024-09-07,2024,9,7,5,1,2,7,18,29,40,49,38,145,24.17,2,49,47,3,3,1
1530,2024-09-11,2024,9,11,2,0,8,13,16,22,26,43,9,128,21.33,8,43,35,2,4,0
1531,2024-09-14,2024,9,14,5,1,4,6,8,28,46,52,27,144,24.0,4,52,48,0,6,0
1532,2024-09-18,2024,9,18,2,0,7,21,23,38,43,45,25,177,29.5,7,45,38,5,1,0
1533,2024-09-21,2024,9,21,5,1,21,29,32,33,36,50,52,201,33.5,21,50,29,3,3,1
1534,2024-09-25,2024,9,25,2,0,6,26,39,41,49,52,17,213,35.5,6,52,46,3,3,0
1535,2024-09-28,2024,9,28,5,1,25,28,29,32,40,42,26,196,32.67,25,42,17,2,4,1
1536,2024-10-02,2024,10,2,2,0,5,6,14,26,37,50,13,138,23.0,5,50,45,2,4,0
1537,2024-10-05,2024,10,5,5,1,14,21,27,40,43,47,45,192,32.0,14,47,33,4,2,0
1538,2024-10-09,2024,10,9,2,0,5,18,19,29,44,48,17,163,27.17,5,48,43,3,3,0
1539,2024-10-12,2024,10,12,5,1,5,8,10,46,49,51,27,169,28.17,5,51,46,3,3,0
1540,2024-10-16,2024,10,16,2,0,16,18,20,31,43,44,39,172,28.67,16,44,28,2,4,0
1541,2024-10-19,2024,10,19,5,1,19,24,39,44,48,50,30,224,37.33,19,50,31,2,4,1
1542,2024-10-23,2024,10,23,2,0,11,18,19,20,27,30,44,125,20.83,11,30,19,3,3,1
1543,2024-10-26,2024,10,26,5,1,4,12,22,29,38,41,10,146,24.33,4,41,37,2,4,1
1544,2024-10-30,2024,10,30,2,0,4,9,25,39,41,44,3,162,27.0,4,44,40,4,2,0
1545,2024-11-02,2024,11,2,5,1,1,7,10,15,42,51,49,126,21.0,1,51,50,4,2,0
1546,2024-11-06,2024,11,6,2,0,13,18,32,42,43,50,16,198,33.0,13,50,37,2,4,1
1547,2024-11-09,2024,11,9,5,1,6,7,20,29,46,49,31,157,26.17,6,49,43,3,3,0
1548,2024-11-13,2024,11,13,2,0,3,25,33,35,42,45,9,183,30.5,3,45,42,5,1,0
1549,2024-11-16,2024,11,16,5,1,4,8,13,15,28,36,52,104,17.33,4,36,32,2,4,1
1550,2024-11-20,2024,11,20,2,0,2,3,22,33,36,41,18,137,22.83,2,41,39,3,3,1
1551,2024-11-23,2024,11,23,5,1,3,9,10,16,22,25,43,85,14.17,3,25,22,3,3,0
1552,2024-11-27,2024,11,27,2,0,5,8,13,15,39,43,1,123,20.5,5,43,38,5,1,0
1553,2024-11-30,2024,11,30,5,1,7,24,34,37,40,52,20,194,32.33,7,52,45,2,4,1
1554,2024-12-04,2024,12,4,2,0,4,14,19,20,21,48,47,126,21.0,4,48,44,2,4,0
1555,2024-12-07,2024,12,7,5,1,10,20,30,47,49,50,21,206,34.33,10,50,40,2,4,0
1556,2024-12-11,2024,12,11,2,0,6,11,19,24,50,52,51,162,27.0,6,52,46,2,4,0
1557,2024-12-14,2024,12,14,5,1,6,8,11,39,42,47,41,153,25.5,6,47,41,3,3,0
1558,2024-12-18,2024,12,18,2,0,5,7,28,30,38,45,37,153,25.5,5,45,40,3,3,0
1559,2024-12-21,2024,12,21,5,1,6,9,23,30,33,41,8,142,23.67,6,41,35,4,2,1
1560,2024-12-28,2024,12,28,5,1,7,18,25,28,29,44,8,151,25.17,7,44,37,3,3,1
1561,2025-01-01,2025,1,1,2,0,3,7,18,23,24,52,26,127,21.17,3,52,49,3,3,1
1562,2025-01-04,2025,1,4,5,1,3,22,23,25,33,52,19,158,26.33,3,52,49,4,2,0
1563,2025-01-08,2025,1,8,2,0,16,22,24,34,38,49,35,183,30.5,16,49,33,1,5,0
1564,2025-01-11,2025,1,11,5,1,1,10,20,22,37,42,23,132,22.0,1,42,41,2,4,0
1565,2025-01-15,2025,1,15,2,0,4,9,10,35,37,41,39,136,22.67,4,41,37,4,2,0
1566,2025-01-18,2025,1,18,5,1,13,20,25,33,38,40,44,169,28.17,13,40,27,3,3,1
1567,2025-01-22,2025,1,22,2,0,6,9,23,45,46,48,12,177,29.5,6,48,42,3,3,1
1568,2025-01-25,2025,1,25,5,1,23,26,28,29,39,51,45,196,32.67,23,51,28,4,2,0
1569,2025-01-29,2025,1,29,2,0,6,11,13,24,32,44,14,130,21.67,6,44,38,2,4,1
1570,2025-02-01,2025,2,1,5,1,14,15,26,41,42,52,36,190,31.67,14,52,38,2,4,1
1571,2025-02-05,2025,2,5,2,0,5,7,18,28,30,42,1,130,21.67,5,42,37,2,4,0
1572,2025-02-08,2025,2,8,5,1,1,4,14,17,20,34,50,90,15.0,1,34,33,2,4,1
1573,2025-02-12,2025,2,12,2,0,3,9,23,41,42,48,39,166,27.67,3,48,45,4,2,0
1574,2025-02-15,2025,2,15,5,1,5,9,25,39,41,50,24,169,28.17,5,50,45,5,1,1
1575,2025-02-19,2025,2,19,2,0,11,13,32,43,50,51,16,200,33.33,11,51,40,4,2,1
1576,2025-02-22,2025,2,22,5,1,4,7,12,13,24,51,49,111,18.5,4,51,47,3,3,0
1577,2025-02-26,2025,2,26,2,0,27,36,38,44,45,47,41,237,39.5,27,47,20,3,3,0
1578,2025-03-01,2025,3,1,5,1,8,12,20,22,49,50,10,161,26.83,8,50,42,1,5,1
1579,2025-03-05,2025,3,5,2,0,2,8,37,45,48,51,24,191,31.83,2,51,49,3,3,1
1580,2025-03-08,2025,3,8,5,1,7,19,23,27,31,52,10,159,26.5,7,52,45,5,1,1
1581,2025-03-12,2025,3,12,2,0,7,12,24,32,39,48,9,162,27.0,7,48,41,2,4,0
1582,2025-03-15,2025,3,15,5,1,6,23,24,34,47,49,18,183,30.5,6,49,43,3,3,1
1583,2025-03-19,2025,3,19,2,0,2,3,17,27,29,37,12,115,19.17,2,37,35,5,1,1
1584,2025-03-22,2025,3,22,5,1,3,12,16,18,31,51,2,131,21.83,3,51,48,3,3,1
1585,2025-03-26,2025,3,26,2,0,12,18,21,25,27,38,31,141,23.5,12,38,26,3,3,0
1586,2025-03-29,2025,3,29,5,1,11,18,28,36,46,48,22,187,31.17,11,48,37,1,5,1
1587,2025-04-02,2025,4,2,2,0,6,7,22,29,44,50,4,158,26.33,6,50,44,2,4,1
1588,2025-04-05,2025,4,5,5,1,7,11,34,37,39,42,44,170,28.33,7,42,35,4,2,1
1589,2025-04-09,2025,4,9,2,0,3,5,27,45,49,50,20,179,29.83,3,50,47,5,1,1
1590,2025-04-12,2025,4,12,5,1,3,9,16,17,31,48,36,124,20.67,3,48,45,4,2,1
1591,2025-04-16,2025,4,16,2,0,9,16,20,23,26,51,29,145,24.17,9,51,42,3,3,0
1592,2025-04-19,2025,4,19,5,1,6,9,11,33,38,52,32,149,24.83,6,52,46,3,3,1
1593,2025-04-23,2025,4,23,2,0,1,5,22,31,34,44,33,137,22.83,1,44,43,3,3,0
1594,2025-04-26,2025,4,26,5,1,18,20,28,30,31,36,49,163,27.17,18,36,18,1,5,0
1595,2025-04-30,2025,4,30,2,0,8,19,20,31,45,52,3,175,29.17,8,52,44,3,3,0
1596,2025-05-03,2025,5,3,5,1,4,5,7,10,11,41,2,78,13.0,4,41,37,4,2,1
1597,2025-05-07,2025,5,7,2,0,9,10,27,30,31,45,23,152,25.33,9,45,36,4,2,0
1598,2025-05-10,2025,5,10,5,1,3,13,18,24,30,31,25,119,19.83,3,31,28,3,3,0
1599,2025-05-14,2025,5,14,2,0,9,18,19,30,31,40,28,147,24.5,9,40,31,3,3,1
1600,2025-05-17,2025,5,17,5,1,12,28,29,38,46,49,25,202,33.67,12,49,37,2,4,0
1601,2025-05-21,2025,5,21,2,0,6,17,25,29,38,46,20,161,26.83,6,46,40,3,3,1
1602,2025-05-24,2025,5,24,5,1,3,7,29,33,37,46,43,155,25.83,3,46,43,5,1,0
1603,2025-05-28,2025,5,28,2,0,1,2,3,18,29,32,14,85,14.17,1,32,31,3,3,1
1604,2025-05-31,2025,5,31,5,1,8,19,26,31,46,49,4,179,29.83,8,49,41,3,3,1
1605,2025-06-04,2025,6,4,2,0,8,24,32,34,36,52,26,186,31.0,8,52,44,0,6,1
1606,2025-06-07,2025,6,7,5,1,1,16,36,40,42,50,6,185,30.83,1,50,49,1,5,1
1607,2025-06-11,2025,6,11,2,0,16,32,35,38,43,46,50,210,35.0,16,46,30,2,4,1
1608,2025-06-14,2025,6,14,5,1,5,8,17,18,29,35,50,112,18.67,5,35,30,4,2,1
1609,2025-06-18,2025,6,18,2,0,10,13,27,30,38,39,16,157,26.17,10,39,29,3,3,1
1610,2025-06-21,2025,6,21,5,1,1,28,32,39,41,48,4,189,31.5,1,48,47,3,3,1
1611,2025-06-25,2025,6,25,2,0,16,17,18,41,45,46,5,183,30.5,16,46,30,3,3,0
1612,2025-06-28,2025,6,28,5,1,1,13,18,20,47,50,27,149,24.83,1,50,49,3,3,0
1613,2025-07-02,2025,7,2,2,0,8,11,26,35,44,45,41,169,28.17,8,45,37,3,3,0
1614,2025-07-05,2025,7,5,5,1,8,14,29,30,49,52,23,182,30.33,8,52,44,2,4,0
1615,2025-07-09,2025,7,9,2,0,1,8,12,13,31,35,49,100,16.67,1,35,34,4,2,0
1616,2025-07-12,2025,7,12,5,1,5,6,7,15,30,34,2,97,16.17,5,34,29,3,3,1
1617,2025-07-16,2025,7,16,2,0,8,10,27,44,45,48,26,182,30.33,8,48,40,2,4,1
1618,2025-07-19,2025,7,19,5,1,2,8,11,13,36,46,30,116,19.33,2,46,44,2,4,1
1619,2025-07-23,2025,7,23,2,0,5,8,15,17,40,52,4,137,22.83,5,52,47,3,3,1
1620,2025-07-26,2025,7,26,5,1,12,16,20,22,27,52,21,149,24.83,12,52,40,1,5,0
1621,2025-07-30,2025,7,30,2,0,6,27,29,34,47,50,15,193,32.17,6,50,44,3,3,0
1622,2025-08-02,2025,8,2,5,1,6,16,25,30,50,51,35,178,29.67,6,51,45,2,4,0
1623,2025-08-06,2025,8,6,2,0,3,5,18,26,31,49,22,132,22.0,3,49,46,4,2,1
1624,2025-08-09,2025,8,9,5,1,4,15,38,39,41,51,33,188,31.33,4,51,47,4,2,0
1625,2025-08-13,2025,8,13,2,0,2,4,19,34,38,50,49,147,24.5,2,50,48,1,5,0
1626,2025-08-16,2025,8,16,5,1,2,15,17,22,23,50,19,129,21.5,2,50,48,3,3,0
1627,2025-08-20,2025,8,20,2,0,2,14,16,19,41,43,45,135,22.5,2,43,41,3,3,0
1628,2025-08-23,2025,8,23,5,1,10,14,22,31,32,49,39,158,26.33,10,49,39,2,4,0
1629,2025-08-27,2025,8,27,2,0,3,11,17,28,44,52,48,155,25.83,3,52,49,3,3,1
1630,2025-08-30,2025,8,30,5,1,8,25,29,36,46,51,20,195,32.5,8,51,43,3,3,1
1631,2025-09-03,2025,9,3,2,0,17,25,26,30,44,48,38,190,31.67,17,48,31,2,4,1
1632,2025-09-06,2025,9,6,5,1,3,12,28,39,41,50,42,173,28.83,3,50,47,3,3,1
1633,2025-09-10,2025,9,10,2,0,19,26,28,35,37,46,3,191,31.83,19,46,27,3,3,0
1634,2025-09-13,2025,9,13,5,1,12,20,21,22,28,33,42,136,22.67,12,33,21,2,4,1
1635,2025-09-17,2025,9,17,2,0,12,18,23,27,38,52,48,170,28.33,12,52,40,2,4,1
1636,2025-09-20,2025,9,20,5,1,4,5,14,21,34,52,46,130,21.67,4,52,48,2,4,1
1637,2025-09-24,2025,9,24,2,0,16,23,32,42,49,58,55,220,36.67,16,58,42,2,4,0
1638,2025-09-27,2025,9,27,5,1,7,12,14,32,37,52,5,154,25.67,7,52,45,2,4,0
1639,2025-10-01,2025,10,1,2,0,5,12,14,20,28,30,16,109,18.17,5,30,25,1,5,1
1640,2025-10-04,2025,10,4,5,1,4,8,36,41,43,57,45,189,31.5,4,57,53,3,3,0
1641,2025-10-08,2025,10,8,2,0,7,11,29,35,46,56,26,184,30.67,7,56,49,4,2,1
1642,2025-10-11,2025,10,11,5,1,23,24,27,33,36,58,18,201,33.5,23,58,35,3,3,1
1643,2025-10-15,2025,10,15,2,0,16,17,20,27,49,51,57,180,30.0,16,51,35,4,2,0
1644,2025-10-18,2025,10,18,5,1,5,27,33,37,41,58,18,201,33.5,5,58,53,5,1,1
1645,2025-10-22,2025,10,22,2,0,8,17,31,40,44,53,48,193,32.17,8,53,45,3,3,1
1646,2025-10-25,2025,10,25,5,1,7,27,39,45,48,56,36,222,37.0,7,56,49,4,2,1
1647,2025-10-29,2025,10,29,2,0,2,10,22,43,45,53,6,175,29.17,2,53,51,3,3,1
1648,2025-11-01,2025,11,1,5,1,1,12,21,24,49,56,44,163,27.17,1,56,55,3,3,1
1649,2025-11-05,2025,11,5,2,0,9,13,33,51,55,58,19,219,36.5,9,58,49,5,1,0
1650,2025-11-08,2025,11,8,5,1,9,10,19,38,52,55,7,183,30.5,9,55,46,3,3,0
1651,2025-11-12,2025,11,12,2,0,9,16,20,39,44,56,47,184,30.67,9,56,47,2,4,0
1652,2025-11-15,2025,11,15,5,1,13,31,33,43,46,53,20,219,36.5,13,53,40,5,1,1
1653,2025-11-19,2025,11,19,2,0,14,19,21,26,56,58,37,194,32.33,14,58,44,2,4,0
1654,2025-11-22,2025,11,22,5,1,4,5,6,15,39,50,28,119,19.83,4,50,46,3,3,1
1655,2025-11-26,2025,11,26,2,0,4,8,25,32,33,36,22,138,23.0,4,36,32,2,4,1
1656,2025-11-29,2025,11,29,5,1,8,18,22,46,54,58,51,206,34.33,8,58,50,0,6,0
1657,2025-12-03,2025,12,3,2,0,1,8,29,32,42,53,45,165,27.5,1,53,52,3,3,0
1658,2025-12-06,2025,12,6,5,1,4,6,13,15,29,35,20,102,17.0,4,35,31,4,2,1
1659,2025-12-10,2025,12,10,2,0,10,13,14,22,32,48,57,139,23.17,10,48,38,1,5,0
1660,2025-12-13,2025,12,13,5,1,9,18,30,53,54,58,8,222,37.0,9,58,49,2,4,1
1661,2025-12-17,2025,12,17,2,0,1,6,12,26,40,54,38,139,23.17,1,54,53,1,5,1
1662,2025-12-20,2025,12,20,5,1,5,40,47,49,53,54,29,248,41.33,5,54,49,4,2,0
1663,2025-12-24,2025,12,24,2,0,7,12,20,39,43,56,34,177,29.5,7,56,49,3,3,1
1664,2025-12-27,2025,12,27,5,1,8,11,24,32,43,45,41,163,27.17,8,45,37,3,3,0
1665,2025-12-31,2025,12,31,2,0,4,5,10,16,22,45,25,102,17.0,4,45,41,2,4,0
1666,2026-01-03,2026,1,3,5,1,1,24,33,34,45,55,37,192,32.0,1,55,54,4,2,0
1667,2026-01-07,2026,1,7,2,0,4,6,29,44,49,57,2,189,31.5,4,57,53,3,3,1
1668,2026-01-10,2026,1,10,5,1,7,18,29,36,51,58,40,199,33.17,7,58,51,3,3,1
1669,2026-01-14,2026,1,14,2,0,16,34,36,43,56,57,55,242,40.33,16,57,41,2,4,0
1670,2026-01-17,2026,1,17,5,1,24,32,38,49,55,58,51,256,42.67,24,58,34,2,4,0
1671,2026-01-21,2026,1,21,2,0,9,18,32,35,54,56,2,204,34.0,9,56,47,2,4,1
1672,2026-01-24,2026,1,24,5,1,7,23,28,37,50,58,19,203,33.83,7,58,51,3,3,0
1673,2026-01-28,2026,1,28,2,0,9,18,19,36,37,49,50,168,28.0,9,49,40,4,2,1
1674,2026-01-31,2026,1,31,5,1,15,32,36,39,40,48,28,210,35.0,15,48,33,2,4,1
1675,2026-02-04,2026,2,4,2,0,3,17,20,26,51,53,22,170,28.33,3,53,50,4,2,1
1676,2026-02-07,2026,2,7,5,1,1,3,12,21,48,51,30,136,22.67,1,51,50,4,2,1
1677,2026-02-11,2026,2,11,2,0,14,16,22,24,29,35,3,140,23.33,14,35,21,2,4,0
1678,2026-02-14,2026,2,14,5,1,6,10,18,32,37,46,53,149,24.83,6,46,40,1,5,0
1679,2026-02-18,2026,2,18,2,0,6,13,22,36,50,56,28,183,30.5,6,56,50,1,5,1
1680,2026-02-21,2026,2,21,5,1,2,8,39,43,45,55,6,192,32.0,2,55,53,4,2,1
1681,2026-02-25,2026,2,25,2,0,7,11,12,32,38,55,20,155,25.83,7,55,48,3,3,1
1682,2026-02-28,2026,2,28,5,1,2,7,15,33,38,48,5,143,23.83,2,48,46,3,3,0
1683,2026-03-04,2026,3,4,2,0,1,10,11,17,37,57,25,133,22.17,1,57,56,5,1,0
1684,2026-03-07,2026,3,7,5,1,4,13,14,20,22,47,29,120,20.0,4,47,43,2,4,0
1685,2026-03-11,2026,3,11,2,0,2,5,49,54,56,58,46,224,37.33,2,58,56,2,4,1
1686,2026-03-14,2026,3,14,5,1,12,22,30,32,42,58,57,196,32.67,12,58,46,0,6,0
1687,2026-03-18,2026,3,18,2,0,4,24,26,45,46,49,5,194,32.33,4,49,45,2,4,0
1688,2026-03-21,2026,3,21,5,1,3,7,16,22,42,53,9,143,23.83,3,53,50,3,3,0
1689,2026-03-25,2026,3,25,2,0,1,12,19,28,31,52,38,143,23.83,1,52,51,3,3,1
1690,2026-03-28,2026,3,28,5,1,6,12,26,40,41,55,17,180,30.0,6,55,49,2,4,0
1691,2026-04-01,2026,4,1,2,0,14,18,27,29,52,56,10,196,32.67,14,56,42,2,4,1
1692,2026-04-04,2026,4,4,5,1,11,13,15,30,39,48,8,156,26.0,11,48,37,4,2,1
1693,2026-04-08,2026,4,8,2,0,2,23,40,43,48,53,55,209,34.83,2,53,51,3,3,0
1694,2026-04-11,2026,4,11,5,1,15,41,43,45,57,58,1,259,43.17,15,58,43,5,1,0
1695,2026-04-15,2026,4,15,2,0,1,2,10,22,27,54,55,116,19.33,1,54,53,2,4,0
1696,2026-04-18,2026,4,18,5,1,23,25,31,48,52,53,8,232,38.67,23,53,30,4,2,1
1697,2026-04-22,2026,4,22,2,0,10,12,23,26,27,37,5,135,22.5,10,37,27,3,3,0
1698,2026-04-25,2026,4,25,5,1,9,22,26,30,50,54,42,191,31.83,9,54,45,1,5,1
1699,2026-04-30,2026,4,30,3,0,3,9,15,32,36,49,40,144,24.0,3,49,46,4,2,1
1700,2026-05-02,2026,5,2,5,1,7,28,32,40,44,49,37,200,33.33,7,49,42,2,4,0
1701,2026-05-06,2026,5,6,2,0,6,8,23,40,42,44,10,163,27.17,6,44,38,1,5,1
1702,2026-05-09,2026,5,9,5,1,18,21,24,45,52,56,53,216,36.0,18,56,38,2,4,0
1703,2026-05-13,2026,5,13,2,0,1,22,37,40,51,58,43,209,34.83,1,58,57,3,3,0
1704,2026-05-16,2026,5,16,5,1,34,40,42,45,56,58,52,275,45.83,34,58,24,1,5,1
1705,2026-05-20,2026,5,20,2,0,1,4,12,13,24,58,53,112,18.67,1,58,57,2,4,0
1706,2026-05-23,2026,5,23,5,1,33,39,45,47,49,53,34,266,44.33,33,53,20,6,0,1
1707,2026-05-27,2026,5,27,2,0,8,17,29,35,38,56,50,183,30.5,8,56,48,3,3,1
1708,2026-05-30,2026,5,30,5,1,21,35,39,46,51,56,4,248,41.33,21,56,35,4,2,1
1709,2026-06-03,2026,6,3,2,0,5,8,19,30,44,46,13,152,25.33,5,46,41,2,4,0
1710,2026-06-06,2026,6,6,5,1,8,16,20,40,50,51,22,185,30.83,8,51,43,1,5,1
1711,2026-06-10,2026,6,10,2,0,15,16,17,18,25,33,3,124,20.67,15,33,18,4,2,0
1712,2026-06-13,2026,6,13,5,1,4,7,19,26,49,50,46,155,25.83,4,50,46,3,3,1
1713,2026-06-17,2026,6,17,2,0,8,34,36,42,51,52,18,223,37.17,8,52,44,1,5,1
1714,2026-06-20,2026,6,20,5,1,1,19,20,22,47,50,32,159,26.5,1,50,49,3,3,1
1715,2026-06-24,2026,6,24,2,0,12,23,42,46,48,51,18,222,37.0,12,51,39,2,4,1
1716,2026-06-27,2026,6,27,5,1,2,10,21,37,42,43,34,155,25.83,2,43,41,3,3,1
1717,2026-07-01,2026,7,1,2,0,5,10,20,23,43,52,28,153,25.5,5,52,47,3,3,1
1718,2026-07-04,2026,7,4,5,1,19,24,26,30,32,44,8,175,29.17,19,44,25,1,5,1
1719,2026-07-08,2026,7,8,2,0,11,13,21,22,29,36,47,132,22.0,11,36,25,4,2,0
1720,2026-07-11,2026,7,11,5,1,8,14,20,33,34,47,42,156,26.0,8,47,39,2,4,1
1721,2026-07-15,2026,7,15,2,0,23,39,47,48,49,51,21,257,42.83,23,51,28,5,1,0
1722,2026-07-18,2026,7,18,5,1,10,25,40,41,47,48,49,211,35.17,10,48,38,3,3,0
1723,2026-07-22,2026,7,22,2,0,2,4,28,32,34,35,23,135,22.5,2,35,33,1,5,0
1724,2026-07-25,2026,7,25,5,1,9,13,26,28,29,43,5,148,24.67,9,43,34,4,2,0
1725,2026-07-29,2026,7,29,2,0,4,15,22,24,41,52,48,158,26.33,4,52,48,2,4,1
1726,2026-08-01,2026,8,1,5,1,9,11,12,24,39,41,16,136,22.67,9,41,32,4,2,1
1727,2026-08-05,2026,8,5,2,0,17,23,29,31,33,40,3,173,28.83,17,40,23,5,1,0
1728,2026-08-08,2026,8,8,5,1,7,10,13,18,24,42,30,114,19.0,7,42,35,2,4,1
1729,2026-08-12,2026,8,12,2,0,6,11,27,28,34,45,1,151,25.17,6,45,39,3,3,0
1730,2026-08-15,2026,8,15,5,1,2,13,19,20,34,52,11,140,23.33,2,52,50,2,4,0
1731,2010-01-02,2010,1,2,5,1,14,21,28,31,37,38,16,169,28.17,14,38,24,3,3,1
1732,2010-01-06,2010,1,6,2,0,3,25,26,29,33,38,13,154,25.67,3,38,35,4,2,0
1733,2010-01-09,2010,1,9,5,1,4,18,24,29,41,45,19,161,26.83,4,45,41,3,3,0
1734,2010-01-13,2010,1,13,2,0,4,23,26,27,38,45,2,163,27.17,4,45,41,3,3,1
1735,2010-01-16,2010,1,16,5,1,16,24,27,38,44,48,28,197,32.83,16,48,32,1,5,1
1736,2010-01-20,2010,1,20,2,0,4,7,11,12,16,49,45,99,16.5,4,49,45,3,3,0
1737,2010-01-23,2010,1,23,5,1,6,10,11,21,41,43,49,132,22.0,6,43,37,4,2,0
1738,2010-01-27,2010,1,27,2,0,10,24,29,33,44,47,11,187,31.17,10,47,37,3,3,0
1739,2010-01-30,2010,1,30,5,1,11,17,24,42,43,47,5,184,30.67,11,47,36,4,2,0
1740,2010-02-03,2010,2,3,2,0,1,10,29,31,33,49,26,153,25.5,1,49,48,5,1,1
1741,2010-02-06,2010,2,6,5,1,6,16,29,31,37,48,3,167,27.83,6,48,42,3,3,0
1742,2010-02-10,2010,2,10,2,0,12,18,19,22,45,47,41,163,27.17,12,47,35,3,3,0
1743,2010-02-13,2010,2,13,5,1,17,18,20,30,40,42,36,167,27.83,17,42,25,1,5,1
1744,2010-02-17,2010,2,17,2,0,3,7,10,12,25,27,5,84,14.0,3,27,24,4,2,0
1745,2010-02-20,2010,2,20,5,1,7,8,17,18,34,35,31,119,19.83,7,35,28,3,3,0
1746,2010-02-24,2010,2,24,2,0,7,32,36,44,45,46,16,210,35.0,7,46,39,2,4,1
1747,2010-02-27,2010,2,27,5,1,4,9,13,21,41,44,38,132,22.0,4,44,40,4,2,1
1748,2010-03-03,2010,3,3,2,0,9,10,14,22,25,26,24,106,17.67,9,26,17,2,4,1
1749,2010-03-06,2010,3,6,5,1,26,30,35,38,43,45,5,217,36.17,26,45,19,3,3,0
1750,2010-03-10,2010,3,10,2,0,8,11,14,18,23,48,44,122,20.33,8,48,40,2,4,1
1751,2010-03-13,2010,3,13,5,1,4,5,19,21,40,43,7,132,22.0,4,43,39,4,2,0
1752,2010-03-17,2010,3,17,2,0,24,33,34,43,48,49,29,231,38.5,24,49,25,3,3,0
1753,2010-03-20,2010,3,20,5,1,6,12,20,28,38,43,23,147,24.5,6,43,37,1,5,0
1754,2010-03-24,2010,3,24,2,0,2,6,11,16,45,46,40,126,21.0,2,46,44,2,4,1
1755,2010-03-27,2010,3,27,5,1,15,17,42,44,45,47,30,210,35.0,15,47,32,4,2,1
1756,2010-03-31,2010,3,31,2,0,3,9,18,24,33,41,5,128,21.33,3,41,38,4,2,0
1757,2010-04-03,2010,4,3,5,1,19,26,32,40,42,47,20,206,34.33,19,47,28,2,4,1
1758,2010-04-07,2010,4,7,2,0,16,18,19,24,41,45,48,163,27.17,16,45,29,3,3,1
1759,2010-04-10,2010,4,10,5,1,2,4,6,15,27,45,40,99,16.5,2,45,43,3,3,1
1760,2010-04-14,2010,4,14,2,0,1,10,12,19,39,49,26,130,21.67,1,49,48,4,2,1
1761,2010-04-17,2010,4,17,5,1,8,9,16,22,25,31,29,111,18.5,8,31,23,3,3,0
1762,2010-04-21,2010,4,21,2,0,9,10,16,17,18,46,41,116,19.33,9,46,37,2,4,0
1763,2010-04-24,2010,4,24,5,1,1,3,4,13,16,39,48,76,12.67,1,39,38,4,2,1
1764,2010-04-28,2010,4,28,2,0,10,16,20,41,42,48,25,177,29.5,10,48,38,1,5,0
1765,2010-05-01,2010,5,1,5,1,4,9,13,26,42,44,22,138,23.0,4,44,40,2,4,1
1766,2010-05-05,2010,5,5,2,0,7,8,11,14,18,21,41,79,13.17,7,21,14,3,3,0
1767,2010-05-08,2010,5,8,5,1,12,20,22,27,38,44,13,163,27.17,12,44,32,1,5,0
1768,2010-05-12,2010,5,12,2,0,18,21,33,42,43,46,49,203,33.83,18,46,28,3,3,0
1769,2010-05-15,2010,5,15,5,1,6,7,21,34,44,45,31,157,26.17,6,45,39,3,3,0
1770,2010-05-19,2010,5,19,2,0,20,26,30,32,34,41,25,183,30.5,20,41,21,1,5,0
1771,2010-05-22,2010,5,22,5,1,3,5,9,14,20,36,43,87,14.5,3,36,33,3,3,0
1772,2010-05-26,2010,5,26,2,0,11,18,39,40,42,44,28,194,32.33,11,44,33,2,4,1
1773,2010-05-29,2010,5,29,5,1,3,4,6,19,21,42,32,95,15.83,3,42,39,3,3,1
1774,2010-06-02,2010,6,2,2,0,1,6,11,16,37,45,5,116,19.33,1,45,44,4,2,0
1775,2010-06-05,2010,6,5,5,1,9,16,23,26,38,47,7,159,26.5,9,47,38,3,3,0
1776,2010-06-09,2010,6,9,2,0,4,17,23,26,30,49,9,149,24.83,4,49,45,3,3,0
1777,2010-06-12,2010,6,12,5,1,8,10,12,23,25,45,46,123,20.5,8,45,37,3,3,1
1778,2010-06-16,2010,6,16,2,0,2,27,30,43,44,49,41,195,32.5,2,49,47,3,3,0
1779,2010-06-19,2010,6,19,5,1,7,21,23,27,45,49,47,172,28.67,7,49,42,6,0,0
1780,2010-06-23,2010,6,23,2,0,9,23,34,37,38,43,11,184,30.67,9,43,34,4,2,0
1781,2010-06-26,2010,6,26,5,1,5,16,18,24,32,38,49,133,22.17,5,38,33,1,5,0
1782,2010-06-30,2010,6,30,2,0,2,6,23,35,39,47,26,152,25.33,2,47,45,4,2,1
1783,2010-07-03,2010,7,3,5,1,1,18,38,39,45,49,26,190,31.67,1,49,48,4,2,1
1784,2010-07-07,2010,7,7,2,0,6,8,24,32,45,47,21,162,27.0,6,47,41,2,4,0
1785,2010-07-10,2010,7,10,5,1,2,4,19,27,31,49,26,132,22.0,2,49,47,4,2,1
1786,2010-07-14,2010,7,14,2,0,6,21,27,32,37,49,18,172,28.67,6,49,43,4,2,1
1787,2010-07-17,2010,7,17,5,1,5,10,13,15,26,38,31,107,17.83,5,38,33,3,3,0
1788,2010-07-21,2010,7,21,2,0,10,13,24,26,41,46,5,160,26.67,10,46,36,2,4,0
1789,2010-07-24,2010,7,24,5,1,17,33,38,41,44,46,3,219,36.5,17,46,29,3,3,0
1790,2010-07-28,2010,7,28,2,0,3,5,11,14,19,49,23,101,16.83,3,49,46,5,1,0
1791,2010-07-31,2010,7,31,5,1,8,14,20,22,28,49,17,141,23.5,8,49,41,1,5,0
1792,2010-08-04,2010,8,4,2,0,2,11,15,21,39,42,40,130,21.67,2,42,40,4,2,1
1793,2010-08-07,2010,8,7,5,1,9,10,18,46,47,49,15,179,29.83,9,49,40,3,3,0
1794,2010-08-11,2010,8,11,2,0,1,14,20,26,39,46,7,146,24.33,1,46,45,2,4,0
1795,2010-08-14,2010,8,14,5,1,5,6,16,26,46,49,2,148,24.67,5,49,44,2,4,1
1796,2010-08-18,2010,8,18,2,0,22,24,27,36,40,43,15,192,32.0,22,43,21,2,4,0
1797,2010-08-21,2010,8,21,5,1,10,13,14,26,29,31,24,123,20.5,10,31,21,3,3,1
1798,2010-08-25,2010,8,25,2,0,1,4,6,22,40,45,39,118,19.67,1,45,44,2,4,0
1799,2010-08-28,2010,8,28,5,1,8,12,33,34,37,44,38,168,28.0,8,44,36,2,4,1
1800,2010-09-01,2010,9,1,2,0,13,37,39,41,43,46,28,219,36.5,13,46,33,5,1,1
1801,2010-09-04,2010,9,4,5,1,15,21,23,31,34,48,44,172,28.67,15,48,33,4,2,1
1802,2010-09-08,2010,9,8,2,0,9,12,13,15,18,47,21,114,19.0,9,47,38,4,2,0
1803,2010-09-11,2010,9,11,5,1,13,20,31,32,36,38,19,170,28.33,13,38,25,2,4,0
1804,2010-09-15,2010,9,15,2,0,14,24,26,27,38,46,25,175,29.17,14,46,32,1,5,0
1805,2010-09-18,2010,9,18,5,1,13,18,25,27,43,45,36,171,28.5,13,45,32,5,1,1
1806,2010-09-22,2010,9,22,2,0,2,7,21,22,33,38,11,123,20.5,2,38,36,3,3,0
1807,2010-09-25,2010,9,25,5,1,1,5,13,16,22,24,37,81,13.5,1,24,23,3,3,0
1808,2010-09-29,2010,9,29,2,0,1,3,4,14,30,49,29,101,16.83,1,49,48,3,3,0
1809,2010-10-02,2010,10,2,5,1,1,2,19,23,33,37,16,115,19.17,1,37,36,5,1,1
1810,2010-10-06,2010,10,6,2,0,1,10,13,17,20,47,24,108,18.0,1,47,46,4,2,1
1811,2010-10-09,2010,10,9,5,1,6,11,19,32,37,47,34,152,25.33,6,47,41,4,2,1
1812,2010-10-13,2010,10,13,2,0,4,12,13,17,20,38,8,104,17.33,4,38,34,2,4,1
1813,2010-10-16,2010,10,16,5,1,4,21,22,25,37,47,13,156,26.0,4,47,43,4,2,0
1814,2010-10-20,2010,10,20,2,0,6,18,19,29,44,46,32,162,27.0,6,46,40,2,4,1
1815,2010-10-23,2010,10,23,5,1,8,12,17,19,20,36,39,112,18.67,8,36,28,2,4,0
1816,2010-10-27,2010,10,27,2,0,1,8,13,19,23,33,24,97,16.17,1,33,32,5,1,1
1817,2010-10-30,2010,10,30,5,1,5,12,17,29,30,39,26,132,22.0,5,39,34,4,2,1
1818,2010-11-03,2010,11,3,2,0,12,16,17,19,27,44,5,135,22.5,12,44,32,3,3,0
1819,2010-11-06,2010,11,6,5,1,13,20,21,34,41,45,1,174,29.0,13,45,32,4,2,0
1820,2010-11-10,2010,11,10,2,0,12,19,25,26,28,40,38,150,25.0,12,40,28,2,4,1
1821,2010-11-13,2010,11,13,5,1,15,23,26,40,42,46,14,192,32.0,15,46,31,2,4,1
1822,2010-11-17,2010,11,17,2,0,18,22,33,35,41,46,31,195,32.5,18,46,28,3,3,0
1823,2010-11-20,2010,11,20,5,1,7,17,34,37,38,39,36,172,28.67,7,39,32,4,2,1
1824,2010-11-24,2010,11,24,2,0,8,10,14,33,45,48,34,158,26.33,8,48,40,2,4,1
1825,2010-11-27,2010,11,27,5,1,1,9,23,27,28,31,22,119,19.83,1,31,30,5,1,1
1826,2010-12-01,2010,12,1,2,0,1,8,15,24,40,42,33,130,21.67,1,42,41,2,4,0
1827,2010-12-04,2010,12,4,5,1,6,10,17,27,30,32,7,122,20.33,6,32,26,2,4,0
1828,2010-12-08,2010,12,8,2,0,6,19,24,26,38,49,32,162,27.0,6,49,43,2,4,1
1829,2010-12-11,2010,12,11,5,1,2,3,11,16,30,37,46,99,16.5,2,37,35,3,3,1
1830,2010-12-15,2010,12,15,2,0,6,13,28,32,37,49,8,165,27.5,6,49,43,3,3,1
1831,2010-12-18,2010,12,18,5,1,6,8,30,31,42,48,45,165,27.5,6,48,42,1,5,0
1832,2010-12-22,2010,12,22,2,0,2,9,11,14,27,32,38,95,15.83,2,32,30,3,3,1
1833,2010-12-29,2010,12,29,2,0,31,33,39,41,42,48,24,234,39.0,31,48,17,4,2,1
1834,2011-01-01,2011,1,1,5,1,22,24,30,31,41,48,7,196,32.67,22,48,26,2,4,0
1835,2011-01-05,2011,1,5,2,0,1,4,8,12,20,33,19,78,13.0,1,33,32,2,4,0
1836,2011-01-08,2011,1,8,5,1,10,12,26,39,40,44,3,171,28.5,10,44,34,1,5,0
1837,2011-01-12,2011,1,12,2,0,5,13,28,33,34,42,43,155,25.83,5,42,37,3,3,0
1838,2011-01-15,2011,1,15,5,1,1,3,20,30,34,46,2,134,22.33,1,46,45,2,4,1
1839,2011-01-19,2011,1,19,2,0,5,7,15,23,29,33,43,112,18.67,5,33,28,6,0,0
1840,2011-01-22,2011,1,22,5,1,2,8,10,29,33,46,13,128,21.33,2,46,44,2,4,0
1841,2011-01-26,2011,1,26,2,0,22,26,31,35,37,40,16,191,31.83,22,40,18,3,3,1
1842,2011-01-29,2011,1,29,5,1,6,7,16,31,32,38,8,130,21.67,6,38,32,2,4,1
1843,2011-02-02,2011,2,2,2,0,2,5,6,13,32,49,18,107,17.83,2,49,47,3,3,1
1844,2011-02-05,2011,2,5,5,1,8,9,13,17,19,27,10,93,15.5,8,27,19,5,1,1
1845,2011-02-09,2011,2,9,2,0,1,9,20,22,23,26,21,101,16.83,1,26,25,3,3,0
1846,2011-02-12,2011,2,12,5,1,8,12,25,35,46,47,39,173,28.83,8,47,39,3,3,0
1847,2011-02-16,2011,2,16,2,0,3,20,29,35,44,46,18,177,29.5,3,46,43,3,3,1
1848,2011-02-19,2011,2,19,5,1,16,17,19,25,26,48,46,151,25.17,16,48,32,3,3,1
1849,2011-02-23,2011,2,23,2,0,6,11,21,29,31,34,42,132,22.0,6,34,28,4,2,1
1850,2011-02-26,2011,2,26,5,1,10,19,24,27,38,49,47,167,27.83,10,49,39,3,3,0
1851,2011-03-02,2011,3,2,2,0,2,10,22,39,46,47,5,166,27.67,2,47,45,2,4,0
1852,2011-03-05,2011,3,5,5,1,13,14,15,23,24,47,32,136,22.67,13,47,34,4,2,1
1853,2011-03-09,2011,3,9,2,0,1,8,12,21,31,46,47,119,19.83,1,46,45,3,3,0
1854,2011-03-12,2011,3,12,5,1,15,29,31,35,41,48,6,199,33.17,15,48,33,5,1,1
1855,2011-03-16,2011,3,16,2,0,4,5,26,30,32,48,44,145,24.17,4,48,44,1,5,1
1856,2011-03-19,2011,3,19,5,1,3,10,14,35,37,40,25,139,23.17,3,40,37,3,3,0
1857,2011-03-23,2011,3,23,2,0,3,7,13,18,24,43,46,108,18.0,3,43,40,4,2,1
1858,2011-03-26,2011,3,26,5,1,3,14,17,26,37,49,42,146,24.33,3,49,46,4,2,1
1859,2011-03-30,2011,3,30,2,0,5,8,17,41,45,46,15,162,27.0,5,46,41,4,2,0
1860,2011-04-02,2011,4,2,5,1,1,2,9,17,20,28,44,77,12.83,1,28,27,3,3,1
1861,2011-04-06,2011,4,6,2,0,4,12,16,21,22,34,41,109,18.17,4,34,30,1,5,0
1862,2011-04-09,2011,4,9,5,1,12,36,38,39,42,47,24,214,35.67,12,47,35,2,4,1
1863,2011-04-13,2011,4,13,2,0,15,16,18,20,21,35,25,125,20.83,15,35,20,3,3,0
1864,2011-04-16,2011,4,16,5,1,10,19,24,34,38,48,16,173,28.83,10,48,38,1,5,1
1865,2011-04-20,2011,4,20,2,0,3,6,13,21,42,49,19,134,22.33,3,49,46,4,2,0
1866,2011-04-23,2011,4,23,5,1,2,5,10,18,25,32,3,92,15.33,2,32,30,2,4,0
1867,2011-04-27,2011,4,27,2,0,7,10,13,14,21,31,39,96,16.0,7,31,24,4,2,0
1868,2011-04-30,2011,4,30,5,1,3,27,34,35,36,39,10,174,29.0,3,39,36,4,2,1
1869,2011-05-04,2011,5,4,2,0,20,28,37,39,46,48,16,218,36.33,20,48,28,2,4,1
1870,2011-05-07,2011,5,7,5,1,2,17,22,25,42,47,37,155,25.83,2,47,45,3,3,0
1871,2011-05-11,2011,5,11,2,0,8,12,14,15,18,46,19,113,18.83,8,46,38,1,5,0
1872,2011-05-14,2011,5,14,5,1,2,5,22,29,34,46,33,138,23.0,2,46,44,2,4,0
1873,2011-05-18,2011,5,18,2,0,12,22,23,39,44,47,7,187,31.17,12,47,35,3,3,0
1874,2011-05-21,2011,5,21,5,1,5,12,17,24,29,30,6,117,19.5,5,30,25,3,3,1
1875,2011-05-25,2011,5,25,2,0,6,23,25,39,48,49,14,190,31.67,6,49,43,4,2,1
1876,2011-05-28,2011,5,28,5,1,4,10,14,22,40,41,36,131,21.83,4,41,37,1,5,1
1877,2011-06-01,2011,6,1,2,0,21,35,36,41,44,48,2,225,37.5,21,48,27,3,3,1
1878,2011-06-04,2011,6,4,5,1,7,13,18,21,40,41,46,140,23.33,7,41,34,4,2,1
1879,2011-06-08,2011,6,8,2,0,7,15,18,23,25,41,5,129,21.5,7,41,34,5,1,0
1880,2011-06-11,2011,6,11,5,1,20,27,28,34,38,45,21,192,32.0,20,45,25,2,4,0
1881,2011-06-15,2011,6,15,2,0,4,5,9,10,15,25,33,68,11.33,4,25,21,4,2,0
1882,2011-06-18,2011,6,18,5,1,5,14,16,23,29,34,10,121,20.17,5,34,29,3,3,1
1883,2011-06-22,2011,6,22,2,0,7,17,20,25,29,39,40,137,22.83,7,39,32,5,1,1
1884,2011-06-25,2011,6,25,5,1,9,18,19,22,32,43,27,143,23.83,9,43,34,3,3,0
1885,2011-06-29,2011,6,29,2,0,24,33,38,39,45,47,18,226,37.67,24,47,23,4,2,1
1886,2011-07-02,2011,7,2,5,1,9,21,25,27,44,49,13,175,29.17,9,49,40,5,1,0
1887,2011-07-06,2011,7,6,2,0,6,10,25,27,30,40,23,138,23.0,6,40,34,2,4,0
1888,2011-07-09,2011,7,9,5,1,6,12,17,18,20,43,24,116,19.33,6,43,37,2,4,1
1889,2011-07-13,2011,7,13,2,0,1,7,8,17,39,47,38,119,19.83,1,47,46,5,1,1
1890,2011-07-16,2011,7,16,5,1,4,7,17,43,45,48,5,164,27.33,4,48,44,4,2,0
1891,2011-07-20,2011,7,20,2,0,12,28,33,36,38,39,44,186,31.0,12,39,27,2,4,1
1892,2011-07-23,2011,7,23,5,1,2,20,23,27,31,49,12,152,25.33,2,49,47,4,2,1
1893,2011-07-27,2011,7,27,2,0,20,21,33,40,41,44,5,199,33.17,20,44,24,3,3,0
1894,2011-07-30,2011,7,30,5,1,4,13,23,33,39,48,10,160,26.67,4,48,44,4,2,1
1895,2011-08-03,2011,8,3,2,0,3,7,11,28,43,44,21,136,22.67,3,44,41,4,2,0
1896,2011-08-06,2011,8,6,5,1,9,13,18,23,35,39,38,137,22.83,9,39,30,5,1,1
1897,2011-08-10,2011,8,10,2,0,20,21,34,39,47,49,41,210,35.0,20,49,29,4,2,0
1898,2011-08-13,2011,8,13,5,1,11,20,22,23,28,33,47,137,22.83,11,33,22,3,3,0
1899,2011-08-17,2011,8,17,2,0,1,2,20,21,42,49,5,135,22.5,1,49,48,3,3,0
1900,2011-08-20,2011,8,20,5,1,3,26,28,41,42,45,46,185,30.83,3,45,42,3,3,1
1901,2011-08-24,2011,8,24,2,0,3,18,21,31,42,45,25,160,26.67,3,45,42,4,2,0
1902,2011-08-27,2011,8,27,5,1,13,16,32,36,44,45,10,186,31.0,13,45,32,2,4,1
1903,2011-08-31,2011,8,31,2,0,16,20,25,32,38,44,21,175,29.17,16,44,28,1,5,0
1904,2011-09-03,2011,9,3,5,1,2,8,12,31,47,49,5,149,24.83,2,49,47,3,3,0
1905,2011-09-07,2011,9,7,2,0,7,15,23,24,43,47,31,159,26.5,7,47,40,5,1,0
1906,2011-09-10,2011,9,10,5,1,2,5,13,24,26,31,12,101,16.83,2,31,29,3,3,1
1907,2011-09-14,2011,9,14,2,0,8,12,15,44,46,47,35,172,28.67,8,47,39,2,4,0
1908,2011-09-17,2011,9,17,5,1,2,4,5,8,16,29,23,64,10.67,2,29,27,2,4,0
1909,2011-09-21,2011,9,21,2,0,10,19,26,27,30,36,15,148,24.67,10,36,26,2,4,0
1910,2011-09-24,2011,9,24,5,1,9,10,22,28,32,49,48,150,25.0,9,49,40,2,4,1
1911,2011-09-28,2011,9,28,2,0,6,16,21,38,41,48,44,170,28.33,6,48,42,2,4,1
1912,2011-10-01,2011,10,1,5,1,11,13,15,16,20,25,29,100,16.67,11,25,14,4,2,0
1913,2011-10-05,2011,10,5,2,0,5,15,21,29,38,47,37,155,25.83,5,47,42,5,1,0
1914,2011-10-08,2011,10,8,5,1,11,12,24,25,38,43,36,153,25.5,11,43,32,3,3,1
1915,2011-10-12,2011,10,12,2,0,2,8,9,19,25,47,13,110,18.33,2,47,45,4,2,0
1916,2011-10-15,2011,10,15,5,1,22,23,26,29,35,41,43,176,29.33,22,41,19,4,2,0
1917,2011-10-19,2011,10,19,2,0,2,11,20,39,44,45,33,161,26.83,2,45,43,3,3,0
1918,2011-10-22,2011,10,22,5,1,6,10,15,27,33,39,36,130,21.67,6,39,33,4,2,1
1919,2011-10-26,2011,10,26,2,0,6,18,22,27,29,41,3,143,23.83,6,41,35,3,3,0
1920,2011-10-29,2011,10,29,5,1,3,5,11,13,14,34,42,80,13.33,3,34,31,4,2,1
1921,2011-11-02,2011,11,2,2,0,10,11,12,20,34,39,36,126,21.0,10,39,29,2,4,1
1922,2011-11-05,2011,11,5,5,1,5,16,33,36,39,40,41,169,28.17,5,40,35,3,3,0
1923,2011-11-09,2011,11,9,2,0,1,13,14,17,29,41,24,115,19.17,1,41,40,5,1,1
1924,2011-11-12,2011,11,12,5,1,2,8,14,33,41,46,4,144,24.0,2,46,44,2,4,1
1925,2011-11-16,2011,11,16,2,0,7,11,28,35,43,44,46,168,28.0,7,44,37,4,2,1
1926,2011-11-19,2011,11,19,5,1,1,24,30,40,43,44,13,182,30.33,1,44,43,2,4,0
1927,2011-11-23,2011,11,23,2,0,8,19,27,33,39,47,46,173,28.83,8,47,39,5,1,1
1928,2011-11-26,2011,11,26,5,1,2,6,7,11,23,45,27,94,15.67,2,45,43,4,2,0
1929,2011-11-30,2011,11,30,2,0,3,25,29,35,44,48,17,184,30.67,3,48,45,4,2,0
1930,2011-12-03,2011,12,3,5,1,6,21,29,31,34,39,3,160,26.67,6,39,33,4,2,0
1931,2011-12-07,2011,12,7,2,0,4,8,20,21,39,44,36,136,22.67,4,44,40,2,4,1
1932,2011-12-10,2011,12,10,5,1,22,28,32,44,46,47,33,219,36.5,22,47,25,1,5,0
1933,2011-12-14,2011,12,14,2,0,4,19,36,37,38,48,15,182,30.33,4,48,44,2,4,0
1934,2011-12-17,2011,12,17,5,1,25,26,29,31,35,47,22,193,32.17,25,47,22,5,1,1
1935,2011-12-21,2011,12,21,2,0,15,20,22,29,36,48,37,170,28.33,15,48,33,2,4,0
1936,2011-12-24,2011,12,24,5,1,25,26,29,37,39,42,12,198,33.0,25,42,17,4,2,1
1937,2011-12-28,2011,12,28,2,0,5,6,7,8,19,21,48,66,11.0,5,21,16,4,2,1
1938,2011-12-31,2011,12,31,5,1,2,7,13,18,24,49,28,113,18.83,2,49,47,3,3,1
1939,2012-01-04,2012,1,4,2,0,3,30,33,36,45,46,26,193,32.17,3,46,43,3,3,1
1940,2012-01-07,2012,1,7,5,1,5,7,11,20,27,36,49,106,17.67,5,36,31,4,2,0
1941,2012-01-11,2012,1,11,2,0,3,4,10,14,32,33,25,96,16.0,3,33,30,2,4,0
1942,2012-01-14,2012,1,14,5,1,2,6,9,30,37,40,19,124,20.67,2,40,38,2,4,0
1943,2012-01-18,2012,1,18,2,0,21,24,31,33,40,43,4,192,32.0,21,43,22,4,2,1
1944,2012-01-21,2012,1,21,5,1,5,6,25,34,36,39,33,145,24.17,5,39,34,3,3,0
1945,2012-01-25,2012,1,25,2,0,5,10,17,23,37,45,15,137,22.83,5,45,40,5,1,0
1946,2012-01-28,2012,1,28,5,1,4,5,8,13,25,39,28,94,15.67,4,39,35,4,2,1
1947,2012-02-01,2012,2,1,2,0,9,11,12,20,31,34,13,117,19.5,9,34,25,3,3,0
1948,2012-02-04,2012,2,4,5,1,9,24,34,37,44,46,4,194,32.33,9,46,37,2,4,1
1949,2012-02-08,2012,2,8,2,0,1,4,12,15,42,44,21,118,19.67,1,44,43,2,4,0
1950,2012-02-11,2012,2,11,5,1,4,8,19,38,43,45,32,157,26.17,4,45,41,3,3,1
1951,2012-02-15,2012,2,15,2,0,11,13,17,21,31,38,8,131,21.83,11,38,27,5,1,1
1952,2012-02-18,2012,2,18,5,1,2,28,29,30,32,40,14,161,26.83,2,40,38,1,5,1
1953,2012-02-22,2012,2,22,2,0,6,19,32,38,39,46,41,180,30.0,6,46,40,2,4,0
1954,2012-02-25,2012,2,25,5,1,3,10,15,23,33,38,41,122,20.33,3,38,35,4,2,0
1955,2012-02-29,2012,2,29,2,0,6,12,13,24,34,35,37,124,20.67,6,35,29,2,4,0
1956,2012-03-03,2012,3,3,5,1,9,15,20,29,33,41,3,147,24.5,9,41,32,5,1,0
1957,2012-03-07,2012,3,7,2,0,14,21,27,29,44,47,26,182,30.33,14,47,33,4,2,1
1958,2012-03-10,2012,3,10,5,1,7,15,35,39,40,44,10,180,30.0,7,44,37,4,2,1
1959,2012-03-14,2012,3,14,2,0,2,17,24,26,28,40,13,137,22.83,2,40,38,1,5,0
1960,2012-03-17,2012,3,17,5,1,13,14,18,43,47,48,32,183,30.5,13,48,35,3,3,1
1961,2012-03-21,2012,3,21,2,0,14,15,21,35,47,48,20,180,30.0,14,48,34,4,2,1
1962,2012-03-24,2012,3,24,5,1,2,15,16,17,18,47,4,115,19.17,2,47,45,3,3,1
1963,2012-03-28,2012,3,28,2,0,4,6,8,10,35,40,3,103,17.17,4,40,36,1,5,0
1964,2012-03-31,2012,3,31,5,1,2,19,22,30,32,48,18,153,25.5,2,48,46,1,5,1
1965,2012-04-04,2012,4,4,2,0,7,9,12,19,35,46,10,128,21.33,7,46,39,4,2,1
1966,2012-04-07,2012,4,7,5,1,9,13,31,34,42,43,27,172,28.67,9,43,34,4,2,0
1967,2012-04-11,2012,4,11,2,0,9,15,27,32,36,44,8,163,27.17,9,44,35,3,3,1
1968,2012-04-14,2012,4,14,5,1,4,5,17,27,43,49,13,145,24.17,4,49,45,5,1,0
1969,2012-04-18,2012,4,18,2,0,1,3,4,12,13,23,11,56,9.33,1,23,22,4,2,0
1970,2012-04-21,2012,4,21,5,1,6,8,9,22,25,40,11,110,18.33,6,40,34,2,4,0
1971,2012-04-25,2012,4,25,2,0,6,28,40,43,45,47,3,209,34.83,6,47,41,3,3,0
1972,2012-04-28,2012,4,28,5,1,14,26,32,42,44,48,20,206,34.33,14,48,34,0,6,1
1973,2012-05-02,2012,5,2,2,0,9,25,28,35,41,46,20,184,30.67,9,46,37,4,2,1
1974,2012-05-05,2012,5,5,5,1,3,13,17,27,28,48,1,136,22.67,3,48,45,4,2,0
1975,2012-05-09,2012,5,9,2,0,18,22,35,39,41,43,26,198,33.0,18,43,25,4,2,1
1976,2012-05-12,2012,5,12,5,1,5,24,29,33,40,47,14,178,29.67,5,47,42,4,2,1
1977,2012-05-16,2012,5,16,2,0,6,12,32,37,39,43,34,169,28.17,6,43,37,3,3,1
1978,2012-05-19,2012,5,19,5,1,8,14,16,18,40,41,11,137,22.83,8,41,33,1,5,0
1979,2012-05-23,2012,5,23,2,0,3,6,11,16,29,42,31,107,17.83,3,42,39,3,3,0
1980,2012-05-26,2012,5,26,5,1,2,13,24,34,40,47,6,160,26.67,2,47,45,2,4,1
1981,2012-05-30,2012,5,30,2,0,3,20,22,34,38,46,12,163,27.17,3,46,43,1,5,1
1982,2012-06-02,2012,6,2,5,1,4,10,31,33,36,37,29,151,25.17,4,37,33,3,3,0
1983,2012-06-06,2012,6,6,2,0,6,17,24,32,34,49,26,162,27.0,6,49,43,2,4,1
1984,2012-06-09,2012,6,9,5,1,9,11,15,26,40,48,17,149,24.83,9,48,39,3,3,0
1985,2012-06-13,2012,6,13,2,0,9,14,16,20,41,43,13,143,23.83,9,43,34,3,3,0
1986,2012-06-16,2012,6,16,5,1,8,17,19,21,39,44,31,148,24.67,8,44,36,4,2,0
1987,2012-06-20,2012,6,20,2,0,24,25,27,28,29,46,1,179,29.83,24,46,22,3,3,0
1988,2012-06-23,2012,6,23,5,1,11,16,23,24,36,48,45,158,26.33,11,48,37,2,4,0
1989,2012-06-27,2012,6,27,2,0,15,24,27,39,46,49,18,200,33.33,15,49,34,4,2,1
1990,2012-06-30,2012,6,30,5,1,5,8,15,17,25,44,7,114,19.0,5,44,39,4,2,0
1991,2012-07-04,2012,7,4,2,0,7,10,16,21,31,48,38,133,22.17,7,48,41,3,3,1
1992,2012-07-07,2012,7,7,5,1,6,11,26,28,29,43,35,143,23.83,6,43,37,3,3,0
1993,2012-07-11,2012,7,11,2,0,4,8,21,31,33,48,7,145,24.17,4,48,44,3,3,0
1994,2012-07-14,2012,7,14,5,1,12,20,22,27,40,44,7,165,27.5,12,44,32,1,5,0
1995,2012-07-18,2012,7,18,2,0,2,7,12,25,30,39,13,115,19.17,2,39,37,3,3,0
1996,2012-07-21,2012,7,21,5,1,5,7,30,31,32,48,13,153,25.5,5,48,43,3,3,0
1997,2012-07-25,2012,7,25,2,0,20,24,30,40,41,44,21,199,33.17,20,44,24,1,5,0
1998,2012-07-28,2012,7,28,5,1,6,26,29,33,35,38,39,167,27.83,6,38,32,3,3,0
1999,2012-08-01,2012,8,1,2,0,6,11,12,22,44,48,37,143,23.83,6,48,42,1,5,0
2000,2012-08-04,2012,8,4,5,1,5,17,18,24,28,42,2,134,22.33,5,42,37,2,4,1
2001,2012-08-08,2012,8,8,2,0,16,18,22,24,30,40,48,150,25.0,16,40,24,0,6,1
2002,2012-08-11,2012,8,11,5,1,2,11,12,22,27,37,9,111,18.5,2,37,35,3,3,0
2003,2012-08-15,2012,8,15,2,0,1,5,15,16,18,20,12,75,12.5,1,20,19,3,3,1
2004,2012-08-18,2012,8,18,5,1,2,23,30,44,46,47,28,192,32.0,2,47,45,2,4,1
2005,2012-08-22,2012,8,22,2,0,19,22,29,35,48,49,36,202,33.67,19,49,30,4,2,1
2006,2012-08-25,2012,8,25,5,1,2,5,12,13,22,35,33,89,14.83,2,35,33,3,3,0
2007,2012-08-29,2012,8,29,2,0,3,12,15,24,36,43,21,133,22.17,3,43,40,3,3,0
2008,2012-09-01,2012,9,1,5,1,9,17,24,26,35,41,11,152,25.33,9,41,32,4,2,0
2009,2012-09-05,2012,9,5,2,0,4,6,7,16,35,49,26,117,19.5,4,49,45,3,3,1
2010,2012-09-08,2012,9,8,5,1,5,12,17,29,39,42,27,144,24.0,5,42,37,4,2,0
2011,2012-09-12,2012,9,12,2,0,15,18,27,28,29,46,13,163,27.17,15,46,31,3,3,0
2012,2012-09-15,2012,9,15,5,1,12,15,24,33,40,47,30,171,28.5,12,47,35,3,3,1
2013,2012-09-19,2012,9,19,2,0,1,12,35,46,47,49,13,190,31.67,1,49,48,4,2,0
2014,2012-09-22,2012,9,22,5,1,1,4,5,13,18,43,22,84,14.0,1,43,42,4,2,1
2015,2012-09-26,2012,9,26,2,0,1,6,17,20,23,29,47,96,16.0,1,29,28,4,2,0
2016,2012-09-29,2012,9,29,5,1,7,24,34,35,39,46,44,185,30.83,7,46,39,3,3,1
2017,2012-10-03,2012,10,3,2,0,8,12,25,33,35,36,30,149,24.83,8,36,28,3,3,1
2018,2012-10-06,2012,10,6,5,1,7,13,21,27,36,39,24,143,23.83,7,39,32,5,1,1
2019,2012-10-10,2012,10,10,2,0,8,13,14,25,35,37,20,132,22.0,8,37,29,4,2,1
2020,2012-10-13,2012,10,13,5,1,10,11,16,18,24,37,19,116,19.33,10,37,27,2,4,0
2021,2012-10-17,2012,10,17,2,0,6,14,20,26,30,42,44,138,23.0,6,42,36,0,6,1
2022,2012-10-20,2012,10,20,5,1,1,2,22,31,40,44,17,140,23.33,1,44,43,2,4,0
2023,2012-10-24,2012,10,24,2,0,7,16,20,24,33,41,29,141,23.5,7,41,34,3,3,0
2024,2012-10-27,2012,10,27,5,1,1,3,6,7,10,38,19,65,10.83,1,38,37,3,3,0
2025,2012-10-31,2012,10,31,2,0,3,5,13,14,25,27,19,87,14.5,3,27,24,5,1,0
2026,2012-11-03,2012,11,3,5,1,7,8,20,28,41,42,14,146,24.33,7,42,35,2,4,1
2027,2012-11-07,2012,11,7,2,0,3,8,17,18,37,44,12,127,21.17,3,44,41,3,3,1
2028,2012-11-10,2012,11,10,5,1,19,29,33,35,39,45,34,200,33.33,19,45,26,6,0,1
2029,2012-11-14,2012,11,14,2,0,1,13,28,31,40,49,37,162,27.0,1,49,48,4,2,0
2030,2012-11-17,2012,11,17,5,1,3,4,8,21,33,34,22,103,17.17,3,34,31,3,3,1
2031,2012-11-21,2012,11,21,2,0,18,21,28,30,35,39,19,171,28.5,18,39,21,3,3,0
2032,2012-11-24,2012,11,24,5,1,7,11,13,21,22,24,17,98,16.33,7,24,17,4,2,0
2033,2012-11-28,2012,11,28,2,0,2,10,28,29,35,43,41,147,24.5,2,43,41,3,3,0
2034,2012-12-01,2012,12,1,5,1,6,11,16,30,33,35,39,131,21.83,6,35,29,3,3,0
2035,2012-12-05,2012,12,5,2,0,5,8,14,30,32,40,11,129,21.5,5,40,35,1,5,0
2036,2012-12-08,2012,12,8,5,1,2,11,14,19,43,47,45,136,22.67,2,47,45,4,2,0
2037,2012-12-12,2012,12,12,2,0,3,7,16,19,28,43,20,116,19.33,3,43,40,4,2,1
2038,2012-12-15,2012,12,15,5,1,2,17,32,39,47,49,48,186,31.0,2,49,47,4,2,1
2039,2012-12-19,2012,12,19,2,0,14,33,34,42,47,48,5,218,36.33,14,48,34,2,4,0
2040,2012-12-22,2012,12,22,5,1,4,15,24,34,40,47,2,164,27.33,4,47,43,2,4,1
2041,2012-12-26,2012,12,26,2,0,6,17,27,41,46,48,29,185,30.83,6,48,42,3,3,0
2042,2012-12-29,2012,12,29,5,1,1,3,8,17,20,22,29,71,11.83,1,22,21,3,3,0
2043,2013-01-02,2013,1,2,2,0,5,10,19,24,32,39,40,129,21.5,5,39,34,3,3,1
2044,2013-01-05,2013,1,5,5,1,8,9,10,14,15,27,42,83,13.83,8,27,19,3,3,1
2045,2013-01-09,2013,1,9,2,0,14,16,17,18,21,29,2,115,19.17,14,29,15,3,3,1
2046,2013-01-12,2013,1,12,5,1,2,5,21,30,36,41,44,135,22.5,2,41,39,3,3,1
2047,2013-01-16,2013,1,16,2,0,3,12,21,26,33,46,32,141,23.5,3,46,43,3,3,1
2048,2013-01-19,2013,1,19,5,1,7,15,23,28,29,49,2,151,25.17,7,49,42,5,1,1
2049,2013-01-23,2013,1,23,2,0,2,3,25,35,38,39,44,142,23.67,2,39,37,4,2,1
2050,2013-01-26,2013,1,26,5,1,4,31,36,39,41,44,12,195,32.5,4,44,40,3,3,1
2051,2013-01-30,2013,1,30,2,0,3,4,16,26,28,30,37,107,17.83,3,30,27,1,5,0
2052,2013-02-02,2013,2,2,5,1,1,10,16,27,30,35,18,119,19.83,1,35,34,3,3,1
2053,2013-02-06,2013,2,6,2,0,8,18,20,25,37,38,5,146,24.33,8,38,30,2,4,0
2054,2013-02-09,2013,2,9,5,1,12,26,27,30,33,39,5,167,27.83,12,39,27,3,3,0
2055,2013-02-13,2013,2,13,2,0,2,15,43,46,47,48,12,201,33.5,2,48,46,3,3,1
2056,2013-02-16,2013,2,16,5,1,8,17,18,23,43,45,44,154,25.67,8,45,37,4,2,1
2057,2013-02-20,2013,2,20,2,0,11,15,21,22,30,34,36,133,22.17,11,34,23,3,3,1
2058,2013-02-23,2013,2,23,5,1,4,9,21,39,41,43,26,157,26.17,4,43,39,5,1,1
2059,2013-02-27,2013,2,27,2,0,17,21,22,30,31,32,23,153,25.5,17,32,15,3,3,0
2060,2013-03-02,2013,3,2,5,1,1,14,15,39,41,43,26,153,25.5,1,43,42,5,1,1
2061,2013-03-06,2013,3,6,2,0,28,29,40,42,43,44,12,226,37.67,28,44,16,2,4,1
2062,2013-03-09,2013,3,9,5,1,2,16,33,38,42,48,7,179,29.83,2,48,46,1,5,0
2063,2013-03-13,2013,3,13,2,0,12,27,30,33,37,40,47,179,29.83,12,40,28,3,3,0
2064,2013-03-16,2013,3,16,5,1,2,12,23,29,37,47,40,150,25.0,2,47,45,4,2,1
2065,2013-03-20,2013,3,20,2,0,5,18,28,31,43,49,30,174,29.0,5,49,44,4,2,1
2066,2013-03-23,2013,3,23,5,1,5,17,26,29,34,44,13,155,25.83,5,44,39,3,3,0
2067,2013-03-27,2013,3,27,2,0,6,17,19,31,42,43,9,158,26.33,6,43,37,4,2,0
2068,2013-03-30,2013,3,30,5,1,17,30,33,36,38,46,1,200,33.33,17,46,29,2,4,0
2069,2013-04-03,2013,4,3,2,0,6,16,31,32,42,48,5,175,29.17,6,48,42,1,5,0
2070,2013-04-06,2013,4,6,5,1,12,22,24,25,36,37,44,156,26.0,12,37,25,2,4,1
2071,2013-04-10,2013,4,10,2,0,3,10,12,41,46,47,27,159,26.5,3,47,44,3,3,0
2072,2013-04-13,2013,4,13,5,1,10,12,35,40,47,49,19,193,32.17,10,49,39,3,3,0
2073,2013-04-17,2013,4,17,2,0,1,8,27,33,45,49,5,163,27.17,1,49,48,5,1,0
2074,2013-04-20,2013,4,20,5,1,3,8,12,14,23,37,21,97,16.17,3,37,34,3,3,0
2075,2013-04-24,2013,4,24,2,0,1,3,4,23,40,42,8,113,18.83,1,42,41,3,3,1
2076,2013-04-27,2013,4,27,5,1,4,5,9,11,39,40,22,108,18.0,4,40,36,4,2,1
2077,2013-05-01,2013,5,1,2,0,9,32,33,39,46,47,42,206,34.33,9,47,38,4,2,1
2078,2013-05-04,2013,5,4,5,1,2,39,40,45,46,47,15,219,36.5,2,47,45,3,3,0
2079,2013-05-08,2013,5,8,2,0,5,7,8,21,28,40,26,109,18.17,5,40,35,3,3,1
2080,2013-05-11,2013,5,11,5,1,8,26,27,35,42,49,39,187,31.17,8,49,41,3,3,0
2081,2013-05-15,2013,5,15,2,0,8,21,26,27,34,43,10,159,26.5,8,43,35,3,3,1
2082,2013-05-18,2013,5,18,5,1,3,8,15,19,35,45,23,125,20.83,3,45,42,5,1,0
2083,2013-05-22,2013,5,22,2,0,10,18,19,22,30,48,34,147,24.5,10,48,38,1,5,1
2084,2013-05-25,2013,5,25,5,1,15,23,27,36,41,49,37,191,31.83,15,49,34,5,1,0
2085,2013-05-29,2013,5,29,2,0,14,15,24,33,34,36,11,156,26.0,14,36,22,2,4,0
2086,2013-06-01,2013,6,1,5,1,1,5,12,17,22,43,36,100,16.67,1,43,42,4,2,1
2087,2013-06-05,2013,6,5,2,0,5,13,17,27,47,49,34,158,26.33,5,49,44,6,0,1
2088,2013-06-08,2013,6,8,5,1,2,18,23,36,43,46,9,168,28.0,2,46,44,2,4,0
2089,2013-06-12,2013,6,12,2,0,11,19,23,27,33,37,32,150,25.0,11,37,26,6,0,1
2090,2013-06-15,2013,6,15,5,1,5,16,17,44,45,48,19,175,29.17,5,48,43,3,3,0
2091,2013-06-19,2013,6,19,2,0,20,23,26,27,44,46,5,186,31.0,20,46,26,2,4,0
2092,2013-06-22,2013,6,22,5,1,3,21,36,42,43,44,27,189,31.5,3,44,41,3,3,0
2093,2013-06-26,2013,6,26,2,0,1,9,11,12,13,25,42,71,11.83,1,25,24,5,1,1
2094,2013-06-29,2013,6,29,5,1,6,8,17,28,37,49,27,145,24.17,6,49,43,3,3,0
2095,2013-07-03,2013,7,3,2,0,2,6,26,29,31,37,24,131,21.83,2,37,35,3,3,1
2096,2013-07-06,2013,7,6,5,1,8,11,25,29,40,48,28,161,26.83,8,48,40,3,3,1
2097,2013-07-10,2013,7,10,2,0,8,9,21,37,40,46,20,161,26.83,8,46,38,3,3,1
2098,2013-07-13,2013,7,13,5,1,8,19,25,32,45,48,36,177,29.5,8,48,40,3,3,1
2099,2013-07-17,2013,7,17,2,0,2,5,10,15,41,49,24,122,20.33,2,49,47,4,2,1
2100,2013-07-20,2013,7,20,5,1,3,17,26,35,43,45,8,169,28.17,3,45,42,5,1,1
2101,2013-07-24,2013,7,24,2,0,12,21,22,24,34,41,49,154,25.67,12,41,29,2,4,0
2102,2013-07-27,2013,7,27,5,1,18,19,31,34,40,42,48,184,30.67,18,42,24,2,4,1
2103,2013-07-31,2013,7,31,2,0,6,9,18,22,28,39,7,122,20.33,6,39,33,2,4,0
2104,2013-08-03,2013,8,3,5,1,13,18,19,23,33,41,4,147,24.5,13,41,28,5,1,1
2105,2013-08-07,2013,8,7,2,0,7,12,21,34,41,46,23,161,26.83,7,46,39,3,3,0
2106,2013-08-10,2013,8,10,5,1,4,5,16,18,38,40,35,121,20.17,4,40,36,1,5,0
2107,2013-08-14,2013,8,14,2,0,18,20,21,32,33,35,6,159,26.5,18,35,17,3,3,1
2108,2013-08-17,2013,8,17,5,1,15,16,17,25,26,46,13,145,24.17,15,46,31,3,3,0
2109,2013-08-21,2013,8,21,2,0,11,22,23,25,34,41,29,156,26.0,11,41,30,4,2,0
2110,2013-08-24,2013,8,24,5,1,5,22,29,35,36,40,21,167,27.83,5,40,35,3,3,0
2111,2013-08-28,2013,8,28,2,0,17,21,23,29,30,45,44,165,27.5,17,45,28,5,1,1
2112,2013-08-31,2013,8,31,5,1,7,8,19,24,41,47,1,146,24.33,7,47,40,4,2,0
2113,2013-09-04,2013,9,4,2,0,5,10,17,18,23,40,8,113,18.83,5,40,35,3,3,1
2114,2013-09-07,2013,9,7,5,1,13,16,29,35,41,43,10,177,29.5,13,43,30,5,1,1
2115,2013-09-11,2013,9,11,2,0,1,2,3,30,33,45,36,114,19.0,1,45,44,4,2,1
2116,2013-09-14,2013,9,14,5,1,7,14,16,27,42,43,10,149,24.83,7,43,36,3,3,1
2117,2013-09-18,2013,9,18,2,0,3,9,11,25,35,36,2,119,19.83,3,36,33,5,1,1
2118,2013-09-21,2013,9,21,5,1,1,20,33,37,41,45,44,177,29.5,1,45,44,5,1,1
2119,2013-09-25,2013,9,25,2,0,3,9,13,20,40,41,15,126,21.0,3,41,38,4,2,0
2120,2013-09-28,2013,9,28,5,1,1,9,15,16,21,47,18,109,18.17,1,47,46,5,1,1
2121,2013-10-02,2013,10,2,2,0,3,8,22,27,30,45,6,135,22.5,3,45,42,3,3,1
2122,2013-10-05,2013,10,5,5,1,2,8,14,15,41,43,25,123,20.5,2,43,41,3,3,0
2123,2013-10-09,2013,10,9,2,0,7,8,12,24,30,39,48,120,20.0,7,39,32,2,4,1
2124,2013-10-12,2013,10,12,5,1,6,17,21,31,34,36,47,145,24.17,6,36,30,3,3,0
2125,2013-10-16,2013,10,16,2,0,27,31,39,40,44,45,15,226,37.67,27,45,18,4,2,0
2126,2013-10-19,2013,10,19,5,1,1,19,33,38,41,42,13,174,29.0,1,42,41,4,2,0
2127,2013-10-23,2013,10,23,2,0,14,18,24,31,38,46,2,171,28.5,14,46,32,1,5,1
2128,2013-10-26,2013,10,26,5,1,7,9,10,11,46,48,34,131,21.83,7,48,41,3,3,1
2129,2013-10-30,2013,10,30,2,0,11,23,25,28,34,37,26,158,26.33,11,37,26,4,2,1
2130,2013-11-02,2013,11,2,5,1,1,7,13,25,30,46,24,122,20.33,1,46,45,4,2,1
2131,2013-11-06,2013,11,6,2,0,17,20,32,36,37,41,42,183,30.5,17,41,24,3,3,1
2132,2013-11-09,2013,11,9,5,1,8,9,11,12,23,38,29,101,16.83,8,38,30,3,3,0
2133,2013-11-13,2013,11,13,2,0,1,18,33,36,38,41,3,167,27.83,1,41,40,3,3,0
2134,2013-11-16,2013,11,16,5,1,16,18,37,42,43,45,29,201,33.5,16,45,29,3,3,0
2135,2013-11-20,2013,11,20,2,0,4,8,9,12,43,49,26,125,20.83,4,49,45,3,3,1
2136,2013-11-23,2013,11,23,5,1,4,19,29,34,40,45,18,171,28.5,4,45,41,3,3,1
2137,2013-11-27,2013,11,27,2,0,1,13,19,23,27,42,36,125,20.83,1,42,41,5,1,1
2138,2013-11-30,2013,11,30,5,1,3,4,9,21,27,31,49,95,15.83,3,31,28,5,1,0
2139,2013-12-04,2013,12,4,2,0,3,6,7,11,15,48,30,90,15.0,3,48,45,4,2,1
2140,2013-12-07,2013,12,7,5,1,15,26,27,28,30,39,5,165,27.5,15,39,24,3,3,0
2141,2013-12-11,2013,12,11,2,0,5,24,29,38,40,49,19,185,30.83,5,49,44,3,3,0
2142,2013-12-14,2013,12,14,5,1,14,18,21,27,35,48,44,163,27.17,14,48,34,3,3,1
2143,2013-12-18,2013,12,18,2,0,4,6,9,16,20,31,32,86,14.33,4,31,27,2,4,1
2144,2013-12-21,2013,12,21,5,1,28,33,34,43,46,48,23,232,38.67,28,48,20,2,4,0
2145,2013-12-28,2013,12,28,5,1,1,26,27,35,45,48,47,182,30.33,1,48,47,4,2,0
2146,2014-01-01,2014,1,1,2,0,12,16,18,35,36,43,17,160,26.67,12,43,31,2,4,0
2147,2014-01-04,2014,1,4,5,1,13,20,22,24,46,48,35,173,28.83,13,48,35,1,5,0
2148,2014-01-08,2014,1,8,2,0,3,14,22,29,48,49,18,165,27.5,3,49,46,3,3,1
2149,2014-01-11,2014,1,11,5,1,4,14,26,34,39,49,10,166,27.67,4,49,45,2,4,1
2150,2014-01-15,2014,1,15,2,0,3,13,19,27,28,38,25,128,21.33,3,38,35,4,2,0
2151,2014-01-18,2014,1,18,5,1,13,19,28,29,37,39,25,165,27.5,13,39,26,5,1,0
2152,2014-01-22,2014,1,22,2,0,1,2,18,28,33,48,43,130,21.67,1,48,47,2,4,0
2153,2014-01-25,2014,1,25,5,1,7,14,27,29,36,48,23,161,26.83,7,48,41,3,3,0
2154,2014-01-29,2014,1,29,2,0,2,13,15,36,40,43,23,149,24.83,2,43,41,3,3,0
2155,2014-02-01,2014,2,1,5,1,7,39,42,43,44,47,13,222,37.0,7,47,40,4,2,0
2156,2014-02-05,2014,2,5,2,0,2,18,24,25,37,38,28,144,24.0,2,38,36,2,4,1
2157,2014-02-08,2014,2,8,5,1,8,16,32,34,38,42,11,170,28.33,8,42,34,0,6,0
2158,2014-02-12,2014,2,12,2,0,6,11,23,28,45,47,33,160,26.67,6,47,41,4,2,0
2159,2014-02-15,2014,2,15,5,1,3,16,32,33,44,48,43,176,29.33,3,48,45,2,4,0
2160,2014-02-19,2014,2,19,2,0,1,2,23,28,37,41,10,132,22.0,1,41,40,4,2,1
2161,2014-02-22,2014,2,22,5,1,2,3,9,15,18,31,25,78,13.0,2,31,29,4,2,0
2162,2014-02-26,2014,2,26,2,0,7,18,34,39,41,42,23,181,30.17,7,42,35,3,3,0
2163,2014-03-01,2014,3,1,5,1,8,13,21,37,43,47,14,169,28.17,8,47,39,5,1,1
2164,2014-03-05,2014,3,5,2,0,4,20,23,30,33,34,42,144,24.0,4,34,30,2,4,1
2165,2014-03-08,2014,3,8,5,1,6,9,24,40,48,49,21,176,29.33,6,49,43,2,4,0
2166,2014-03-12,2014,3,12,2,0,1,31,35,42,45,46,18,200,33.33,1,46,45,4,2,1
2167,2014-03-15,2014,3,15,5,1,3,6,23,28,30,38,32,128,21.33,3,38,35,2,4,1
2168,2014-03-19,2014,3,19,2,0,2,9,21,29,42,47,3,150,25.0,2,47,45,4,2,0
2169,2014-03-22,2014,3,22,5,1,16,32,35,37,42,47,49,209,34.83,16,47,31,3,3,0
2170,2014-03-26,2014,3,26,2,0,3,23,30,36,37,44,49,173,28.83,3,44,41,3,3,0
2171,2014-03-29,2014,3,29,5,1,9,13,17,30,36,45,40,150,25.0,9,45,36,4,2,1
2172,2014-04-02,2014,4,2,2,0,9,11,14,33,37,48,31,152,25.33,9,48,39,4,2,0
2173,2014-04-05,2014,4,5,5,1,16,17,33,34,44,45,2,189,31.5,16,45,29,3,3,1
2174,2014-04-09,2014,4,9,2,0,1,2,22,25,27,36,15,113,18.83,1,36,35,3,3,0
2175,2014-04-12,2014,4,12,5,1,14,18,32,35,37,45,9,181,30.17,14,45,31,3,3,0
2176,2014-04-16,2014,4,16,2,0,12,13,23,35,36,49,6,168,28.0,12,49,37,4,2,1
2177,2014-04-19,2014,4,19,5,1,9,20,23,33,38,44,39,167,27.83,9,44,35,3,3,0
2178,2014-04-23,2014,4,23,2,0,14,20,26,39,42,48,3,189,31.5,14,48,34,1,5,0
2179,2014-04-26,2014,4,26,5,1,21,28,30,35,39,41,37,194,32.33,21,41,20,4,2,0
2180,2014-04-30,2014,4,30,2,0,18,20,21,26,35,45,25,165,27.5,18,45,27,3,3,0
2181,2014-05-03,2014,5,3,5,1,13,14,22,26,30,34,48,139,23.17,13,34,21,1,5,1
2182,2014-05-07,2014,5,7,2,0,9,15,19,22,48,49,10,162,27.0,9,49,40,4,2,1
2183,2014-05-10,2014,5,10,5,1,1,5,7,28,34,41,49,116,19.33,1,41,40,4,2,0
2184,2014-05-14,2014,5,14,2,0,9,12,18,20,32,34,31,125,20.83,9,34,25,1,5,0
2185,2014-05-17,2014,5,17,5,1,3,4,25,29,33,45,24,139,23.17,3,45,42,5,1,1
2186,2014-05-21,2014,5,21,2,0,3,11,19,20,23,44,6,120,20.0,3,44,41,4,2,1
2187,2014-05-24,2014,5,24,5,1,2,3,14,15,23,34,8,91,15.17,2,34,32,3,3,1
2188,2014-05-28,2014,5,28,2,0,6,8,16,26,28,37,49,121,20.17,6,37,31,1,5,0
2189,2014-05-31,2014,5,31,5,1,5,8,15,16,28,29,39,101,16.83,5,29,24,3,3,0
2190,2014-06-04,2014,6,4,2,0,16,23,26,39,44,45,35,193,32.17,16,45,29,3,3,0
2191,2014-06-07,2014,6,7,5,1,7,8,24,30,37,48,22,154,25.67,7,48,41,2,4,1
2192,2014-06-11,2014,6,11,2,0,19,28,34,35,38,44,31,198,33.0,19,44,25,2,4,0
2193,2014-06-14,2014,6,14,5,1,12,25,28,37,40,48,3,190,31.67,12,48,36,2,4,0
2194,2014-06-18,2014,6,18,2,0,1,3,18,32,34,47,8,135,22.5,1,47,46,3,3,1
2195,2014-06-21,2014,6,21,5,1,2,5,8,16,36,38,17,105,17.5,2,38,36,1,5,0
2196,2014-06-25,2014,6,25,2,0,4,24,34,36,43,49,9,190,31.67,4,49,45,2,4,0
2197,2014-06-28,2014,6,28,5,1,3,7,12,18,28,36,14,104,17.33,3,36,33,2,4,1
2198,2014-07-02,2014,7,2,2,0,3,5,6,21,35,49,29,119,19.83,3,49,46,5,1,0
2199,2014-07-05,2014,7,5,5,1,3,4,5,22,35,40,24,109,18.17,3,40,37,3,3,1
2200,2014-07-09,2014,7,9,2,0,19,25,39,41,44,48,16,216,36.0,19,48,29,4,2,1
2201,2014-07-12,2014,7,12,5,1,7,11,14,21,28,45,35,126,21.0,7,45,38,4,2,0
2202,2014-07-16,2014,7,16,2,0,15,18,25,28,38,44,11,168,28.0,15,44,29,2,4,0
2203,2014-07-19,2014,7,19,5,1,1,11,28,36,37,43,12,156,26.0,1,43,42,4,2,1
2204,2014-07-23,2014,7,23,2,0,2,30,35,37,43,44,22,191,31.83,2,44,42,3,3,1
2205,2014-07-26,2014,7,26,5,1,10,33,39,45,46,47,35,220,36.67,10,47,37,4,2,0
2206,2014-07-30,2014,7,30,2,0,2,9,17,22,32,34,10,116,19.33,2,34,32,2,4,1
2207,2014-08-02,2014,8,2,5,1,5,7,16,27,34,41,24,130,21.67,5,41,36,4,2,1
2208,2014-08-06,2014,8,6,2,0,6,15,17,30,40,42,41,150,25.0,6,42,36,2,4,0
2209,2014-08-09,2014,8,9,5,1,4,11,30,36,38,47,31,166,27.67,4,47,43,2,4,0
2210,2014-08-13,2014,8,13,2,0,4,8,26,31,43,46,9,158,26.33,4,46,42,2,4,0
2211,2014-08-16,2014,8,16,5,1,1,10,11,14,29,45,3,110,18.33,1,45,44,4,2,0
2212,2014-08-20,2014,8,20,2,0,3,4,22,35,39,47,10,150,25.0,3,47,44,4,2,1
2213,2014-08-23,2014,8,23,5,1,1,3,32,39,45,47,22,167,27.83,1,47,46,5,1,1
2214,2014-08-27,2014,8,27,2,0,9,15,21,28,29,47,48,149,24.83,9,47,38,5,1,1
2215,2014-08-30,2014,8,30,5,1,2,5,14,18,19,33,16,91,15.17,2,33,31,3,3,1
2216,2014-09-03,2014,9,3,2,0,12,15,16,28,41,46,1,158,26.33,12,46,34,2,4,0
2217,2014-09-06,2014,9,6,5,1,5,10,29,30,32,49,15,155,25.83,5,49,44,3,3,0
2218,2014-09-10,2014,9,10,2,0,4,8,16,34,38,42,18,142,23.67,4,42,38,0,6,1
2219,2014-09-13,2014,9,13,5,1,1,13,21,45,48,49,18,177,29.5,1,49,48,5,1,1
2220,2014-09-17,2014,9,17,2,0,14,15,28,29,38,49,7,173,28.83,14,49,35,3,3,0
2221,2014-09-20,2014,9,20,5,1,10,28,29,30,36,48,31,181,30.17,10,48,38,1,5,0
2222,2014-09-24,2014,9,24,2,0,5,7,17,27,31,48,30,135,22.5,5,48,43,5,1,1
2223,2014-09-27,2014,9,27,5,1,3,12,13,29,33,40,39,130,21.67,3,40,37,4,2,0
2224,2014-10-01,2014,10,1,2,0,11,17,26,36,46,49,40,185,30.83,11,49,38,3,3,1
2225,2014-10-04,2014,10,4,5,1,10,15,16,25,27,38,29,131,21.83,10,38,28,3,3,0
2226,2014-10-08,2014,10,8,2,0,11,13,26,30,44,45,46,169,28.17,11,45,34,3,3,1
2227,2014-10-11,2014,10,11,5,1,7,8,18,35,40,42,23,150,25.0,7,42,35,2,4,0
2228,2014-10-15,2014,10,15,2,0,14,22,26,28,44,49,39,183,30.5,14,49,35,1,5,0
2229,2014-10-18,2014,10,18,5,1,3,4,11,24,30,48,22,120,20.0,3,48,45,2,4,1
2230,2014-10-22,2014,10,22,2,0,7,13,16,21,24,32,28,113,18.83,7,32,25,3,3,1
2231,2014-10-25,2014,10,25,5,1,11,14,36,40,46,48,1,195,32.5,11,48,37,1,5,0
2232,2014-10-29,2014,10,29,2,0,12,16,17,25,31,33,4,134,22.33,12,33,21,4,2,1
2233,2014-11-01,2014,11,1,5,1,16,24,25,30,36,39,38,170,28.33,16,39,23,2,4,1
2234,2014-11-05,2014,11,5,2,0,1,8,9,14,29,32,27,93,15.5,1,32,31,3,3,0
2235,2014-11-08,2014,11,8,5,1,5,8,17,43,47,49,30,169,28.17,5,49,44,5,1,1
2236,2014-11-12,2014,11,12,2,0,2,8,14,25,35,39,33,123,20.5,2,39,37,3,3,0
2237,2014-11-15,2014,11,15,5,1,5,15,25,34,40,46,43,165,27.5,5,46,41,3,3,0
2238,2014-11-19,2014,11,19,2,0,3,10,16,27,42,47,41,145,24.17,3,47,44,3,3,0
2239,2014-11-22,2014,11,22,5,1,7,18,29,39,44,45,37,182,30.33,7,45,38,4,2,0
2240,2014-11-26,2014,11,26,2,0,1,3,16,17,29,48,23,114,19.0,1,48,47,4,2,0
2241,2014-11-29,2014,11,29,5,1,9,24,28,36,40,45,31,182,30.33,9,45,36,2,4,0
2242,2014-12-03,2014,12,3,2,0,13,15,26,28,38,48,2,168,28.0,13,48,35,2,4,1
2243,2014-12-06,2014,12,6,5,1,4,9,23,39,40,48,7,163,27.17,4,48,44,3,3,0
2244,2014-12-10,2014,12,10,2,0,5,10,16,17,36,42,32,126,21.0,5,42,37,2,4,1
2245,2014-12-13,2014,12,13,5,1,4,9,12,26,32,39,43,122,20.33,4,39,35,2,4,0
2246,2014-12-17,2014,12,17,2,0,2,16,23,25,29,40,18,135,22.5,2,40,38,3,3,1
2247,2014-12-20,2014,12,20,5,1,10,13,34,35,39,41,33,172,28.67,10,41,31,4,2,0
2248,2014-12-24,2014,12,24,2,0,16,19,27,37,38,44,46,181,30.17,16,44,28,3,3,1
2249,2014-12-27,2014,12,27,5,1,15,20,24,27,37,43,17,166,27.67,15,43,28,4,2,0
2250,2014-12-31,2014,12,31,2,0,1,12,14,24,45,47,43,143,23.83,1,47,46,3,3,0
2251,2015-01-03,2015,1,3,5,1,8,13,22,25,27,39,11,134,22.33,8,39,31,4,2,0
2252,2015-01-07,2015,1,7,2,0,4,5,29,33,43,49,1,163,27.17,4,49,45,5,1,0
2253,2015-01-10,2015,1,10,5,1,15,25,27,38,41,43,40,189,31.5,15,43,28,5,1,1
2254,2015-01-14,2015,1,14,2,0,9,11,13,16,28,41,17,118,19.67,9,41,32,4,2,0
2255,2015-01-17,2015,1,17,5,1,4,6,13,22,31,36,41,112,18.67,4,36,32,2,4,0
2256,2015-01-21,2015,1,21,2,0,9,24,27,31,34,36,2,161,26.83,9,36,27,3,3,1
2257,2015-01-24,2015,1,24,5,1,6,17,27,30,40,43,11,163,27.17,6,43,37,3,3,0
2258,2015-01-28,2015,1,28,2,0,7,30,31,39,42,44,46,193,32.17,7,44,37,3,3,1
2259,2015-01-31,2015,1,31,5,1,7,9,11,15,19,26,32,87,14.5,7,26,19,5,1,1
2260,2015-02-04,2015,2,4,2,0,7,8,11,16,30,44,43,116,19.33,7,44,37,2,4,0
2261,2015-02-07,2015,2,7,5,1,4,15,20,30,38,42,12,149,24.83,4,42,38,1,5,1
2262,2015-02-11,2015,2,11,2,0,28,32,41,43,46,49,48,239,39.83,28,49,21,3,3,1
2263,2015-02-14,2015,2,14,5,1,6,32,33,38,40,49,35,198,33.0,6,49,43,2,4,0
2264,2015-02-18,2015,2,18,2,0,2,4,19,34,45,47,29,151,25.17,2,47,45,3,3,0
2265,2015-02-21,2015,2,21,5,1,5,27,40,41,42,46,8,201,33.5,5,46,41,3,3,1
2266,2015-02-25,2015,2,25,2,0,14,15,32,33,34,39,20,167,27.83,14,39,25,3,3,1
2267,2015-02-28,2015,2,28,5,1,7,9,17,18,27,35,44,113,18.83,7,35,28,5,1,1
2268,2015-03-04,2015,3,4,2,0,13,18,20,29,33,43,27,156,26.0,13,43,30,4,2,0
2269,2015-03-07,2015,3,7,5,1,8,17,22,31,41,43,16,162,27.0,8,43,35,4,2,1
2270,2015-03-11,2015,3,11,2,0,4,18,20,22,33,46,1,143,23.83,4,46,42,1,5,0
2271,2015-03-14,2015,3,14,5,1,17,22,23,26,30,40,41,158,26.33,17,40,23,2,4,0
2272,2015-03-18,2015,3,18,2,0,6,8,20,23,35,39,47,131,21.83,6,39,33,3,3,0
2273,2015-03-21,2015,3,21,5,1,6,13,21,24,38,48,45,150,25.0,6,48,42,2,4,0
2274,2015-03-25,2015,3,25,2,0,3,5,17,37,47,49,8,158,26.33,3,49,46,6,0,1
2275,2015-03-28,2015,3,28,5,1,10,11,18,24,40,46,14,149,24.83,10,46,36,1,5,1
2276,2015-04-01,2015,4,1,2,0,14,21,23,33,36,38,9,165,27.5,14,38,24,3,3,0
2277,2015-04-04,2015,4,4,5,1,15,26,27,33,40,45,34,186,31.0,15,45,30,4,2,1
2278,2015-04-08,2015,4,8,2,0,27,29,30,33,45,49,11,213,35.5,27,49,22,5,1,0
2279,2015-04-11,2015,4,11,5,1,5,6,22,24,32,43,9,132,22.0,5,43,38,2,4,0
2280,2015-04-15,2015,4,15,2,0,17,19,26,34,35,46,3,177,29.5,17,46,29,3,3,0
2281,2015-04-18,2015,4,18,5,1,2,9,18,25,29,34,14,117,19.5,2,34,32,3,3,1
2282,2015-04-22,2015,4,22,2,0,2,17,19,27,45,49,6,159,26.5,2,49,47,5,1,1
2283,2015-04-25,2015,4,25,5,1,3,4,6,20,25,36,16,94,15.67,3,36,33,2,4,1
2284,2015-04-29,2015,4,29,2,0,1,19,21,28,34,45,4,148,24.67,1,45,44,4,2,1
2285,2015-05-02,2015,5,2,5,1,3,6,28,35,42,43,1,157,26.17,3,43,40,3,3,0
2286,2015-05-06,2015,5,6,2,0,3,7,12,16,29,35,34,102,17.0,3,35,32,4,2,1
2287,2015-05-09,2015,5,9,5,1,8,10,11,14,30,48,5,121,20.17,8,48,40,1,5,0
2288,2015-05-13,2015,5,13,2,0,12,13,17,27,35,37,21,141,23.5,12,37,25,5,1,0
2289,2015-05-16,2015,5,16,5,1,5,22,23,25,40,43,31,158,26.33,5,43,38,4,2,0
2290,2015-05-20,2015,5,20,2,0,12,23,27,31,34,39,49,166,27.67,12,39,27,4,2,0
2291,2015-05-23,2015,5,23,5,1,6,18,26,30,34,40,15,154,25.67,6,40,34,0,6,0
2292,2015-05-27,2015,5,27,2,0,2,20,22,30,36,43,9,153,25.5,2,43,41,1,5,0
2293,2015-05-30,2015,5,30,5,1,8,10,16,24,25,44,4,127,21.17,8,44,36,1,5,1
2294,2015-06-03,2015,6,3,2,0,16,18,20,21,23,39,31,137,22.83,16,39,23,3,3,0
2295,2015-06-06,2015,6,6,5,1,4,21,22,24,33,38,19,142,23.67,4,38,34,2,4,0
2296,2015-06-10,2015,6,10,2,0,3,5,23,37,40,48,2,156,26.0,3,48,45,4,2,1
2297,2015-06-13,2015,6,13,5,1,10,23,24,35,36,43,37,171,28.5,10,43,33,3,3,0
2298,2015-06-17,2015,6,17,2,0,13,14,22,28,32,34,15,143,23.83,13,34,21,1,5,0
2299,2015-06-20,2015,6,20,5,1,4,28,39,44,45,48,12,208,34.67,4,48,44,2,4,1
2300,2015-06-24,2015,6,24,2,0,3,5,23,36,39,43,45,149,24.83,3,43,40,5,1,0
2301,2015-06-27,2015,6,27,5,1,6,18,28,32,37,42,39,163,27.17,6,42,36,1,5,0
2302,2015-07-01,2015,7,1,2,0,1,4,10,16,22,39,13,92,15.33,1,39,38,2,4,0
2303,2015-07-04,2015,7,4,5,1,2,5,6,7,8,37,48,65,10.83,2,37,35,3,3,1
2304,2015-07-08,2015,7,8,2,0,5,23,26,30,39,48,47,171,28.5,5,48,43,3,3,0
2305,2015-07-11,2015,7,11,5,1,2,3,14,25,30,31,5,105,17.5,2,31,29,3,3,0
2306,2015-07-15,2015,7,15,2,0,8,12,13,36,38,43,40,150,25.0,8,43,35,2,4,1
2307,2015-07-18,2015,7,18,5,1,5,7,18,22,31,32,15,115,19.17,5,32,27,3,3,0
2308,2015-07-22,2015,7,22,2,0,20,23,40,43,47,49,15,222,37.0,20,49,29,4,2,0
2309,2015-07-25,2015,7,25,5,1,15,17,18,24,35,42,22,151,25.17,15,42,27,3,3,1
2310,2015-07-29,2015,7,29,2,0,3,6,28,34,39,43,2,153,25.5,3,43,40,3,3,1
2311,2015-08-01,2015,8,1,5,1,8,22,24,33,38,40,26,165,27.5,8,40,32,1,5,1
2312,2015-08-05,2015,8,5,2,0,8,15,17,29,34,38,31,141,23.5,8,38,30,3,3,0
2313,2015-08-08,2015,8,8,5,1,12,17,22,29,37,48,40,165,27.5,12,48,36,3,3,1
2314,2015-08-12,2015,8,12,2,0,6,20,25,29,32,35,46,147,24.5,6,35,29,3,3,1
2315,2015-08-15,2015,8,15,5,1,2,11,16,24,33,43,14,129,21.5,2,43,41,3,3,1
2316,2015-08-19,2015,8,19,2,0,1,2,3,6,23,28,24,63,10.5,1,28,27,3,3,1
2317,2015-08-22,2015,8,22,5,1,1,4,9,34,38,41,17,127,21.17,1,41,40,3,3,0
2318,2015-08-26,2015,8,26,2,0,11,20,21,30,37,42,28,161,26.83,11,42,31,3,3,1
2319,2015-08-29,2015,8,29,5,1,14,28,31,32,36,46,3,187,31.17,14,46,32,1,5,0
2320,2015-09-02,2015,9,2,2,0,3,4,6,8,23,39,18,83,13.83,3,39,36,3,3,1
2321,2015-09-05,2015,9,5,5,1,1,2,8,18,19,42,10,90,15.0,1,42,41,2,4,1
2322,2015-09-09,2015,9,9,2,0,7,9,23,37,41,45,31,162,27.0,7,45,38,6,0,0
2323,2015-09-12,2015,9,12,5,1,2,7,21,42,43,47,48,162,27.0,2,47,45,4,2,1
2324,2015-09-16,2015,9,16,2,0,3,5,7,13,38,47,28,113,18.83,3,47,44,5,1,1
2325,2015-09-19,2015,9,19,5,1,1,2,9,19,33,39,16,103,17.17,1,39,38,5,1,1
2326,2015-09-23,2015,9,23,2,0,8,14,23,28,35,46,17,154,25.67,8,46,38,2,4,0
2327,2015-09-26,2015,9,26,5,1,9,28,32,37,39,46,42,191,31.83,9,46,37,3,3,1
2328,2015-09-30,2015,9,30,2,0,3,4,40,44,46,49,1,186,31.0,3,49,46,2,4,0
2329,2015-10-03,2015,10,3,5,1,2,16,29,41,44,48,23,180,30.0,2,48,46,2,4,0
2330,2015-10-07,2015,10,7,2,0,1,8,24,31,43,46,25,153,25.5,1,46,45,3,3,0
2331,2015-10-10,2015,10,10,5,1,1,2,19,30,34,45,40,131,21.83,1,45,44,3,3,1
2332,2015-10-14,2015,10,14,2,0,5,12,19,32,37,42,25,147,24.5,5,42,37,3,3,0
2333,2015-10-17,2015,10,17,5,1,8,17,22,34,38,47,10,166,27.67,8,47,39,2,4,1
2334,2015-10-21,2015,10,21,2,0,13,14,20,30,33,38,3,148,24.67,13,38,25,2,4,0
2335,2015-10-24,2015,10,24,5,1,5,11,28,29,31,40,46,144,24.0,5,40,35,4,2,1
2336,2015-10-28,2015,10,28,2,0,16,23,31,42,46,47,4,205,34.17,16,47,31,3,3,1
2337,2015-10-31,2015,10,31,5,1,1,20,24,30,39,44,26,158,26.33,1,44,43,2,4,1
2338,2015-11-04,2015,11,4,2,0,29,31,36,38,39,40,6,213,35.5,29,40,11,3,3,1
2339,2015-11-07,2015,11,7,5,1,1,3,4,7,16,20,5,51,8.5,1,20,19,3,3,0
2340,2015-11-11,2015,11,11,2,0,2,14,20,21,25,37,24,119,19.83,2,37,35,3,3,1
2341,2015-11-14,2015,11,14,5,1,4,5,8,11,38,44,31,110,18.33,4,44,40,2,4,0
2342,2015-11-18,2015,11,18,2,0,3,14,27,30,38,41,22,153,25.5,3,41,38,3,3,1
2343,2015-11-21,2015,11,21,5,1,4,6,8,9,29,42,46,98,16.33,4,42,38,2,4,1
2344,2015-11-25,2015,11,25,2,0,5,14,23,34,43,44,8,163,27.17,5,44,39,3,3,1
2345,2015-11-28,2015,11,28,5,1,4,9,20,23,26,47,32,129,21.5,4,47,43,3,3,1
2346,2015-12-02,2015,12,2,2,0,25,33,34,36,40,43,35,211,35.17,25,43,18,3,3,0
2347,2015-12-05,2015,12,5,5,1,5,8,16,19,39,43,13,130,21.67,5,43,38,4,2,0
2348,2015-12-09,2015,12,9,2,0,4,14,32,34,39,41,45,164,27.33,4,41,37,2,4,0
2349,2015-12-12,2015,12,12,5,1,11,29,31,43,46,48,12,208,34.67,11,48,37,4,2,1
2350,2015-12-16,2015,12,16,2,0,2,7,15,17,27,30,49,98,16.33,2,30,28,4,2,0
2351,2015-12-19,2015,12,19,5,1,5,15,20,22,38,49,13,149,24.83,5,49,44,3,3,0
2352,2015-12-23,2015,12,23,2,0,1,10,15,30,32,39,42,127,21.17,1,39,38,3,3,1
2353,2015-12-26,2015,12,26,5,1,9,24,40,41,42,45,32,201,33.5,9,45,36,3,3,1
2354,2015-12-30,2015,12,30,2,0,2,3,23,29,45,48,9,150,25.0,2,48,46,4,2,0
2355,2016-01-02,2016,1,2,5,1,3,5,8,36,39,45,44,136,22.67,3,45,42,4,2,1
2356,2016-01-06,2016,1,6,2,0,9,14,19,28,43,44,49,157,26.17,9,44,35,3,3,0
2357,2016-01-09,2016,1,9,5,1,2,31,38,42,46,47,27,206,34.33,2,47,45,2,4,0
2358,2016-01-13,2016,1,13,2,0,3,8,9,24,44,47,37,135,22.5,3,47,44,3,3,0
2359,2016-01-16,2016,1,16,5,1,6,8,18,25,37,47,20,141,23.5,6,47,41,3,3,1
2360,2016-01-20,2016,1,20,2,0,1,2,3,11,37,43,6,97,16.17,1,43,42,5,1,1
2361,2016-01-23,2016,1,23,5,1,6,10,16,23,30,44,12,129,21.5,6,44,38,1,5,1
2362,2016-01-27,2016,1,27,2,0,8,13,20,26,37,43,32,147,24.5,8,43,35,3,3,1
2363,2016-01-30,2016,1,30,5,1,5,9,16,23,27,35,15,115,19.17,5,35,30,5,1,0
2364,2016-02-03,2016,2,3,2,0,6,9,18,20,32,49,26,134,22.33,6,49,43,2,4,1
2365,2016-02-06,2016,2,6,5,1,1,17,31,37,41,47,18,174,29.0,1,47,46,6,0,1
2366,2016-02-10,2016,2,10,2,0,1,25,33,40,46,49,43,194,32.33,1,49,48,4,2,0
2367,2016-02-13,2016,2,13,5,1,4,17,21,30,31,37,39,140,23.33,4,37,33,4,2,0
2368,2016-02-17,2016,2,17,2,0,6,14,16,19,25,40,22,120,20.0,6,40,34,2,4,1
2369,2016-02-20,2016,2,20,5,1,7,20,24,35,37,48,43,171,28.5,7,48,41,3,3,0
2370,2016-02-24,2016,2,24,2,0,4,5,11,15,26,41,49,102,17.0,4,41,37,4,2,0
2371,2016-02-27,2016,2,27,5,1,2,14,35,43,44,47,6,185,30.83,2,47,45,3,3,1
2372,2016-03-02,2016,3,2,2,0,18,23,27,30,36,37,14,171,28.5,18,37,19,3,3,1
2373,2016-03-05,2016,3,5,5,1,3,15,21,35,38,48,43,160,26.67,3,48,45,4,2,0
2374,2016-03-09,2016,3,9,2,0,9,29,35,41,45,48,25,207,34.5,9,48,39,5,1,0
2375,2016-03-12,2016,3,12,5,1,4,15,22,26,30,39,6,136,22.67,4,39,35,2,4,1
2376,2016-03-16,2016,3,16,2,0,15,30,32,37,46,47,40,207,34.5,15,47,32,3,3,1
2377,2016-03-19,2016,3,19,5,1,5,9,31,40,42,48,17,175,29.17,5,48,43,3,3,0
2378,2016-03-23,2016,3,23,2,0,10,17,20,24,46,48,9,165,27.5,10,48,38,1,5,0
2379,2016-03-26,2016,3,26,5,1,1,17,23,27,31,41,9,140,23.33,1,41,40,6,0,0
2380,2016-03-30,2016,3,30,2,0,5,10,22,34,38,39,32,148,24.67,5,39,34,2,4,1
2381,2016-04-02,2016,4,2,5,1,1,6,16,28,39,42,43,132,22.0,1,42,41,2,4,0
2382,2016-04-06,2016,4,6,2,0,11,12,16,20,21,47,6,127,21.17,11,47,36,3,3,1
2383,2016-04-09,2016,4,9,5,1,13,17,25,27,30,31,4,143,23.83,13,31,18,5,1,1
2384,2016-04-13,2016,4,13,2,0,2,7,11,18,20,38,40,96,16.0,2,38,36,2,4,1
2385,2016-04-16,2016,4,16,5,1,7,17,18,23,31,34,44,130,21.67,7,34,27,4,2,1
2386,2016-04-20,2016,4,20,2,0,2,4,6,13,17,23,38,65,10.83,2,23,21,3,3,1
2387,2016-04-23,2016,4,23,5,1,1,8,18,26,31,33,32,117,19.5,1,33,32,3,3,1
2388,2016-04-27,2016,4,27,2,0,1,3,8,14,26,39,16,91,15.17,1,39,38,3,3,1
2389,2016-04-30,2016,4,30,5,1,12,19,28,40,41,45,14,185,30.83,12,45,33,3,3,1
2390,2016-05-04,2016,5,4,2,0,18,21,23,24,32,35,41,153,25.5,18,35,17,3,3,0
2391,2016-05-07,2016,5,7,5,1,2,3,19,30,36,45,12,135,22.5,2,45,43,3,3,1
2392,2016-05-11,2016,5,11,2,0,8,10,14,40,41,44,47,157,26.17,8,44,36,1,5,0
2393,2016-05-14,2016,5,14,5,1,6,13,34,38,44,48,31,183,30.5,6,48,42,1,5,0
2394,2016-05-18,2016,5,18,2,0,4,13,32,33,38,49,43,169,28.17,4,49,45,3,3,0
2395,2016-05-21,2016,5,21,5,1,1,10,14,30,41,44,46,140,23.33,1,44,43,2,4,1
2396,2016-05-25,2016,5,25,2,0,4,12,13,20,44,48,43,141,23.5,4,48,44,1,5,0
2397,2016-05-28,2016,5,28,5,1,1,5,20,23,47,49,41,145,24.17,1,49,48,5,1,0
2398,2016-06-01,2016,6,1,2,0,14,24,31,40,42,47,15,198,33.0,14,47,33,2,4,0
2399,2016-06-04,2016,6,4,5,1,1,11,17,26,27,42,16,124,20.67,1,42,41,4,2,1
2400,2016-06-08,2016,6,8,2,0,1,4,25,27,45,48,19,150,25.0,1,48,47,4,2,0
2401,2016-06-11,2016,6,11,5,1,6,7,8,12,27,30,39,90,15.0,6,30,24,2,4,0
2402,2016-06-15,2016,6,15,2,0,6,23,26,29,32,47,19,163,27.17,6,47,41,3,3,0
2403,2016-06-18,2016,6,18,5,1,3,6,15,28,35,49,12,136,22.67,3,49,46,4,2,1
2404,2016-06-22,2016,6,22,2,0,7,17,19,35,36,42,32,156,26.0,7,42,35,4,2,1
2405,2016-06-25,2016,6,25,5,1,4,15,20,28,44,46,26,157,26.17,4,46,42,1,5,1
2406,2016-06-29,2016,6,29,2,0,9,13,25,36,46,47,42,176,29.33,9,47,38,4,2,1
2407,2016-07-02,2016,7,2,5,1,3,4,23,24,33,40,37,127,21.17,3,40,37,3,3,0
2408,2016-07-06,2016,7,6,2,0,3,11,14,16,21,22,5,87,14.5,3,22,19,3,3,0
2409,2016-07-09,2016,7,9,5,1,12,15,16,21,34,40,23,138,23.0,12,40,28,2,4,0
2410,2016-07-13,2016,7,13,2,0,4,11,32,39,45,47,25,178,29.67,4,47,43,4,2,0
2411,2016-07-16,2016,7,16,5,1,4,7,31,34,37,48,22,161,26.83,4,48,44,3,3,1
2412,2016-07-20,2016,7,20,2,0,13,24,27,36,48,49,17,197,32.83,13,49,36,3,3,0
2413,2016-07-23,2016,7,23,5,1,5,16,24,36,38,41,4,160,26.67,5,41,36,2,4,1
2414,2016-07-27,2016,7,27,2,0,2,19,22,28,40,45,1,156,26.0,2,45,43,2,4,0
2415,2016-07-30,2016,7,30,5,1,28,29,30,34,43,49,40,213,35.5,28,49,21,3,3,1
2416,2016-08-03,2016,8,3,2,0,7,8,11,20,43,44,28,133,22.17,7,44,37,3,3,1
2417,2016-08-06,2016,8,6,5,1,1,8,11,14,40,48,16,122,20.33,1,48,47,2,4,1
2418,2016-08-10,2016,8,10,2,0,3,30,35,37,41,45,24,191,31.83,3,45,42,5,1,1
2419,2016-08-13,2016,8,13,5,1,4,9,14,17,20,24,12,88,14.67,4,24,20,2,4,1
2420,2016-08-17,2016,8,17,2,0,5,16,22,23,29,43,10,138,23.0,5,43,38,4,2,1
2421,2016-08-20,2016,8,20,5,1,15,24,34,43,46,48,39,210,35.0,15,48,33,2,4,0
2422,2016-08-24,2016,8,24,2,0,2,7,9,13,29,40,45,100,16.67,2,40,38,4,2,0
2423,2016-08-27,2016,8,27,5,1,7,11,20,22,25,27,10,112,18.67,7,27,20,4,2,1
2424,2016-08-31,2016,8,31,2,0,1,16,19,27,38,43,31,144,24.0,1,43,42,4,2,0
2425,2016-09-03,2016,9,3,5,1,8,10,15,22,29,42,16,126,21.0,8,42,34,2,4,1
2426,2016-09-07,2016,9,7,2,0,6,9,24,43,44,49,46,175,29.17,6,49,43,3,3,1
2427,2016-09-10,2016,9,10,5,1,2,7,10,26,38,48,17,131,21.83,2,48,46,1,5,0
2428,2016-09-14,2016,9,14,2,0,8,16,18,24,45,47,22,158,26.33,8,47,39,2,4,1
2429,2016-09-17,2016,9,17,5,1,2,8,11,12,16,25,6,74,12.33,2,25,23,2,4,1
2430,2016-09-21,2016,9,21,2,0,22,23,28,37,46,48,11,204,34.0,22,48,26,2,4,0
2431,2016-09-24,2016,9,24,5,1,8,10,17,20,33,35,49,123,20.5,8,35,27,3,3,0
2432,2016-09-28,2016,9,28,2,0,9,16,23,30,31,45,19,154,25.67,9,45,36,4,2,0
2433,2016-10-01,2016,10,1,5,1,3,4,26,32,37,39,35,141,23.5,3,39,36,3,3,0
2434,2016-10-05,2016,10,5,2,0,7,15,17,25,31,40,47,135,22.5,7,40,33,5,1,0
2435,2016-10-08,2016,10,8,5,1,1,14,38,39,40,48,45,180,30.0,1,48,47,2,4,0
2436,2016-10-12,2016,10,12,2,0,5,14,18,32,36,48,23,153,25.5,5,48,43,1,5,0
2437,2016-10-15,2016,10,15,5,1,8,17,22,23,34,49,37,153,25.5,8,49,41,3,3,0
2438,2016-10-19,2016,10,19,2,0,1,23,26,39,41,45,34,175,29.17,1,45,44,5,1,1
2439,2016-10-22,2016,10,22,5,1,1,5,27,29,34,42,14,138,23.0,1,42,41,4,2,1
2440,2016-10-26,2016,10,26,2,0,23,27,29,32,43,49,9,203,33.83,23,49,26,5,1,0
2441,2016-10-29,2016,10,29,5,1,11,17,33,40,41,47,18,189,31.5,11,47,36,5,1,1
2442,2016-11-02,2016,11,2,2,0,4,19,23,26,38,41,48,151,25.17,4,41,37,3,3,1
2443,2016-11-05,2016,11,5,5,1,11,29,30,36,37,38,10,181,30.17,11,38,27,3,3,1
2444,2016-11-09,2016,11,9,2,0,6,10,11,38,39,43,1,147,24.5,6,43,37,3,3,0
2445,2016-11-12,2016,11,12,5,1,4,9,18,35,40,44,48,150,25.0,4,44,40,2,4,1
2446,2016-11-16,2016,11,16,2,0,8,11,24,25,36,46,47,150,25.0,8,46,38,2,4,0
2447,2016-11-19,2016,11,19,5,1,7,13,20,25,32,43,14,140,23.33,7,43,36,4,2,1
2448,2016-11-23,2016,11,23,2,0,1,5,38,39,40,41,12,164,27.33,1,41,40,4,2,1
2449,2016-11-26,2016,11,26,5,1,7,9,22,24,43,48,23,153,25.5,7,48,41,3,3,0
2450,2016-11-30,2016,11,30,2,0,3,5,7,10,23,32,38,80,13.33,3,32,29,4,2,1
2451,2016-12-03,2016,12,3,5,1,2,18,21,27,39,46,41,153,25.5,2,46,44,3,3,0
2452,2016-12-07,2016,12,7,2,0,1,13,23,29,31,39,14,136,22.67,1,39,38,6,0,1
2453,2016-12-10,2016,12,10,5,1,3,12,15,34,43,46,32,153,25.5,3,46,43,3,3,1
2454,2016-12-14,2016,12,14,2,0,8,9,20,21,27,39,32,124,20.67,8,39,31,4,2,1
2455,2016-12-17,2016,12,17,5,1,12,22,34,38,40,47,9,193,32.17,12,47,35,1,5,0
2456,2016-12-21,2016,12,21,2,0,11,29,33,34,36,40,16,183,30.5,11,40,29,3,3,1
2457,2016-12-24,2016,12,24,5,1,11,14,23,30,32,33,39,143,23.83,11,33,22,3,3,0
2458,2016-12-28,2016,12,28,2,0,4,27,39,43,45,49,47,207,34.5,4,49,45,5,1,0
2459,2016-12-31,2016,12,31,5,1,9,13,21,24,48,49,36,164,27.33,9,49,40,4,2,1
2460,2017-01-04,2017,1,4,2,0,5,6,20,29,41,43,15,144,24.0,5,43,38,4,2,0
2461,2017-01-07,2017,1,7,5,1,14,27,28,30,33,49,12,181,30.17,14,49,35,3,3,1
2462,2017-01-11,2017,1,11,2,0,6,10,30,36,46,47,31,175,29.17,6,47,41,1,5,0
2463,2017-01-14,2017,1,14,5,1,3,14,16,26,30,35,7,124,20.67,3,35,32,2,4,0
2464,2017-01-18,2017,1,18,2,0,4,12,23,27,28,32,33,126,21.0,4,32,28,2,4,0
2465,2017-01-21,2017,1,21,5,1,9,19,31,35,36,41,13,171,28.5,9,41,32,5,1,0
2466,2017-01-25,2017,1,25,2,0,1,2,16,17,19,34,45,89,14.83,1,34,33,3,3,0
2467,2017-01-28,2017,1,28,5,1,10,13,14,18,30,31,49,116,19.33,10,31,21,2,4,0
2468,2017-02-01,2017,2,1,2,0,9,14,24,34,48,49,42,178,29.67,9,49,40,2,4,1
2469,2017-02-04,2017,2,4,5,1,7,13,19,38,39,41,27,157,26.17,7,41,34,5,1,0
2470,2017-02-08,2017,2,8,2,0,5,23,24,28,32,48,46,160,26.67,5,48,43,2,4,1
2471,2017-02-11,2017,2,11,5,1,12,16,22,29,31,37,9,147,24.5,12,37,25,3,3,0
2472,2017-02-15,2017,2,15,2,0,2,5,15,19,47,48,30,136,22.67,2,48,46,4,2,1
2473,2017-02-18,2017,2,18,5,1,8,14,19,31,34,36,6,142,23.67,8,36,28,2,4,1
2474,2017-02-22,2017,2,22,2,0,7,12,16,39,46,48,14,168,28.0,7,48,41,2,4,1
2475,2017-02-25,2017,2,25,5,1,7,23,27,34,40,45,26,176,29.33,7,45,38,4,2,1
2476,2017-03-01,2017,3,1,2,0,4,34,40,41,43,44,6,206,34.33,4,44,40,2,4,1
2477,2017-03-04,2017,3,4,5,1,7,9,12,31,38,41,25,138,23.0,7,41,34,4,2,0
2478,2017-03-08,2017,3,8,2,0,11,17,19,20,38,44,35,149,24.83,11,44,33,3,3,0
2479,2017-03-11,2017,3,11,5,1,9,18,24,27,34,46,1,158,26.33,9,46,37,2,4,0
2480,2017-03-15,2017,3,15,2,0,1,13,14,25,31,36,37,120,20.0,1,36,35,4,2,0
2481,2017-03-18,2017,3,18,5,1,2,5,7,13,20,49,21,96,16.0,2,49,47,4,2,0
2482,2017-03-22,2017,3,22,2,0,5,7,17,22,25,35,49,111,18.5,5,35,30,5,1,0
2483,2017-03-25,2017,3,25,5,1,1,5,9,19,24,25,17,83,13.83,1,25,24,5,1,0
2484,2017-03-29,2017,3,29,2,0,11,13,18,28,29,31,40,130,21.67,11,31,20,4,2,1
2485,2017-04-01,2017,4,1,5,1,3,23,24,31,35,47,2,163,27.17,3,47,44,5,1,1
2486,2017-04-05,2017,4,5,2,0,6,8,11,26,35,43,27,129,21.5,6,43,37,3,3,0
2487,2017-04-08,2017,4,8,5,1,8,9,22,27,34,44,1,144,24.0,8,44,36,2,4,0
2488,2017-04-12,2017,4,12,2,0,6,15,18,20,26,43,37,128,21.33,6,43,37,2,4,0
2489,2017-04-15,2017,4,15,5,1,14,23,27,35,38,49,21,186,31.0,14,49,35,4,2,0
2490,2017-04-19,2017,4,19,2,0,13,20,26,35,39,48,22,181,30.17,13,48,35,3,3,1
2491,2017-04-22,2017,4,22,5,1,3,18,23,26,38,47,22,155,25.83,3,47,44,3,3,1
2492,2017-04-26,2017,4,26,2,0,2,9,13,35,47,48,31,154,25.67,2,48,46,4,2,0
2493,2017-04-29,2017,4,29,5,1,1,7,22,29,43,47,45,149,24.83,1,47,46,5,1,0
2494,2017-05-03,2017,5,3,2,0,9,11,16,24,30,37,49,127,21.17,9,37,28,3,3,0
2495,2017-05-06,2017,5,6,5,1,2,4,9,30,32,48,35,125,20.83,2,48,46,1,5,0
2496,2017-05-10,2017,5,10,2,0,5,19,26,41,43,44,33,178,29.67,5,44,39,4,2,0
2497,2017-05-13,2017,5,13,5,1,8,9,10,22,26,32,17,107,17.83,8,32,24,1,5,0
2498,2017-05-17,2017,5,17,2,0,12,25,27,28,32,41,36,165,27.5,12,41,29,3,3,1
2499,2017-05-20,2017,5,20,5,1,1,2,12,23,30,41,34,109,18.17,1,41,40,3,3,1
2500,2017-05-24,2017,5,24,2,0,1,9,14,16,30,40,39,110,18.33,1,40,39,2,4,0
2501,2017-05-27,2017,5,27,5,1,6,10,11,21,39,47,17,134,22.33,6,47,41,4,2,0
2502,2017-05-31,2017,5,31,2,0,14,30,34,39,44,48,35,209,34.83,14,48,34,1,5,0
2503,2017-06-03,2017,6,3,5,1,6,23,26,33,46,47,22,181,30.17,6,47,41,3,3,1
2504,2017-06-07,2017,6,7,2,0,1,3,13,28,32,45,10,122,20.33,1,45,44,4,2,1
2505,2017-06-10,2017,6,10,5,1,4,11,12,27,42,47,28,143,23.83,4,47,43,3,3,1
2506,2017-06-14,2017,6,14,2,0,11,12,14,19,33,42,27,131,21.83,11,42,31,3,3,0
2507,2017-06-17,2017,6,17,5,1,7,15,22,31,34,36,38,145,24.17,7,36,29,3,3,1
2508,2017-06-21,2017,6,21,2,0,5,8,9,18,24,44,30,108,18.0,5,44,39,2,4,1
2509,2017-06-24,2017,6,24,5,1,15,18,26,31,37,42,49,169,28.17,15,42,27,3,3,0
2510,2017-06-28,2017,6,28,2,0,15,20,25,29,30,47,38,166,27.67,15,47,32,4,2,1
2511,2017-07-01,2017,7,1,5,1,6,12,16,19,25,26,48,104,17.33,6,26,20,2,4,1
2512,2017-07-05,2017,7,5,2,0,16,29,30,32,37,44,10,188,31.33,16,44,28,2,4,1
2513,2017-07-08,2017,7,8,5,1,5,33,36,38,40,45,27,197,32.83,5,45,40,3,3,0
2514,2017-07-12,2017,7,12,2,0,1,24,31,33,35,40,4,164,27.33,1,40,39,4,2,1
2515,2017-07-15,2017,7,15,5,1,13,17,26,30,46,48,34,180,30.0,13,48,35,2,4,1
2516,2017-07-19,2017,7,19,2,0,2,5,8,9,16,38,26,78,13.0,2,38,36,2,4,1
2517,2017-07-22,2017,7,22,5,1,11,13,27,30,31,45,46,157,26.17,11,45,34,5,1,1
2518,2017-07-26,2017,7,26,2,0,9,10,23,24,38,49,5,153,25.5,9,49,40,3,3,0
2519,2017-07-29,2017,7,29,5,1,16,19,25,26,35,49,48,170,28.33,16,49,33,4,2,1
2520,2017-08-02,2017,8,2,2,0,8,12,29,31,39,49,17,168,28.0,8,49,41,4,2,0
2521,2017-08-05,2017,8,5,5,1,6,7,31,33,39,45,14,161,26.83,6,45,39,5,1,1
2522,2017-08-09,2017,8,9,2,0,1,10,20,27,32,46,8,136,22.67,1,46,45,2,4,1
2523,2017-08-12,2017,8,12,5,1,24,34,38,40,41,46,9,223,37.17,24,46,22,1,5,0
2524,2017-08-16,2017,8,16,2,0,22,28,31,39,49,50,21,219,36.5,22,50,28,3,3,0
2525,2017-08-19,2017,8,19,5,1,13,23,33,42,47,51,52,209,34.83,13,51,38,5,1,1
2526,2017-08-23,2017,8,23,2,0,1,6,7,26,27,40,10,107,17.83,1,40,39,3,3,1
2527,2017-08-26,2017,8,26,5,1,1,25,28,34,36,49,14,173,28.83,1,49,48,3,3,1
2528,2017-08-30,2017,8,30,2,0,10,32,33,35,39,42,31,191,31.83,10,42,32,3,3,0
2529,2017-09-02,2017,9,2,5,1,1,3,4,21,25,30,41,84,14.0,1,30,29,4,2,0
2530,2017-09-06,2017,9,6,2,0,1,7,24,29,44,51,23,156,26.0,1,51,50,4,2,0
2531,2017-09-09,2017,9,9,5,1,9,16,27,35,37,51,40,175,29.17,9,51,42,5,1,1
2532,2017-09-13,2017,9,13,2,0,4,10,19,21,31,49,35,134,22.33,4,49,45,4,2,0
2533,2017-09-16,2017,9,16,5,1,2,7,10,33,37,44,11,133,22.17,2,44,42,3,3,0
2534,2017-09-20,2017,9,20,2,0,3,7,22,24,34,37,44,127,21.17,3,37,34,3,3,1
2535,2017-09-23,2017,9,23,5,1,2,19,31,33,43,52,22,180,30.0,2,52,50,4,2,1
2536,2017-09-27,2017,9,27,2,0,8,10,11,16,35,44,52,124,20.67,8,44,36,2,4,1
2537,2017-09-30,2017,9,30,5,1,7,11,19,24,25,51,26,137,22.83,7,51,44,5,1,1
2538,2017-10-04,2017,10,4,2,0,1,25,27,33,35,38,12,159,26.5,1,38,37,5,1,1
2539,2017-10-07,2017,10,7,5,1,18,22,29,32,43,50,25,194,32.33,18,50,32,2,4,0
2540,2017-10-11,2017,10,11,2,0,5,15,24,28,42,49,41,163,27.17,5,49,44,3,3,0
2541,2017-10-14,2017,10,14,5,1,1,5,21,22,33,44,16,126,21.0,1,44,43,4,2,1
2542,2017-10-18,2017,10,18,2,0,9,23,25,38,43,45,18,183,30.5,9,45,36,5,1,1
2543,2017-10-21,2017,10,21,5,1,20,23,27,36,37,44,24,187,31.17,20,44,24,3,3,1
2544,2017-10-25,2017,10,25,2,0,5,14,18,32,39,52,17,160,26.67,5,52,47,2,4,0
2545,2017-10-28,2017,10,28,5,1,1,6,19,38,45,46,50,155,25.83,1,46,45,3,3,1
2546,2017-11-01,2017,11,1,2,0,3,12,28,42,43,47,23,175,29.17,3,47,44,3,3,0
2547,2017-11-04,2017,11,4,5,1,5,11,25,32,38,49,41,160,26.67,5,49,44,4,2,0
2548,2017-11-08,2017,11,8,2,0,1,24,38,39,47,51,31,200,33.33,1,51,50,4,2,0
2549,2017-11-11,2017,11,11,5,1,3,21,28,30,46,51,42,179,29.83,3,51,48,3,3,1
2550,2017-11-15,2017,11,15,2,0,2,22,36,37,42,49,16,188,31.33,2,49,47,2,4,1
2551,2017-11-18,2017,11,18,5,1,3,36,38,39,43,52,47,211,35.17,3,52,49,3,3,0
2552,2017-11-22,2017,11,22,2,0,3,16,25,26,29,48,45,147,24.5,3,48,45,3,3,0
2553,2017-11-25,2017,11,25,5,1,2,7,25,35,44,51,29,164,27.33,2,51,49,4,2,0
2554,2017-11-29,2017,11,29,2,0,20,26,32,34,39,41,10,192,32.0,20,41,21,2,4,1
2555,2017-12-02,2017,12,2,5,1,13,24,25,43,50,51,28,206,34.33,13,51,38,4,2,1
2556,2017-12-06,2017,12,6,2,0,5,7,17,18,24,49,39,120,20.0,5,49,44,4,2,0
2557,2017-12-09,2017,12,9,5,1,18,23,26,34,38,41,7,180,30.0,18,41,23,2,4,0
2558,2017-12-13,2017,12,13,2,0,8,12,25,32,35,47,52,159,26.5,8,47,39,3,3,1
2559,2017-12-16,2017,12,16,5,1,2,11,17,18,22,42,23,112,18.67,2,42,40,2,4,0
2560,2017-12-20,2017,12,20,2,0,10,14,16,27,29,52,4,148,24.67,10,52,42,2,4,1
2561,2017-12-23,2017,12,23,5,1,6,8,19,24,39,41,12,137,22.83,6,41,35,3,3,1
2562,2017-12-27,2017,12,27,2,0,3,10,20,42,48,49,31,172,28.67,3,49,46,2,4,0
2563,2017-12-30,2017,12,30,5,1,2,23,28,33,34,46,3,166,27.67,2,46,44,2,4,0
2564,2018-01-03,2018,1,3,2,0,3,24,31,35,37,43,39,173,28.83,3,43,40,5,1,0
2565,2018-01-06,2018,1,6,5,1,31,33,34,39,43,44,38,224,37.33,31,44,13,4,2,1
2566,2018-01-10,2018,1,10,2,0,23,31,41,45,47,49,19,236,39.33,23,49,26,6,0,0
2567,2018-01-13,2018,1,13,5,1,10,27,29,46,48,50,32,210,35.0,10,50,40,2,4,1
2568,2018-01-17,2018,1,17,2,0,12,18,24,28,30,41,47,153,25.5,12,41,29,1,5,0
2569,2018-01-20,2018,1,20,5,1,5,27,28,35,50,52,39,197,32.83,5,52,47,3,3,0
2570,2018-01-24,2018,1,24,2,0,3,18,19,24,32,40,25,136,22.67,3,40,37,2,4,0
2571,2018-01-27,2018,1,27,5,1,6,7,15,21,24,48,16,121,20.17,6,48,42,3,3,1
2572,2018-01-31,2018,1,31,2,0,18,19,26,34,40,42,1,179,29.83,18,42,24,1,5,0
2573,2018-02-03,2018,2,3,5,1,6,7,16,21,44,50,28,144,24.0,6,50,44,2,4,1
2574,2018-02-07,2018,2,7,2,0,6,19,47,49,50,52,16,223,37.17,6,52,46,3,3,1
2575,2018-02-10,2018,2,10,5,1,1,16,17,18,41,52,38,145,24.17,1,52,51,3,3,1
2576,2018-02-14,2018,2,14,2,0,2,18,28,40,45,46,22,179,29.83,2,46,44,1,5,1
2577,2018-02-17,2018,2,17,5,1,9,21,27,32,33,38,11,160,26.67,9,38,29,4,2,0
2578,2018-02-21,2018,2,21,2,0,1,14,17,26,36,49,32,143,23.83,1,49,48,3,3,1
2579,2018-02-24,2018,2,24,5,1,6,11,12,15,29,31,8,104,17.33,6,31,25,4,2,1
2580,2018-02-28,2018,2,28,2,0,5,9,28,30,39,51,47,162,27.0,5,51,46,4,2,0
2581,2018-03-03,2018,3,3,5,1,8,19,22,36,40,42,30,167,27.83,8,42,34,1,5,1
2582,2018-03-07,2018,3,7,2,0,17,24,30,32,38,52,37,193,32.17,17,52,35,1,5,0
2583,2018-03-10,2018,3,10,5,1,2,3,5,11,17,23,31,61,10.17,2,23,21,5,1,0
2584,2018-03-14,2018,3,14,2,0,5,8,14,23,41,47,34,138,23.0,5,47,42,4,2,1
2585,2018-03-17,2018,3,17,5,1,6,21,26,40,42,44,49,179,29.83,6,44,38,1,5,0
2586,2018-03-21,2018,3,21,2,0,1,11,19,32,49,50,22,162,27.0,1,50,49,4,2,1
2587,2018-03-24,2018,3,24,5,1,1,3,12,24,31,49,52,120,20.0,1,49,48,4,2,1
2588,2018-03-28,2018,3,28,2,0,1,6,17,18,22,26,30,90,15.0,1,26,25,2,4,1
2589,2018-03-31,2018,3,31,5,1,18,21,23,31,35,49,42,177,29.5,18,49,31,5,1,1
2590,2018-04-04,2018,4,4,2,0,17,28,30,36,50,52,31,213,35.5,17,52,35,1,5,0
2591,2018-04-07,2018,4,7,5,1,3,10,11,13,28,35,16,100,16.67,3,35,32,4,2,1
2592,2018-04-11,2018,4,11,2,0,2,10,24,33,35,46,5,150,25.0,2,46,44,2,4,0
2593,2018-04-14,2018,4,14,5,1,18,26,31,36,40,46,22,197,32.83,18,46,28,1,5,1
2594,2018-04-18,2018,4,18,2,0,10,12,13,32,39,50,42,156,26.0,10,50,40,2,4,1
2595,2018-04-21,2018,4,21,5,1,13,15,21,26,35,49,23,159,26.5,13,49,36,5,1,0
2596,2018-04-25,2018,4,25,2,0,7,13,37,43,44,51,10,195,32.5,7,51,44,5,1,1
2597,2018-04-28,2018,4,28,5,1,5,12,13,14,25,28,4,97,16.17,5,28,23,3,3,1
2598,2018-05-02,2018,5,2,2,0,5,15,22,36,47,49,52,174,29.0,5,49,44,4,2,1
2599,2018-05-05,2018,5,5,5,1,11,19,35,45,49,50,6,209,34.83,11,50,39,5,1,1
2600,2018-05-09,2018,5,9,2,0,5,10,11,12,36,48,14,122,20.33,5,48,43,2,4,1
2601,2018-05-12,2018,5,12,5,1,6,19,26,28,38,39,17,156,26.0,6,39,33,2,4,0
2602,2018-05-16,2018,5,16,2,0,1,2,22,31,36,48,45,140,23.33,1,48,47,2,4,0
2603,2018-05-19,2018,5,19,5,1,9,35,38,40,46,48,30,216,36.0,9,48,39,2,4,1
2604,2018-05-23,2018,5,23,2,0,5,11,23,24,31,49,25,143,23.83,5,49,44,5,1,0
2605,2018-05-26,2018,5,26,5,1,8,13,14,16,28,45,36,124,20.67,8,45,37,2,4,1
2606,2018-05-30,2018,5,30,2,0,3,6,7,14,30,46,5,106,17.67,3,46,43,2,4,0
2607,2018-06-02,2018,6,2,5,1,8,12,14,16,29,47,19,126,21.0,8,47,39,2,4,0
2608,2018-06-06,2018,6,6,2,0,2,6,10,15,27,48,43,108,18.0,2,48,46,2,4,0
2609,2018-06-09,2018,6,9,5,1,25,27,30,48,50,52,6,232,38.67,25,52,27,2,4,1
2610,2018-06-13,2018,6,13,2,0,19,35,36,42,45,47,2,224,37.33,19,47,28,4,2,1
2611,2018-06-16,2018,6,16,5,1,17,22,44,45,46,48,31,222,37.0,17,48,31,2,4,0
2612,2018-06-20,2018,6,20,2,0,4,14,22,27,30,46,7,143,23.83,4,46,42,1,5,0
2613,2018-06-23,2018,6,23,5,1,1,10,13,35,41,42,15,142,23.67,1,42,41,4,2,0
2614,2018-06-27,2018,6,27,2,0,2,4,6,37,39,40,52,128,21.33,2,40,38,2,4,1
2615,2018-06-30,2018,6,30,5,1,12,17,29,42,43,44,16,187,31.17,12,44,32,3,3,1
2616,2018-07-04,2018,7,4,2,0,1,6,7,17,31,36,50,98,16.33,1,36,35,4,2,1
2617,2018-07-07,2018,7,7,5,1,6,16,27,28,34,42,43,153,25.5,6,42,36,1,5,0
2618,2018-07-11,2018,7,11,2,0,5,6,17,30,37,40,39,135,22.5,5,40,35,3,3,0
2619,2018-07-14,2018,7,14,5,1,4,8,13,18,30,42,5,115,19.17,4,42,38,1,5,0
2620,2018-07-18,2018,7,18,2,0,8,12,17,21,26,46,11,130,21.67,8,46,38,2,4,0
2621,2018-07-21,2018,7,21,5,1,5,13,14,16,17,19,3,84,14.0,5,19,14,4,2,0
2622,2018-07-25,2018,7,25,2,0,2,6,18,23,27,48,43,124,20.67,2,48,46,2,4,0
2623,2018-07-28,2018,7,28,5,1,23,27,29,33,45,46,4,203,33.83,23,46,23,5,1,1
2624,2018-08-01,2018,8,1,2,0,2,8,18,24,27,49,10,128,21.33,2,49,47,2,4,1
2625,2018-08-04,2018,8,4,5,1,2,14,21,28,36,42,47,143,23.83,2,42,40,1,5,0
2626,2018-08-08,2018,8,8,2,0,11,13,14,20,41,48,34,147,24.5,11,48,37,3,3,1
2627,2018-08-11,2018,8,11,5,1,17,24,25,36,37,51,29,190,31.67,17,51,34,4,2,0
2628,2018-08-15,2018,8,15,2,0,5,13,16,25,36,50,33,145,24.17,5,50,45,3,3,0
2629,2018-08-18,2018,8,18,5,1,1,18,29,31,35,36,46,150,25.0,1,36,35,4,2,1
2630,2018-08-22,2018,8,22,2,0,2,3,21,23,41,46,9,136,22.67,2,46,44,4,2,0
2631,2018-08-25,2018,8,25,5,1,9,10,14,18,20,23,11,94,15.67,9,23,14,2,4,0
2632,2018-08-29,2018,8,29,2,0,2,10,14,28,29,46,41,129,21.5,2,46,44,1,5,0
2633,2018-09-01,2018,9,1,5,1,1,11,14,25,26,29,20,106,17.67,1,29,28,4,2,1
2634,2018-09-05,2018,9,5,2,0,1,7,15,22,29,31,6,105,17.5,1,31,30,5,1,1
2635,2018-09-08,2018,9,8,5,1,6,14,25,40,43,52,16,180,30.0,6,52,46,2,4,1
2636,2018-09-12,2018,9,12,2,0,4,9,13,18,33,39,29,116,19.33,4,39,35,4,2,0
2637,2018-09-15,2018,9,15,5,1,4,9,16,26,41,43,14,139,23.17,4,43,39,3,3,1
2638,2018-09-19,2018,9,19,2,0,7,14,19,21,29,39,26,129,21.5,7,39,32,5,1,1
2639,2018-09-22,2018,9,22,5,1,4,30,36,43,44,52,38,209,34.83,4,52,48,1,5,1
2640,2018-09-26,2018,9,26,2,0,1,3,29,37,40,41,25,151,25.17,1,41,40,5,1,0
2641,2018-09-29,2018,9,29,5,1,20,23,26,41,42,51,16,203,33.83,20,51,31,3,3,1
2642,2018-10-03,2018,10,3,2,0,3,35,37,43,44,49,1,211,35.17,3,49,46,5,1,0
2643,2018-10-06,2018,10,6,5,1,3,19,27,40,41,44,31,174,29.0,3,44,41,4,2,0
2644,2018-10-10,2018,10,10,2,0,14,22,32,47,49,51,46,215,35.83,14,51,37,3,3,1
2645,2018-10-13,2018,10,13,5,1,15,22,23,29,47,49,37,185,30.83,15,49,34,5,1,0
2646,2018-10-17,2018,10,17,2,0,11,17,38,40,44,48,29,198,33.0,11,48,37,2,4,0
2647,2018-10-20,2018,10,20,5,1,8,9,18,39,45,47,36,166,27.67,8,47,39,4,2,1
2648,2018-10-24,2018,10,24,2,0,2,18,20,22,32,34,46,128,21.33,2,34,32,0,6,1
2649,2018-10-27,2018,10,27,5,1,9,13,16,33,41,44,11,156,26.0,9,44,35,4,2,0
2650,2018-10-31,2018,10,31,2,0,6,17,18,23,33,47,16,144,24.0,6,47,41,4,2,1
2651,2018-11-03,2018,11,3,5,1,11,33,37,41,45,49,26,216,36.0,11,49,38,6,0,1
2652,2018-11-07,2018,11,7,2,0,2,8,29,35,42,47,18,163,27.17,2,47,45,3,3,1
2653,2018-11-10,2018,11,10,5,1,5,8,9,33,41,42,20,138,23.0,5,42,37,4,2,1
2654,2018-11-14,2018,11,14,2,0,12,18,26,27,32,36,33,151,25.17,12,36,24,1,5,0
2655,2018-11-17,2018,11,17,5,1,6,14,18,28,33,44,32,143,23.83,6,44,38,1,5,1
2656,2018-11-21,2018,11,21,2,0,10,22,27,36,46,52,39,193,32.17,10,52,42,1,5,0
2657,2018-11-24,2018,11,24,5,1,6,11,22,27,34,51,19,151,25.17,6,51,45,3,3,0
2658,2018-11-28,2018,11,28,2,0,2,4,20,38,40,45,24,149,24.83,2,45,43,1,5,1
2659,2018-12-01,2018,12,1,5,1,1,16,19,29,45,49,10,159,26.5,1,49,48,5,1,1
2660,2018-12-05,2018,12,5,2,0,2,8,11,25,26,28,44,100,16.67,2,28,26,2,4,1
2661,2018-12-08,2018,12,8,5,1,3,7,12,21,27,29,39,99,16.5,3,29,26,5,1,0
2662,2018-12-12,2018,12,12,2,0,6,24,34,37,38,50,40,189,31.5,6,50,44,1,5,1
2663,2018-12-15,2018,12,15,5,1,16,17,32,43,50,51,23,209,34.83,16,51,35,3,3,0
2664,2018-12-19,2018,12,19,2,0,14,19,33,38,45,52,51,201,33.5,14,52,38,3,3,0
2665,2018-12-22,2018,12,22,5,1,2,19,24,39,45,51,40,180,30.0,2,51,49,4,2,1
2666,2018-12-26,2018,12,26,2,0,1,6,12,15,20,29,26,83,13.83,1,29,28,3,3,1
2667,2018-12-29,2018,12,29,5,1,7,9,15,50,51,52,33,184,30.67,7,52,45,4,2,0
2668,2019-01-02,2019,1,2,2,0,4,8,12,14,27,40,24,105,17.5,4,40,36,1,5,1
2669,2019-01-05,2019,1,5,5,1,5,14,25,27,35,39,1,145,24.17,5,39,34,5,1,0
2670,2019-01-09,2019,1,9,2,0,3,8,15,26,32,43,46,127,21.17,3,43,40,3,3,1
2671,2019-01-12,2019,1,12,5,1,4,11,16,18,21,46,12,116,19.33,4,46,42,2,4,1
2672,2019-01-16,2019,1,16,2,0,19,33,44,48,49,52,9,245,40.83,19,52,33,3,3,0
2673,2019-01-19,2019,1,19,5,1,2,7,17,24,39,46,27,135,22.5,2,46,44,3,3,0
2674,2019-01-23,2019,1,23,2,0,3,5,24,28,32,38,40,130,21.67,3,38,35,2,4,1
2675,2019-01-26,2019,1,26,5,1,7,11,23,29,40,45,14,155,25.83,7,45,38,5,1,1
2676,2019-01-30,2019,1,30,2,0,21,23,26,38,44,48,36,200,33.33,21,48,27,2,4,1
2677,2019-02-02,2019,2,2,5,1,1,6,19,28,32,48,40,134,22.33,1,48,47,2,4,1
2678,2019-02-06,2019,2,6,2,0,7,13,29,32,36,45,27,162,27.0,7,45,38,4,2,0
2679,2019-02-09,2019,2,9,5,1,6,10,17,31,40,49,24,153,25.5,6,49,43,3,3,1
2680,2019-02-13,2019,2,13,2,0,14,26,28,29,32,46,51,175,29.17,14,46,32,1,5,0
2681,2019-02-16,2019,2,16,5,1,10,17,25,29,39,47,27,167,27.83,10,47,37,5,1,0
2682,2019-02-20,2019,2,20,2,0,6,16,21,27,30,52,35,152,25.33,6,52,46,2,4,0
2683,2019-02-23,2019,2,23,5,1,2,3,13,25,40,52,38,135,22.5,2,52,50,3,3,1
2684,2019-02-27,2019,2,27,2,0,15,17,18,33,36,38,20,157,26.17,15,38,23,3,3,1
2685,2019-03-02,2019,3,2,5,1,16,17,20,29,34,35,6,151,25.17,16,35,19,3,3,1
2686,2019-03-06,2019,3,6,2,0,6,16,23,24,30,46,43,145,24.17,6,46,40,1,5,0
2687,2019-03-09,2019,3,9,5,1,20,24,32,36,48,49,22,209,34.83,20,49,29,1,5,1
2688,2019-03-13,2019,3,13,2,0,12,16,43,45,46,48,33,210,35.0,12,48,36,2,4,0
2689,2019-03-16,2019,3,16,5,1,2,12,31,34,47,51,6,177,29.5,2,51,49,3,3,1
2690,2019-03-20,2019,3,20,2,0,12,35,37,42,47,50,29,223,37.17,12,50,38,3,3,0
2691,2019-03-23,2019,3,23,5,1,2,33,34,38,40,46,21,193,32.17,2,46,44,1,5,0
2692,2019-03-27,2019,3,27,2,0,5,11,17,24,46,52,38,155,25.83,5,52,47,3,3,1
2693,2019-03-30,2019,3,30,5,1,10,16,22,28,36,37,42,149,24.83,10,37,27,1,5,1
2694,2019-04-03,2019,4,3,2,0,26,29,32,45,49,51,22,232,38.67,26,51,25,4,2,1
2695,2019-04-06,2019,4,6,5,1,13,14,23,25,29,43,39,147,24.5,13,43,30,5,1,0
2696,2019-04-10,2019,4,10,2,0,1,6,13,18,36,47,34,121,20.17,1,47,46,3,3,1
2697,2019-04-13,2019,4,13,5,1,13,16,22,34,39,46,37,170,28.33,13,46,33,2,4,0
2698,2019-04-17,2019,4,17,2,0,1,19,38,42,50,51,21,201,33.5,1,51,50,3,3,0
2699,2019-04-20,2019,4,20,5,1,5,10,16,30,33,39,13,133,22.17,5,39,34,3,3,0
2700,2019-04-24,2019,4,24,2,0,1,4,8,28,50,52,45,143,23.83,1,52,51,1,5,0
2701,2019-04-27,2019,4,27,5,1,4,19,21,43,44,51,13,182,30.33,4,51,47,4,2,0
2702,2019-05-01,2019,5,1,2,0,2,6,10,30,42,45,35,135,22.5,2,45,43,1,5,0
2703,2019-05-04,2019,5,4,5,1,3,27,32,34,41,50,16,187,31.17,3,50,47,3,3,1
2704,2019-05-08,2019,5,8,2,0,1,27,28,31,37,50,14,174,29.0,1,50,49,4,2,1
2705,2019-05-11,2019,5,11,5,1,25,28,35,36,41,45,48,210,35.0,25,45,20,4,2,1
2706,2019-05-15,2019,5,15,2,0,20,23,29,31,32,52,42,187,31.17,20,52,32,3,3,1
2707,2019-05-18,2019,5,18,5,1,1,5,13,20,36,52,16,127,21.17,1,52,51,3,3,1
2708,2019-05-22,2019,5,22,2,0,2,3,23,24,50,52,19,154,25.67,2,52,50,2,4,0
2709,2019-05-25,2019,5,25,5,1,4,6,12,17,32,34,8,105,17.5,4,34,30,1,5,1
2710,2019-05-29,2019,5,29,2,0,11,19,28,34,46,52,32,190,31.67,11,52,41,2,4,1
2711,2019-06-01,2019,6,1,5,1,4,12,27,30,46,50,23,169,28.17,4,50,46,1,5,0
2712,2019-06-05,2019,6,5,2,0,9,15,26,39,46,50,20,185,30.83,9,50,41,3,3,1
2713,2019-06-08,2019,6,8,5,1,11,14,16,44,49,52,45,186,31.0,11,52,41,2,4,0
2714,2019-06-12,2019,6,12,2,0,1,2,31,34,43,50,13,161,26.83,1,50,49,3,3,0
2715,2019-06-15,2019,6,15,5,1,2,4,9,13,32,39,21,99,16.5,2,39,37,3,3,0
2716,2019-06-19,2019,6,19,2,0,4,9,16,18,19,22,39,88,14.67,4,22,18,2,4,0
2717,2019-06-22,2019,6,22,5,1,3,9,10,33,48,52,19,155,25.83,3,52,49,3,3,0
2718,2019-06-26,2019,6,26,2,0,10,14,26,37,42,44,19,173,28.83,10,44,34,1,5,0
2719,2019-06-29,2019,6,29,5,1,38,41,43,45,51,52,37,270,45.0,38,52,14,4,2,0
2720,2019-07-03,2019,7,3,2,0,8,16,17,22,50,51,25,164,27.33,8,51,43,2,4,0
2721,2019-07-06,2019,7,6,5,1,1,21,26,29,38,41,23,156,26.0,1,41,40,4,2,0
2722,2019-07-10,2019,7,10,2,0,4,6,20,28,46,49,3,153,25.5,4,49,45,1,5,0
2723,2019-07-13,2019,7,13,5,1,6,17,22,26,42,43,29,156,26.0,6,43,37,2,4,0
2724,2019-07-17,2019,7,17,2,0,5,6,10,32,38,45,36,136,22.67,5,45,40,2,4,1
2725,2019-07-20,2019,7,20,5,1,8,24,28,29,32,51,45,172,28.67,8,51,43,2,4,0
2726,2019-07-24,2019,7,24,2,0,1,11,29,36,43,46,40,166,27.67,1,46,45,4,2,1
2727,2019-07-27,2019,7,27,5,1,8,33,40,44,48,52,21,225,37.5,8,52,44,1,5,0
2728,2019-07-31,2019,7,31,2,0,2,3,10,18,45,48,36,126,21.0,2,48,46,2,4,1
2729,2019-08-03,2019,8,3,5,1,12,22,26,33,47,49,9,189,31.5,12,49,37,3,3,0
2730,2019-08-07,2019,8,7,2,0,15,19,24,27,44,52,22,181,30.17,15,52,37,3,3,1
2731,2019-08-10,2019,8,10,5,1,6,20,21,26,45,48,44,166,27.67,6,48,42,2,4,1
2732,2019-08-14,2019,8,14,2,0,10,23,28,30,33,41,35,165,27.5,10,41,31,3,3,0
2733,2019-08-17,2019,8,17,5,1,5,14,40,49,51,52,2,211,35.17,5,52,47,3,3,1
2734,2019-08-21,2019,8,21,2,0,14,19,22,29,35,36,51,155,25.83,14,36,22,3,3,0
2735,2019-08-24,2019,8,24,5,1,3,13,18,26,33,47,1,140,23.33,3,47,44,4,2,0
2736,2019-08-28,2019,8,28,2,0,6,13,14,42,43,51,20,169,28.17,6,51,45,3,3,1
2737,2019-08-31,2019,8,31,5,1,15,22,25,27,39,41,19,169,28.17,15,41,26,5,1,0
2738,2019-09-04,2019,9,4,2,0,1,14,21,40,42,44,22,162,27.0,1,44,43,2,4,1
2739,2019-09-07,2019,9,7,5,1,9,13,14,20,23,33,46,112,18.67,9,33,24,4,2,1
2740,2019-09-11,2019,9,11,2,0,5,10,32,35,36,49,26,167,27.83,5,49,44,3,3,1
2741,2019-09-14,2019,9,14,5,1,4,25,27,28,37,47,29,168,28.0,4,47,43,4,2,0
2742,2019-09-18,2019,9,18,2,0,20,21,39,49,50,52,47,231,38.5,20,52,32,3,3,0
2743,2019-09-21,2019,9,21,5,1,10,22,23,29,31,41,20,156,26.0,10,41,31,4,2,1
2744,2019-09-25,2019,9,25,2,0,1,2,5,6,10,49,20,73,12.17,1,49,48,3,3,1
2745,2019-09-28,2019,9,28,5,1,3,17,24,28,42,46,14,160,26.67,3,46,43,2,4,1
2746,2019-10-02,2019,10,2,2,0,8,16,18,35,37,40,12,154,25.67,8,40,32,2,4,1
2747,2019-10-05,2019,10,5,5,1,2,12,23,24,25,43,17,129,21.5,2,43,41,3,3,0
2748,2019-10-09,2019,10,9,2,0,3,8,27,44,49,50,7,181,30.17,3,50,47,3,3,0
2749,2019-10-12,2019,10,12,5,1,8,13,24,25,34,48,38,152,25.33,8,48,40,2,4,1
2750,2019-10-16,2019,10,16,2,0,7,8,20,21,25,33,41,114,19.0,7,33,26,4,2,0
2751,2019-10-19,2019,10,19,5,1,8,17,27,38,48,52,30,190,31.67,8,52,44,2,4,1
2752,2019-10-23,2019,10,23,2,0,9,11,15,16,20,46,40,117,19.5,9,46,37,3,3,1
2753,2019-10-26,2019,10,26,5,1,14,18,24,30,33,37,28,156,26.0,14,37,23,2,4,1
2754,2019-10-30,2019,10,30,2,0,11,19,25,35,39,51,6,180,30.0,11,51,40,6,0,1
2755,2019-11-02,2019,11,2,5,1,2,4,13,20,33,46,27,118,19.67,2,46,44,2,4,0
2756,2019-11-06,2019,11,6,2,0,15,16,19,29,47,50,21,176,29.33,15,50,35,4,2,0
2757,2019-11-09,2019,11,9,5,1,16,19,23,41,50,52,20,201,33.5,16,52,36,3,3,1
2758,2019-11-13,2019,11,13,2,0,1,17,22,26,28,34,48,128,21.33,1,34,33,2,4,1
2759,2019-11-16,2019,11,16,5,1,11,19,22,35,44,47,26,178,29.67,11,47,36,4,2,1
2760,2019-11-20,2019,11,20,2,0,1,10,22,32,40,49,8,154,25.67,1,49,48,2,4,1
2761,2019-11-23,2019,11,23,5,1,9,10,25,27,51,52,5,174,29.0,9,52,43,4,2,0
2762,2019-11-27,2019,11,27,2,0,12,14,17,20,34,37,26,134,22.33,12,37,25,2,4,1
2763,2019-11-30,2019,11,30,5,1,4,8,17,18,34,43,48,124,20.67,4,43,39,2,4,1
2764,2019-12-04,2019,12,4,2,0,3,14,25,39,48,51,28,180,30.0,3,51,48,4,2,1
2765,2019-12-07,2019,12,7,5,1,11,12,15,20,34,46,27,138,23.0,11,46,35,2,4,0
2766,2019-12-11,2019,12,11,2,0,3,6,18,28,31,50,24,136,22.67,3,50,47,2,4,1
2767,2019-12-14,2019,12,14,5,1,2,3,6,23,34,49,20,117,19.5,2,49,47,3,3,1
2768,2019-12-18,2019,12,18,2,0,10,17,24,32,40,44,5,167,27.83,10,44,34,1,5,0
2769,2019-12-21,2019,12,21,5,1,1,3,15,29,35,45,52,128,21.33,1,45,44,6,0,1
2770,2019-12-28,2019,12,28,5,1,4,8,11,16,29,42,28,110,18.33,4,42,38,2,4,1
2771,2020-01-01,2020,1,1,2,0,4,5,24,40,42,47,17,162,27.0,4,47,43,2,4,0
2772,2020-01-04,2020,1,4,5,1,8,13,14,41,43,44,19,163,27.17,8,44,36,3,3,0
2773,2020-01-08,2020,1,8,2,0,14,19,21,43,45,50,37,192,32.0,14,50,36,4,2,0
2774,2020-01-11,2020,1,11,5,1,6,16,18,33,47,51,29,171,28.5,6,51,45,3,3,0
2775,2020-01-15,2020,1,15,2,0,6,25,31,36,41,42,50,181,30.17,6,42,36,3,3,1
2776,2020-01-18,2020,1,18,5,1,2,8,18,46,48,49,9,171,28.5,2,49,47,1,5,0
2777,2020-01-22,2020,1,22,2,0,12,19,24,31,37,52,14,175,29.17,12,52,40,3,3,1
2778,2020-01-25,2020,1,25,5,1,15,17,22,29,35,49,25,167,27.83,15,49,34,5,1,0
2779,2020-01-29,2020,1,29,2,0,13,15,28,34,37,50,2,177,29.5,13,50,37,3,3,1
2780,2020-02-01,2020,2,1,5,1,1,13,16,25,42,47,15,144,24.0,1,47,46,4,2,0
2781,2020-02-05,2020,2,5,2,0,3,6,20,21,41,45,29,136,22.67,3,45,42,4,2,0
2782,2020-02-08,2020,2,8,5,1,3,28,37,41,42,51,14,202,33.67,3,51,48,4,2,1
2783,2020-02-12,2020,2,12,2,0,16,18,32,38,39,44,31,187,31.17,16,44,28,1,5,0
2784,2020-02-15,2020,2,15,5,1,1,7,20,23,45,48,16,144,24.0,1,48,47,4,2,1
2785,2020-02-19,2020,2,19,2,0,11,13,17,22,39,52,2,154,25.67,11,52,41,4,2,1
2786,2020-02-22,2020,2,22,5,1,7,31,32,34,46,48,41,198,33.0,7,48,41,2,4,0
2787,2020-02-26,2020,2,26,2,0,23,25,34,44,48,51,41,225,37.5,23,51,28,3,3,0
2788,2020-02-29,2020,2,29,5,1,9,23,26,28,30,34,46,150,25.0,9,34,25,2,4,1
2789,2020-03-04,2020,3,4,2,0,10,26,35,43,47,50,2,211,35.17,10,50,40,3,3,1
2790,2020-03-07,2020,3,7,5,1,1,9,12,14,30,48,46,114,19.0,1,48,47,2,4,1
2791,2020-03-11,2020,3,11,2,0,4,17,22,34,38,46,6,161,26.83,4,46,42,1,5,1
2792,2020-03-14,2020,3,14,5,1,15,16,17,29,37,39,47,153,25.5,15,39,24,5,1,0
2793,2020-03-18,2020,3,18,2,0,7,37,42,45,48,50,43,229,38.17,7,50,43,3,3,0
2794,2020-03-21,2020,3,21,5,1,3,13,36,45,47,50,46,194,32.33,3,50,47,4,2,1
2795,2020-03-25,2020,3,25,2,0,10,13,19,25,42,47,35,156,26.0,10,47,37,4,2,0
2796,2020-03-28,2020,3,28,5,1,6,13,14,19,28,45,4,125,20.83,6,45,39,3,3,1
2797,2020-04-01,2020,4,1,2,0,7,15,32,42,45,51,1,192,32.0,7,51,44,4,2,0
2798,2020-04-04,2020,4,4,5,1,3,4,10,21,24,43,22,105,17.5,3,43,40,3,3,1
2799,2020-04-08,2020,4,8,2,0,2,8,18,29,42,43,34,142,23.67,2,43,41,2,4,1
2800,2020-04-11,2020,4,11,5,1,6,25,41,43,45,48,38,208,34.67,6,48,42,4,2,1
2801,2020-04-15,2020,4,15,2,0,24,28,33,36,48,51,46,220,36.67,24,51,27,2,4,1
2802,2020-04-18,2020,4,18,5,1,8,14,24,31,38,47,21,162,27.0,8,47,39,2,4,0
2803,2020-04-22,2020,4,22,2,0,1,2,14,20,33,38,9,108,18.0,1,38,37,2,4,0
2804,2020-04-25,2020,4,25,5,1,4,24,36,39,44,48,1,195,32.5,4,48,44,1,5,0
2805,2020-04-29,2020,4,29,2,0,9,25,26,30,33,43,23,166,27.67,9,43,34,4,2,0
2806,2020-05-02,2020,5,2,5,1,1,11,14,19,31,43,7,119,19.83,1,43,42,5,1,0
2807,2020-05-06,2020,5,6,2,0,1,16,28,29,32,49,47,155,25.83,1,49,48,3,3,0
2808,2020-05-09,2020,5,9,5,1,26,29,40,41,45,48,39,229,38.17,26,48,22,3,3,0
2809,2020-05-13,2020,5,13,2,0,1,5,6,8,10,18,34,48,8.0,1,18,17,2,4,1
2810,2020-05-16,2020,5,16,5,1,8,10,15,27,30,49,6,139,23.17,8,49,41,3,3,1
2811,2020-05-20,2020,5,20,2,0,6,13,25,27,30,36,32,137,22.83,6,36,30,3,3,1
2812,2020-05-23,2020,5,23,5,1,2,11,18,20,35,48,36,134,22.33,2,48,46,2,4,1
2813,2020-05-27,2020,5,27,2,0,3,9,15,24,39,42,4,132,22.0,3,42,39,4,2,1
2814,2020-05-30,2020,5,30,5,1,4,13,20,23,31,46,28,137,22.83,4,46,42,3,3,1
2815,2020-06-03,2020,6,3,2,0,7,16,23,26,31,43,34,146,24.33,7,43,36,4,2,1
2816,2020-06-06,2020,6,6,5,1,15,16,23,36,37,38,18,165,27.5,15,38,23,3,3,1
2817,2020-06-10,2020,6,10,2,0,15,16,18,23,34,49,32,155,25.83,15,49,34,3,3,1
2818,2020-06-13,2020,6,13,5,1,2,3,12,13,32,47,41,109,18.17,2,47,45,3,3,0
2819,2020-06-17,2020,6,17,2,0,1,32,35,36,40,52,51,196,32.67,1,52,51,2,4,0
2820,2020-06-20,2020,6,20,5,1,6,24,28,40,45,49,39,192,32.0,6,49,43,2,4,0
2821,2020-06-24,2020,6,24,2,0,3,9,14,19,21,24,8,90,15.0,3,24,21,4,2,1
2822,2020-06-27,2020,6,27,5,1,8,9,35,39,45,48,41,184,30.67,8,48,40,4,2,0
2823,2020-07-01,2020,7,1,2,0,5,13,21,30,32,41,40,142,23.67,5,41,36,4,2,1
2824,2020-07-04,2020,7,4,5,1,8,14,15,42,44,51,4,174,29.0,8,51,43,2,4,1
2825,2020-07-08,2020,7,8,2,0,3,8,10,16,17,43,52,97,16.17,3,43,40,3,3,1
2826,2020-07-11,2020,7,11,5,1,7,20,24,36,43,52,11,182,30.33,7,52,45,2,4,0
2827,2020-07-15,2020,7,15,2,0,4,11,15,19,27,38,48,114,19.0,4,38,34,4,2,1
2828,2020-07-18,2020,7,18,5,1,3,17,30,32,36,42,2,160,26.67,3,42,39,2,4,1
2829,2020-07-22,2020,7,22,2,0,4,7,12,13,19,52,46,107,17.83,4,52,48,3,3,1
2830,2020-07-25,2020,7,25,5,1,5,9,20,24,27,48,8,133,22.17,5,48,43,3,3,1
2831,2020-07-29,2020,7,29,2,0,6,16,23,26,33,48,7,152,25.33,6,48,42,2,4,0
2832,2020-08-01,2020,8,1,5,1,5,9,23,38,41,46,14,162,27.0,5,46,41,4,2,1
2833,2020-08-05,2020,8,5,2,0,7,23,31,33,39,51,30,184,30.67,7,51,44,6,0,1
2834,2020-08-08,2020,8,8,5,1,13,23,25,30,47,51,38,189,31.5,13,51,38,5,1,1
2835,2020-08-12,2020,8,12,2,0,12,23,24,30,44,49,36,182,30.33,12,49,37,2,4,1
2836,2020-08-15,2020,8,15,5,1,1,13,15,19,26,32,38,106,17.67,1,32,31,4,2,1
2837,2020-08-19,2020,8,19,2,0,1,7,26,27,42,49,18,152,25.33,1,49,48,4,2,1
2838,2020-08-22,2020,8,22,5,1,18,29,37,43,48,51,9,226,37.67,18,51,33,4,2,0
2839,2020-08-26,2020,8,26,2,0,1,11,12,41,43,49,15,157,26.17,1,49,48,5,1,0
2840,2020-08-29,2020,8,29,5,1,9,16,21,27,33,45,17,151,25.17,9,45,36,5,1,0
2841,2020-09-02,2020,9,2,2,0,9,16,21,28,37,48,49,159,26.5,9,48,39,3,3,0
2842,2020-09-05,2020,9,5,5,1,17,21,23,29,30,39,47,159,26.5,17,39,22,5,1,0
2843,2020-09-09,2020,9,9,2,0,8,15,31,33,35,43,40,165,27.5,8,43,35,5,1,1
2844,2020-09-12,2020,9,12,5,1,13,20,30,34,40,50,28,187,31.17,13,50,37,1,5,1
2845,2020-09-16,2020,9,16,2,0,28,32,44,49,51,52,15,256,42.67,28,52,24,2,4,0
2846,2020-09-19,2020,9,19,5,1,4,9,10,23,24,32,7,102,17.0,4,32,28,2,4,0
2847,2020-09-23,2020,9,23,2,0,8,10,17,20,40,46,47,141,23.5,8,46,38,1,5,0
2848,2020-09-26,2020,9,26,5,1,3,7,18,21,27,42,50,118,19.67,3,42,39,4,2,1
2849,2020-09-30,2020,9,30,2,0,9,18,25,26,28,33,11,139,23.17,9,33,24,3,3,0
2850,2020-10-03,2020,10,3,5,1,3,23,26,27,42,51,37,172,28.67,3,51,48,4,2,0
2851,2020-10-07,2020,10,7,2,0,1,16,22,26,42,45,36,152,25.33,1,45,44,2,4,1
2852,2020-10-10,2020,10,10,5,1,2,22,33,41,42,48,5,188,31.33,2,48,46,2,4,0
2853,2020-10-14,2020,10,14,2,0,1,35,45,49,51,52,16,233,38.83,1,52,51,5,1,1
2854,2020-10-17,2020,10,17,5,1,2,4,7,28,41,48,37,130,21.67,2,48,46,2,4,0
2855,2020-10-21,2020,10,21,2,0,10,29,36,42,43,51,19,211,35.17,10,51,41,3,3,0
2856,2020-10-24,2020,10,24,5,1,1,24,30,32,39,49,23,175,29.17,1,49,48,3,3,0
2857,2020-10-28,2020,10,28,2,0,6,16,20,30,44,51,28,167,27.83,6,51,45,1,5,1
2858,2020-10-31,2020,10,31,5,1,13,26,35,45,49,50,5,218,36.33,13,50,37,4,2,0
2859,2020-11-04,2020,11,4,2,0,2,14,17,24,34,51,19,142,23.67,2,51,49,2,4,0
2860,2020-11-07,2020,11,7,5,1,2,4,14,15,28,46,5,109,18.17,2,46,44,1,5,0
2861,2020-11-11,2020,11,11,2,0,16,19,23,36,45,46,6,185,30.83,16,46,30,3,3,1
2862,2020-11-14,2020,11,14,5,1,4,13,15,28,31,47,35,138,23.0,4,47,43,4,2,0
2863,2020-11-18,2020,11,18,2,0,1,8,20,27,42,44,47,142,23.67,1,44,43,2,4,0
2864,2020-11-21,2020,11,21,5,1,3,9,12,14,22,52,47,112,18.67,3,52,49,2,4,0
2865,2020-11-25,2020,11,25,2,0,5,10,11,14,20,33,15,93,15.5,5,33,28,3,3,0
2866,2020-11-28,2020,11,28,5,1,6,12,15,24,36,37,45,130,21.67,6,37,31,2,4,0
2867,2020-12-02,2020,12,2,2,0,9,27,34,37,38,48,19,193,32.17,9,48,39,3,3,0
2868,2020-12-05,2020,12,5,5,1,7,17,27,38,45,46,26,180,30.0,7,46,39,4,2,1
2869,2020-12-09,2020,12,9,2,0,21,30,32,42,44,48,1,217,36.17,21,48,27,1,5,0
2870,2020-12-12,2020,12,12,5,1,8,12,19,37,43,47,41,166,27.67,8,47,39,4,2,0
2871,2020-12-16,2020,12,16,2,0,1,2,29,33,36,50,22,151,25.17,1,50,49,3,3,1
2872,2020-12-19,2020,12,19,5,1,11,30,33,35,46,49,24,204,34.0,11,49,38,4,2,1
2873,2020-12-23,2020,12,23,2,0,5,7,15,22,23,44,37,116,19.33,5,44,39,4,2,0
2874,2020-12-26,2020,12,26,5,1,8,24,33,37,44,49,17,195,32.5,8,49,41,3,3,0
2875,2020-12-30,2020,12,30,2,0,2,10,19,36,38,42,21,147,24.5,2,42,40,1,5,0
2876,2021-01-02,2021,1,2,5,1,9,11,21,28,35,46,31,150,25.0,9,46,37,4,2,0
2877,2021-01-06,2021,1,6,2,0,4,10,20,41,50,52,48,177,29.5,4,52,48,1,5,1
2878,2021-01-09,2021,1,9,5,1,10,23,25,28,39,48,52,173,28.83,10,48,38,3,3,1
2879,2021-01-13,2021,1,13,2,0,1,3,15,25,36,48,2,128,21.33,1,48,47,4,2,1
2880,2021-01-16,2021,1,16,5,1,21,25,40,42,44,49,22,221,36.83,21,49,28,3,3,1
2881,2021-01-20,2021,1,20,2,0,19,20,24,32,46,48,38,189,31.5,19,48,29,1,5,1
2882,2021-01-23,2021,1,23,5,1,18,20,39,46,47,49,36,219,36.5,18,49,31,3,3,1
2883,2021-01-27,2021,1,27,2,0,2,3,13,15,38,42,44,113,18.83,2,42,40,3,3,1
2884,2021-01-30,2021,1,30,5,1,6,21,27,32,34,35,45,155,25.83,6,35,29,3,3,0
2885,2021-02-03,2021,2,3,2,0,7,10,18,22,36,51,29,144,24.0,7,51,44,2,4,0
2886,2021-02-06,2021,2,6,5,1,5,14,15,17,26,33,47,110,18.33,5,33,28,4,2,0
2887,2021-02-10,2021,2,10,2,0,1,10,12,15,21,42,48,101,16.83,1,42,41,3,3,1
2888,2021-02-13,2021,2,13,5,1,5,18,25,26,29,42,17,145,24.17,5,42,37,3,3,0
2889,2021-02-17,2021,2,17,2,0,1,3,6,25,35,43,11,113,18.83,1,43,42,5,1,0
2890,2021-02-20,2021,2,20,5,1,3,8,16,21,38,41,45,127,21.17,3,41,38,3,3,0
2891,2021-02-24,2021,2,24,2,0,7,10,12,16,29,49,21,123,20.5,7,49,42,3,3,0
2892,2021-02-27,2021,2,27,5,1,11,13,14,21,22,32,5,113,18.83,11,32,21,3,3,0
2893,2021-03-03,2021,3,3,2,0,8,11,26,34,49,50,13,178,29.67,8,50,42,2,4,0
2894,2021-03-06,2021,3,6,5,1,3,18,20,40,41,43,33,165,27.5,3,43,40,3,3,0
2895,2021-03-10,2021,3,10,2,0,1,7,16,41,45,52,31,162,27.0,1,52,51,4,2,0
2896,2021-03-13,2021,3,13,5,1,11,13,21,26,34,50,17,155,25.83,11,50,39,3,3,0
2897,2021-03-17,2021,3,17,2,0,4,11,25,31,37,47,20,155,25.83,4,47,43,5,1,1
2898,2021-03-20,2021,3,20,5,1,2,14,21,46,49,50,38,182,30.33,2,50,48,2,4,1
2899,2021-03-24,2021,3,24,2,0,1,23,41,42,45,49,43,201,33.5,1,49,48,5,1,0
2900,2021-03-27,2021,3,27,5,1,11,13,25,27,45,51,52,172,28.67,11,51,40,6,0,1
2901,2021-03-31,2021,3,31,2,0,1,16,39,47,49,52,23,204,34.0,1,52,51,4,2,0
2902,2021-04-03,2021,4,3,5,1,6,9,15,30,32,34,11,126,21.0,6,34,28,2,4,0
2903,2021-04-07,2021,4,7,2,0,7,13,30,37,39,46,17,172,28.67,7,46,39,4,2,0
2904,2021-04-10,2021,4,10,5,1,1,13,24,25,43,46,16,152,25.33,1,46,45,4,2,1
2905,2021-04-14,2021,4,14,2,0,1,5,8,19,26,48,30,107,17.83,1,48,47,3,3,1
2906,2021-04-17,2021,4,17,5,1,14,28,30,44,47,51,3,214,35.67,14,51,37,2,4,0
2907,2021-04-21,2021,4,21,2,0,1,7,10,11,23,31,8,83,13.83,1,31,30,5,1,1
2908,2021-04-24,2021,4,24,5,1,22,26,31,40,42,43,19,204,34.0,22,43,21,2,4,0
2909,2021-04-28,2021,4,28,2,0,7,18,20,22,31,48,29,146,24.33,7,48,41,2,4,0
2910,2021-05-01,2021,5,1,5,1,10,11,13,20,43,51,4,148,24.67,10,51,41,4,2,1
2911,2021-05-05,2021,5,5,2,0,6,14,19,28,31,32,39,130,21.67,6,32,26,2,4,0
2912,2021-05-08,2021,5,8,5,1,2,12,15,24,26,43,6,122,20.33,2,43,41,2,4,1
2913,2021-05-12,2021,5,12,2,0,2,11,13,20,31,42,16,119,19.83,2,42,40,3,3,1
2914,2021-05-15,2021,5,15,5,1,7,13,29,37,38,42,8,166,27.67,7,42,35,4,2,1
2915,2021-05-19,2021,5,19,2,0,1,6,12,16,35,45,2,115,19.17,1,45,44,3,3,1
2916,2021-05-22,2021,5,22,5,1,1,10,26,35,46,50,14,168,28.0,1,50,49,2,4,1
2917,2021-05-26,2021,5,26,2,0,6,22,29,45,50,52,32,204,34.0,6,52,46,2,4,1
2918,2021-05-29,2021,5,29,5,1,16,18,20,22,26,29,41,131,21.83,16,29,13,1,5,0
2919,2021-06-02,2021,6,2,2,0,22,26,27,31,33,47,34,186,31.0,22,47,25,4,2,1
2920,2021-06-05,2021,6,5,5,1,9,26,35,36,40,46,14,192,32.0,9,46,37,2,4,1
2921,2021-06-09,2021,6,9,2,0,11,15,34,36,48,50,43,194,32.33,11,50,39,2,4,0
2922,2021-06-12,2021,6,12,5,1,7,21,23,30,43,48,36,172,28.67,7,48,41,4,2,1
2923,2021-06-16,2021,6,16,2,0,7,8,29,37,49,51,43,181,30.17,7,51,44,5,1,0
2924,2021-06-19,2021,6,19,5,1,3,10,13,14,38,51,47,129,21.5,3,51,48,3,3,0
2925,2021-06-23,2021,6,23,2,0,12,30,35,38,43,52,34,210,35.0,12,52,40,2,4,1
2926,2021-06-26,2021,6,26,5,1,2,5,11,15,29,33,21,95,15.83,2,33,31,5,1,0
2927,2021-06-30,2021,6,30,2,0,8,10,29,37,38,50,30,172,28.67,8,50,42,2,4,1
2928,2021-07-03,2021,7,3,5,1,4,12,20,34,46,49,31,165,27.5,4,49,45,1,5,0
2929,2021-07-07,2021,7,7,2,0,23,26,29,32,34,39,10,183,30.5,23,39,16,3,3,1
2930,2021-07-10,2021,7,10,5,1,1,9,13,32,37,39,24,131,21.83,1,39,38,5,1,1
2931,2021-07-14,2021,7,14,2,0,13,22,26,44,46,52,27,203,33.83,13,52,39,1,5,0
2932,2021-07-17,2021,7,17,5,1,4,11,18,20,35,41,45,129,21.5,4,41,37,3,3,0
2933,2021-07-21,2021,7,21,2,0,3,6,13,23,28,31,21,104,17.33,3,31,28,4,2,0
2934,2021-07-24,2021,7,24,5,1,6,39,40,44,45,47,31,221,36.83,6,47,41,3,3,0
2935,2021-07-28,2021,7,28,2,0,1,5,13,22,27,28,25,96,16.0,1,28,27,4,2,0
2936,2021-07-31,2021,7,31,5,1,24,29,36,37,39,45,50,210,35.0,24,45,21,4,2,1
2937,2021-08-04,2021,8,4,2,0,21,26,27,30,37,51,29,192,32.0,21,51,30,4,2,0
2938,2021-08-07,2021,8,7,5,1,3,13,25,26,31,50,32,148,24.67,3,50,47,4,2,1
2939,2021-08-11,2021,8,11,2,0,2,5,25,32,48,51,20,163,27.17,2,51,49,3,3,1
2940,2021-08-14,2021,8,14,5,1,5,14,19,34,44,49,8,165,27.5,5,49,44,3,3,1
2941,2021-08-18,2021,8,18,2,0,3,14,29,30,33,35,4,144,24.0,3,35,32,4,2,1
2942,2021-08-21,2021,8,21,5,1,10,19,29,38,45,50,35,191,31.83,10,50,40,3,3,0
2943,2021-08-25,2021,8,25,2,0,11,26,28,30,33,50,22,178,29.67,11,50,39,2,4,1
2944,2021-08-28,2021,8,28,5,1,8,14,16,21,42,47,30,148,24.67,8,47,39,2,4,1
2945,2021-09-01,2021,9,1,2,0,2,14,23,33,36,42,45,150,25.0,2,42,40,2,4,0
2946,2021-09-04,2021,9,4,5,1,4,6,27,30,39,41,22,147,24.5,4,41,37,3,3,1
2947,2021-09-08,2021,9,8,2,0,2,4,18,19,20,28,45,91,15.17,2,28,26,1,5,0
2948,2021-09-11,2021,9,11,5,1,7,22,36,38,48,50,37,201,33.5,7,50,43,1,5,0
2949,2021-09-15,2021,9,15,2,0,8,9,19,45,47,52,24,180,30.0,8,52,44,4,2,1
2950,2021-09-18,2021,9,18,5,1,4,11,12,32,34,47,8,140,23.33,4,47,43,2,4,1
2951,2021-09-22,2021,9,22,2,0,2,8,27,28,32,50,35,147,24.5,2,50,48,1,5,0
2952,2021-09-25,2021,9,25,5,1,2,7,10,38,47,48,30,152,25.33,2,48,46,2,4,1
2953,2021-09-29,2021,9,29,2,0,14,15,24,33,35,51,26,172,28.67,14,51,37,4,2,1
2954,2021-10-02,2021,10,2,5,1,2,15,27,33,43,44,38,164,27.33,2,44,42,4,2,1
2955,2021-10-06,2021,10,6,2,0,11,16,25,26,34,45,30,157,26.17,11,45,34,3,3,1
2956,2021-10-09,2021,10,9,5,1,3,5,10,32,37,40,12,127,21.17,3,40,37,3,3,1
2957,2021-10-13,2021,10,13,2,0,1,10,26,35,38,49,27,159,26.5,1,49,48,3,3,0
2958,2021-10-16,2021,10,16,5,1,12,13,35,40,41,44,15,185,30.83,12,44,32,3,3,0
2959,2021-10-20,2021,10,20,2,0,3,17,24,35,42,43,39,164,27.33,3,43,40,4,2,0
2960,2021-10-23,2021,10,23,5,1,5,11,12,31,43,49,17,151,25.17,5,49,44,5,1,0
2961,2021-10-27,2021,10,27,2,0,1,26,31,38,44,48,22,188,31.33,1,48,47,2,4,1
2962,2021-10-30,2021,10,30,5,1,8,12,38,41,42,45,29,186,31.0,8,45,37,2,4,0
2963,2021-11-03,2021,11,3,2,0,5,6,11,12,13,16,42,63,10.5,5,16,11,3,3,1
2964,2021-11-06,2021,11,6,5,1,3,22,25,30,38,45,50,163,27.17,3,45,42,3,3,1
2965,2021-11-10,2021,11,10,2,0,8,12,15,19,34,49,31,137,22.83,8,49,41,3,3,0
2966,2021-11-13,2021,11,13,5,1,3,19,20,35,39,41,25,157,26.17,3,41,38,5,1,0
2967,2021-11-17,2021,11,17,2,0,5,14,35,43,50,52,34,199,33.17,5,52,47,3,3,1
2968,2021-11-20,2021,11,20,5,1,2,21,23,26,32,42,47,146,24.33,2,42,40,2,4,0
2969,2021-11-24,2021,11,24,2,0,6,18,24,39,43,48,40,178,29.67,6,48,42,2,4,1
2970,2021-11-27,2021,11,27,5,1,5,15,16,34,38,42,41,150,25.0,5,42,37,2,4,0
2971,2021-12-01,2021,12,1,2,0,1,8,9,17,39,50,30,124,20.67,1,50,49,4,2,1
2972,2021-12-04,2021,12,4,5,1,17,26,28,30,42,46,14,189,31.5,17,46,29,1,5,1
2973,2021-12-08,2021,12,8,2,0,13,30,36,41,44,46,35,210,35.0,13,46,33,2,4,0
2974,2021-12-11,2021,12,11,5,1,2,12,14,16,28,51,19,123,20.5,2,51,49,1,5,0
2975,2021-12-15,2021,12,15,2,0,7,9,41,45,48,50,24,200,33.33,7,50,43,4,2,1
2976,2021-12-18,2021,12,18,5,1,4,12,17,22,23,26,1,104,17.33,4,26,22,2,4,0
2977,2021-12-22,2021,12,22,2,0,15,23,32,34,37,45,21,186,31.0,15,45,30,4,2,0
2978,2021-12-29,2021,12,29,2,0,2,4,17,39,43,46,51,151,25.17,2,46,44,3,3,0
2979,2022-01-01,2022,1,1,5,1,5,10,16,43,44,49,23,167,27.83,5,49,44,3,3,0
2980,2022-01-05,2022,1,5,2,0,8,14,15,25,30,31,17,123,20.5,8,31,23,3,3,0
2981,2022-01-08,2022,1,8,5,1,6,12,15,17,22,33,46,105,17.5,6,33,27,3,3,1
2982,2022-01-12,2022,1,12,2,0,5,16,30,45,47,52,13,195,32.5,5,52,47,3,3,0
2983,2022-01-15,2022,1,15,5,1,7,12,13,19,25,37,50,113,18.83,7,37,30,5,1,1
2984,2022-01-19,2022,1,19,2,0,1,14,21,33,37,49,44,155,25.83,1,49,48,5,1,1
2985,2022-01-22,2022,1,22,5,1,5,8,11,17,31,38,39,110,18.33,5,38,33,4,2,0
2986,2022-01-26,2022,1,26,2,0,3,17,38,44,46,50,7,198,33.0,3,50,47,2,4,0
2987,2022-01-29,2022,1,29,5,1,8,10,19,34,36,52,2,159,26.5,8,52,44,1,5,1
2988,2022-02-02,2022,2,2,2,0,11,17,20,28,31,46,25,153,25.5,11,46,35,3,3,0
2989,2022-02-05,2022,2,5,5,1,4,21,31,33,36,38,17,163,27.17,4,38,34,3,3,0
2990,2022-02-09,2022,2,9,2,0,2,18,20,28,35,44,23,147,24.5,2,44,42,1,5,0
2991,2022-02-12,2022,2,12,5,1,12,19,21,24,25,39,7,140,23.33,12,39,27,4,2,0
2992,2022-02-16,2022,2,16,2,0,4,11,24,25,27,41,30,132,22.0,4,41,37,4,2,1
2993,2022-02-19,2022,2,19,5,1,4,11,12,20,38,48,2,133,22.17,4,48,44,1,5,1
2994,2022-02-23,2022,2,23,2,0,8,13,23,28,30,41,43,143,23.83,8,41,33,3,3,0
2995,2022-02-26,2022,2,26,5,1,1,11,14,27,46,47,24,146,24.33,1,47,46,4,2,1
2996,2022-03-02,2022,3,2,2,0,5,10,15,37,43,45,19,155,25.83,5,45,40,5,1,0
2997,2022-03-05,2022,3,5,5,1,14,16,17,39,49,50,2,185,30.83,14,50,36,3,3,1
2998,2022-03-09,2022,3,9,2,0,15,17,22,29,40,42,2,165,27.5,15,42,27,3,3,1
2999,2022-03-12,2022,3,12,5,1,13,20,32,39,43,52,40,199,33.17,13,52,39,3,3,1
3000,2022-03-16,2022,3,16,2,0,17,29,30,38,40,43,4,197,32.83,17,43,26,3,3,1
3001,2022-03-19,2022,3,19,5,1,3,9,23,41,42,48,16,166,27.67,3,48,45,4,2,1
3002,2022-03-23,2022,3,23,2,0,3,6,10,30,38,48,8,135,22.5,3,48,45,1,5,1
3003,2022-03-26,2022,3,26,5,1,6,18,22,28,34,45,20,153,25.5,6,45,39,1,5,1
3004,2022-03-30,2022,3,30,2,0,12,18,24,31,38,44,51,167,27.83,12,44,32,1,5,0
3005,2022-04-02,2022,4,2,5,1,7,10,28,38,48,49,31,180,30.0,7,49,42,2,4,0
3006,2022-04-06,2022,4,6,2,0,10,13,29,47,48,51,2,198,33.0,10,51,41,4,2,1
3007,2022-04-09,2022,4,9,5,1,2,5,11,27,42,46,14,133,22.17,2,46,44,3,3,1
3008,2022-04-13,2022,4,13,2,0,3,17,22,27,31,39,38,139,23.17,3,39,36,5,1,1
3009,2022-04-16,2022,4,16,5,1,10,14,25,30,43,49,22,171,28.5,10,49,39,3,3,1
3010,2022-04-20,2022,4,20,2,0,1,6,25,26,39,47,24,144,24.0,1,47,46,4,2,1
3011,2022-04-23,2022,4,23,5,1,1,9,18,24,34,51,37,137,22.83,1,51,50,3,3,0
3012,2022-04-27,2022,4,27,2,0,4,14,17,24,32,49,37,140,23.33,4,49,45,2,4,0
3013,2022-04-30,2022,4,30,5,1,14,22,27,28,35,45,10,171,28.5,14,45,31,3,3,1
3014,2022-05-04,2022,5,4,2,0,7,11,28,30,36,44,33,156,26.0,7,44,37,2,4,0
3015,2022-05-07,2022,5,7,5,1,14,35,36,40,45,50,44,220,36.67,14,50,36,2,4,1
3016,2022-05-11,2022,5,11,2,0,20,22,25,36,50,51,12,204,34.0,20,51,31,2,4,1
3017,2022-05-14,2022,5,14,5,1,10,13,22,27,36,40,45,148,24.67,10,40,30,2,4,0
3018,2022-05-18,2022,5,18,2,0,4,9,15,16,23,29,21,96,16.0,4,29,25,4,2,0
3019,2022-05-21,2022,5,21,5,1,2,3,7,20,28,37,5,97,16.17,2,37,35,3,3,0
3020,2022-05-25,2022,5,25,2,0,1,6,12,17,31,45,10,112,18.67,1,45,44,4,2,1
3021,2022-05-28,2022,5,28,5,1,14,28,30,31,44,47,4,194,32.33,14,47,33,2,4,1
3022,2022-06-01,2022,6,1,2,0,15,20,22,27,43,49,29,176,29.33,15,49,34,4,2,0
3023,2022-06-04,2022,6,4,5,1,11,22,23,32,35,47,41,170,28.33,11,47,36,4,2,0
3024,2022-06-08,2022,6,8,2,0,21,25,27,34,39,48,44,194,32.33,21,48,27,4,2,1
3025,2022-06-11,2022,6,11,5,1,6,15,18,23,34,37,48,133,22.17,6,37,31,3,3,1
3026,2022-06-15,2022,6,15,2,0,2,19,24,36,45,50,26,176,29.33,2,50,48,2,4,1
3027,2022-06-18,2022,6,18,5,1,13,25,35,37,38,44,52,192,32.0,13,44,31,4,2,1
3028,2022-06-22,2022,6,22,2,0,9,16,32,38,42,46,33,183,30.5,9,46,37,1,5,0
3029,2022-06-25,2022,6,25,5,1,2,8,19,29,35,43,7,136,22.67,2,43,41,4,2,0
3030,2022-06-29,2022,6,29,2,0,27,33,34,40,41,51,36,226,37.67,27,51,24,4,2,1
3031,2022-07-02,2022,7,2,5,1,4,17,22,37,38,46,23,164,27.33,4,46,42,2,4,0
3032,2022-07-06,2022,7,6,2,0,11,16,26,34,38,42,52,167,27.83,11,42,31,1,5,1
3033,2022-07-09,2022,7,9,5,1,6,24,29,35,41,44,49,179,29.83,6,44,38,3,3,0
3034,2022-07-13,2022,7,13,2,0,3,6,9,10,29,51,11,108,18.0,3,51,48,4,2,0
3035,2022-07-16,2022,7,16,5,1,7,13,22,31,45,46,9,164,27.33,7,46,39,4,2,0
3036,2022-07-20,2022,7,20,2,0,3,6,15,30,41,45,20,140,23.33,3,45,42,4,2,1
3037,2022-07-23,2022,7,23,5,1,23,33,47,48,50,52,24,253,42.17,23,52,29,3,3,1
3038,2022-07-27,2022,7,27,2,0,1,7,36,41,49,51,45,185,30.83,1,51,50,5,1,0
3039,2022-07-30,2022,7,30,5,1,1,9,13,34,35,37,42,129,21.5,1,37,36,5,1,1
3040,2022-08-03,2022,8,3,2,0,5,9,12,23,50,51,4,150,25.0,5,51,46,4,2,1
3041,2022-08-06,2022,8,6,5,1,7,18,30,36,44,47,28,182,30.33,7,47,40,2,4,1
3042,2022-08-10,2022,8,10,2,0,13,14,21,34,45,52,26,179,29.83,13,52,39,3,3,1
3043,2022-08-13,2022,8,13,5,1,6,8,27,28,39,48,7,156,26.0,6,48,42,2,4,0
3044,2022-08-17,2022,8,17,2,0,5,13,21,34,35,39,28,147,24.5,5,39,34,5,1,1
3045,2022-08-20,2022,8,20,5,1,7,9,20,27,46,51,47,160,26.67,7,51,44,4,2,0
3046,2022-08-24,2022,8,24,2,0,8,11,12,37,41,48,40,157,26.17,8,48,40,3,3,1
3047,2022-08-27,2022,8,27,5,1,4,10,14,24,31,37,20,120,20.0,4,37,33,2,4,1
3048,2022-08-31,2022,8,31,2,0,3,9,13,25,31,39,36,120,20.0,3,39,36,6,0,1
3049,2022-09-03,2022,9,3,5,1,7,20,34,45,49,50,17,205,34.17,7,50,43,3,3,0
3050,2022-09-07,2022,9,7,2,0,2,10,17,28,40,44,34,141,23.5,2,44,42,1,5,1
3051,2022-09-10,2022,9,10,5,1,6,15,17,19,41,44,25,142,23.67,6,44,38,4,2,0
3052,2022-09-14,2022,9,14,2,0,4,17,29,31,46,48,50,175,29.17,4,48,44,3,3,1
3053,2022-09-17,2022,9,17,5,1,1,7,22,34,39,46,15,149,24.83,1,46,45,3,3,0
3054,2022-09-21,2022,9,21,2,0,8,15,16,24,32,42,14,137,22.83,8,42,34,1,5,1
3055,2022-09-24,2022,9,24,5,1,3,18,28,29,36,44,22,158,26.33,3,44,41,2,4,1
3056,2022-09-28,2022,9,28,2,0,2,12,15,29,31,47,48,136,22.67,2,47,45,4,2,1
3057,2022-10-01,2022,10,1,5,1,7,9,13,16,26,42,12,113,18.83,7,42,35,3,3,1
3058,2022-10-05,2022,10,5,2,0,14,16,23,26,40,42,13,161,26.83,14,42,28,1,5,0
3059,2022-10-08,2022,10,8,5,1,7,11,12,19,36,39,4,124,20.67,7,39,32,4,2,1
3060,2022-10-12,2022,10,12,2,0,4,15,16,26,44,45,22,150,25.0,4,45,41,2,4,1
3061,2022-10-15,2022,10,15,5,1,9,11,13,21,30,46,19,130,21.67,9,46,37,4,2,0
3062,2022-10-19,2022,10,19,2,0,1,5,14,29,40,52,34,141,23.5,1,52,51,3,3,1
3063,2022-10-22,2022,10,22,5,1,12,14,33,37,47,48,11,191,31.83,12,48,36,3,3,0
3064,2022-10-26,2022,10,26,2,0,4,14,18,23,42,50,22,151,25.17,4,50,46,1,5,1
3065,2022-10-29,2022,10,29,5,1,9,30,32,38,43,50,28,202,33.67,9,50,41,2,4,1
3066,2022-11-02,2022,11,2,2,0,1,7,22,33,39,40,15,142,23.67,1,40,39,4,2,0
3067,2022-11-05,2022,11,5,5,1,4,18,27,32,38,45,42,164,27.33,4,45,41,2,4,1
3068,2022-11-09,2022,11,9,2,0,11,18,35,41,46,51,13,202,33.67,11,51,40,4,2,0
3069,2022-11-12,2022,11,12,5,1,1,11,45,48,51,52,9,208,34.67,1,52,51,4,2,0
3070,2022-11-16,2022,11,16,2,0,2,4,12,23,42,46,49,129,21.5,2,46,44,1,5,0
3071,2022-11-19,2022,11,19,5,1,6,8,12,37,43,51,21,157,26.17,6,51,45,3,3,0
3072,2022-11-23,2022,11,23,2,0,3,8,10,12,19,27,18,79,13.17,3,27,24,3,3,1
3073,2022-11-26,2022,11,26,5,1,5,18,20,26,35,38,24,142,23.67,5,38,33,2,4,1
3074,2022-11-30,2022,11,30,2,0,11,25,29,41,44,51,17,201,33.5,11,51,40,5,1,0
3075,2022-12-03,2022,12,3,5,1,1,12,26,33,50,52,19,174,29.0,1,52,51,2,4,0
3076,2022-12-07,2022,12,7,2,0,1,5,18,45,47,52,19,168,28.0,1,52,51,4,2,0
3077,2022-12-10,2022,12,10,5,1,11,23,37,39,43,44,31,197,32.83,11,44,33,5,1,0
3078,2022-12-14,2022,12,14,2,0,2,7,20,21,35,46,22,131,21.83,2,46,44,3,3,1
3079,2022-12-17,2022,12,17,5,1,4,6,18,20,36,40,43,124,20.67,4,40,36,0,6,0
3080,2022-12-21,2022,12,21,2,0,7,20,21,37,38,46,24,169,28.17,7,46,39,3,3,1
3081,2022-12-24,2022,12,24,5,1,7,10,17,19,23,50,43,126,21.0,7,50,43,4,2,0
3082,2022-12-28,2022,12,28,2,0,8,22,30,40,42,49,41,191,31.83,8,49,41,1,5,0
3083,2022-12-31,2022,12,31,5,1,12,18,19,41,48,52,35,190,31.67,12,52,40,2,4,0
3084,2023-01-04,2023,1,4,2,0,1,18,25,30,46,48,19,168,28.0,1,48,47,2,4,0
3085,2023-01-07,2023,1,7,5,1,3,4,19,25,27,32,8,110,18.33,3,32,29,4,2,1
3086,2023-01-11,2023,1,11,2,0,4,10,21,25,37,46,2,143,23.83,4,46,42,3,3,1
3087,2023-01-14,2023,1,14,5,1,8,9,14,33,34,47,26,145,24.17,8,47,39,3,3,1
3088,2023-01-18,2023,1,18,2,0,5,29,31,35,39,47,1,186,31.0,5,47,42,6,0,0
3089,2023-01-21,2023,1,21,5,1,1,13,14,22,41,52,9,143,23.83,1,52,51,3,3,0
3090,2023-01-25,2023,1,25,2,0,3,6,9,11,31,39,7,99,16.5,3,39,36,5,1,0
3091,2023-01-28,2023,1,28,5,1,8,27,30,32,46,52,43,195,32.5,8,52,44,1,5,0
3092,2023-02-01,2023,2,1,2,0,2,21,24,38,44,48,36,177,29.5,2,48,46,1,5,1
3093,2023-02-04,2023,2,4,5,1,11,13,23,45,47,50,10,189,31.5,11,50,39,5,1,1
3094,2023-02-08,2023,2,8,2,0,15,20,23,31,33,40,29,162,27.0,15,40,25,4,2,0
3095,2023-02-11,2023,2,11,5,1,9,11,35,39,40,48,19,182,30.33,9,48,39,4,2,0
3096,2023-02-15,2023,2,15,2,0,4,7,14,30,37,46,16,138,23.0,4,46,42,2,4,1
3097,2023-02-18,2023,2,18,5,1,7,9,21,25,31,50,15,143,23.83,7,50,43,5,1,0
3098,2023-02-22,2023,2,22,2,0,5,14,20,22,25,34,8,120,20.0,5,34,29,2,4,1
3099,2023-02-25,2023,2,25,5,1,12,14,19,24,33,42,5,144,24.0,12,42,30,2,4,0
3100,2023-03-01,2023,3,1,2,0,23,24,25,26,34,35,14,167,27.83,23,35,12,3,3,1
3101,2023-03-04,2023,3,4,5,1,4,9,13,38,42,45,40,151,25.17,4,45,41,3,3,1
3102,2023-03-08,2023,3,8,2,0,11,19,23,27,35,44,13,159,26.5,11,44,33,5,1,0
3103,2023-03-11,2023,3,11,5,1,17,38,44,48,49,50,5,246,41.0,17,50,33,2,4,0
3104,2023-03-15,2023,3,15,2,0,27,36,41,43,46,50,45,243,40.5,27,50,23,3,3,0
3105,2023-03-18,2023,3,18,5,1,5,8,26,31,47,50,35,167,27.83,5,50,45,3,3,0
3106,2023-03-22,2023,3,22,2,0,4,10,27,34,43,44,22,162,27.0,4,44,40,2,4,1
3107,2023-03-25,2023,3,25,5,1,10,11,31,35,39,46,3,172,28.67,10,46,36,4,2,0
3108,2023-03-29,2023,3,29,2,0,4,15,21,22,30,33,5,125,20.83,4,33,29,3,3,0
3109,2023-04-01,2023,4,1,5,1,26,27,29,31,32,52,12,197,32.83,26,52,26,3,3,1
3110,2023-04-05,2023,4,5,2,0,5,12,14,26,33,37,34,127,21.17,5,37,32,3,3,1
3111,2023-04-08,2023,4,8,5,1,2,8,16,17,37,41,35,121,20.17,2,41,39,3,3,0
3112,2023-04-12,2023,4,12,2,0,4,38,46,47,50,52,45,237,39.5,4,52,48,1,5,0
3113,2023-04-15,2023,4,15,5,1,3,18,35,36,39,42,8,173,28.83,3,42,39,3,3,1
3114,2023-04-19,2023,4,19,2,0,11,25,38,39,44,50,52,207,34.5,11,50,39,3,3,1
3115,2023-04-22,2023,4,22,5,1,3,7,28,29,35,52,12,154,25.67,3,52,49,4,2,1
3116,2023-04-26,2023,4,26,2,0,25,36,38,39,47,51,30,236,39.33,25,51,26,4,2,1
3117,2023-04-29,2023,4,29,5,1,7,15,28,35,44,51,31,180,30.0,7,51,44,4,2,0
3118,2023-05-03,2023,5,3,2,0,18,21,33,35,40,43,6,190,31.67,18,43,25,4,2,1
3119,2023-05-06,2023,5,6,5,1,19,22,30,39,45,46,24,201,33.5,19,46,27,3,3,1
3120,2023-05-10,2023,5,10,2,0,4,5,11,25,41,50,13,136,22.67,4,50,46,4,2,0
3121,2023-05-13,2023,5,13,5,1,10,16,23,24,30,49,5,152,25.33,10,49,39,2,4,0
3122,2023-05-17,2023,5,17,2,0,1,27,34,41,42,51,39,196,32.67,1,51,50,4,2,0
3123,2023-05-20,2023,5,20,5,1,1,17,22,30,37,42,35,149,24.83,1,42,41,3,3,0
3124,2023-05-24,2023,5,24,2,0,11,17,21,34,44,49,15,176,29.33,11,49,38,4,2,0
3125,2023-05-27,2023,5,27,5,1,2,8,16,18,33,47,35,124,20.67,2,47,45,2,4,0
3126,2023-05-31,2023,5,31,2,0,2,14,23,33,37,49,29,158,26.33,2,49,47,4,2,0
3127,2023-06-03,2023,6,3,5,1,4,15,22,29,38,41,52,149,24.83,4,41,37,3,3,1
3128,2023-06-07,2023,6,7,2,0,17,22,23,32,43,51,44,188,31.33,17,51,34,4,2,1
3129,2023-06-10,2023,6,10,5,1,6,8,12,23,32,48,33,129,21.5,6,48,42,1,5,0
3130,2023-06-14,2023,6,14,2,0,9,12,26,29,32,49,16,157,26.17,9,49,40,3,3,1
3131,2023-06-17,2023,6,17,5,1,3,4,11,33,44,48,2,143,23.83,3,48,45,3,3,1
3132,2023-06-21,2023,6,21,2,0,16,17,29,31,32,33,39,158,26.33,16,33,17,4,2,0
3133,2023-06-24,2023,6,24,5,1,4,9,18,24,32,51,10,138,23.0,4,51,47,2,4,1
3134,2023-06-28,2023,6,28,2,0,11,18,25,37,38,49,12,178,29.67,11,49,38,4,2,1
3135,2023-07-01,2023,7,1,5,1,16,20,36,45,46,50,3,213,35.5,16,50,34,1,5,0
3136,2023-07-05,2023,7,5,2,0,19,20,23,24,43,44,42,173,28.83,19,44,25,3,3,1
3137,2023-07-08,2023,7,8,5,1,14,33,39,41,48,49,30,224,37.33,14,49,35,4,2,1
3138,2023-07-12,2023,7,12,2,0,1,4,14,29,38,52,11,138,23.0,1,52,51,2,4,0
3139,2023-07-15,2023,7,15,5,1,8,12,27,37,47,48,7,179,29.83,8,48,40,3,3,0
3140,2023-07-19,2023,7,19,2,0,1,5,29,36,39,41,30,151,25.17,1,41,40,5,1,1
3141,2023-07-22,2023,7,22,5,1,1,20,25,26,28,42,13,142,23.67,1,42,41,2,4,0
3142,2023-07-26,2023,7,26,2,0,14,29,35,36,43,46,44,203,33.83,14,46,32,3,3,1
3143,2023-07-29,2023,7,29,5,1,4,9,14,16,21,40,44,104,17.33,4,40,36,2,4,1
3144,2023-08-02,2023,8,2,2,0,13,16,37,40,42,47,43,195,32.5,13,47,34,3,3,0
3145,2023-08-05,2023,8,5,5,1,7,27,39,43,44,48,10,208,34.67,7,48,41,4,2,1
3146,2023-08-09,2023,8,9,2,0,5,6,11,23,28,31,21,104,17.33,5,31,26,4,2,0
3147,2023-08-12,2023,8,12,5,1,12,21,25,27,40,46,13,171,28.5,12,46,34,3,3,0
3148,2023-08-16,2023,8,16,2,0,6,8,13,28,37,48,21,140,23.33,6,48,42,2,4,0
3149,2023-08-19,2023,8,19,5,1,13,14,15,18,22,33,36,115,19.17,13,33,20,3,3,1
3150,2023-08-23,2023,8,23,2,0,4,6,24,28,41,46,27,149,24.83,4,46,42,1,5,0
3151,2023-08-26,2023,8,26,5,1,7,10,27,28,48,49,20,169,28.17,7,49,42,3,3,1
3152,2023-08-30,2023,8,30,2,0,22,23,28,37,43,50,45,203,33.83,22,50,28,3,3,0
3153,2023-09-02,2023,9,2,5,1,2,23,36,37,40,46,39,184,30.67,2,46,44,2,4,0
3154,2023-09-06,2023,9,6,2,0,3,13,32,35,49,50,26,182,30.33,3,50,47,4,2,1
3155,2023-09-09,2023,9,9,5,1,7,10,18,20,23,30,4,108,18.0,7,30,23,2,4,1
3156,2023-09-13,2023,9,13,2,0,4,28,35,47,50,51,15,215,35.83,4,51,47,3,3,0
3157,2023-09-16,2023,9,16,5,1,10,18,19,32,34,44,25,157,26.17,10,44,34,1,5,0
3158,2023-09-20,2023,9,20,2,0,17,26,28,31,33,35,2,170,28.33,17,35,18,4,2,1
3159,2023-09-23,2023,9,23,5,1,1,5,24,25,27,41,50,123,20.5,1,41,40,5,1,1
3160,2023-09-27,2023,9,27,2,0,6,9,15,22,28,39,31,119,19.83,6,39,33,3,3,0
3161,2023-09-30,2023,9,30,5,1,1,10,14,15,16,40,33,96,16.0,1,40,39,2,4,0
3162,2023-10-04,2023,10,4,2,0,4,14,17,32,41,48,2,156,26.0,4,48,44,2,4,1
3163,2023-10-07,2023,10,7,5,1,10,13,21,23,29,30,22,126,21.0,10,30,20,4,2,1
3164,2023-10-11,2023,10,11,2,0,4,8,10,25,33,50,32,130,21.67,4,50,46,2,4,1
3165,2023-10-14,2023,10,14,5,1,8,10,17,20,49,51,44,155,25.83,8,51,43,3,3,1
3166,2023-10-18,2023,10,18,2,0,8,9,30,31,40,42,23,160,26.67,8,42,34,2,4,0
3167,2023-10-21,2023,10,21,5,1,22,38,40,42,48,49,18,239,39.83,22,49,27,1,5,1
3168,2023-10-25,2023,10,25,2,0,3,4,13,24,25,39,48,108,18.0,3,39,36,4,2,1
3169,2023-10-28,2023,10,28,5,1,1,36,41,43,46,51,25,218,36.33,1,51,50,4,2,0
3170,2023-11-01,2023,11,1,2,0,6,14,25,33,40,49,16,167,27.83,6,49,43,3,3,1
3171,2023-11-04,2023,11,4,5,1,12,18,30,48,51,52,38,211,35.17,12,52,40,1,5,1
3172,2023-11-08,2023,11,8,2,0,1,16,20,21,28,45,17,131,21.83,1,45,44,3,3,0
3173,2023-11-11,2023,11,11,5,1,3,33,43,45,46,47,22,217,36.17,3,47,44,5,1,1
3174,2023-11-15,2023,11,15,2,0,11,14,34,38,45,46,51,188,31.33,11,46,35,2,4,0
3175,2023-11-18,2023,11,18,5,1,11,19,21,25,34,41,44,151,25.17,11,41,30,5,1,1
3176,2023-11-22,2023,11,22,2,0,5,12,19,23,25,41,15,125,20.83,5,41,36,5,1,0
3177,2023-11-25,2023,11,25,5,1,3,14,15,24,25,40,45,121,20.17,3,40,37,3,3,0
3178,2023-11-29,2023,11,29,2,0,11,20,23,25,38,41,32,158,26.33,11,41,30,4,2,1
3179,2023-12-02,2023,12,2,5,1,1,32,33,35,42,51,20,194,32.33,1,51,50,4,2,1
3180,2023-12-06,2023,12,6,2,0,10,13,34,42,45,51,24,195,32.5,10,51,41,3,3,1
3181,2023-12-09,2023,12,9,5,1,8,14,23,40,42,44,33,171,28.5,8,44,36,1,5,0
3182,2023-12-13,2023,12,13,2,0,11,12,14,16,31,38,7,122,20.33,11,38,27,2,4,0
3183,2023-12-16,2023,12,16,5,1,17,22,31,36,43,47,29,196,32.67,17,47,30,4,2,0
3184,2023-12-20,2023,12,20,2,0,11,18,32,41,45,50,51,197,32.83,11,50,39,3,3,0
3185,2023-12-23,2023,12,23,5,1,19,20,28,37,49,50,48,203,33.83,19,50,31,3,3,1
3186,2023-12-27,2023,12,27,2,0,12,25,29,34,41,42,27,183,30.5,12,42,30,3,3,0
3187,2023-12-30,2023,12,30,5,1,9,10,15,17,35,37,4,123,20.5,9,37,28,5,1,1
3188,2024-01-03,2024,1,3,2,0,7,18,32,36,38,52,25,183,30.5,7,52,45,1,5,0
3189,2024-01-06,2024,1,6,5,1,5,9,17,18,24,30,6,103,17.17,5,30,25,3,3,1
3190,2024-01-10,2024,1,10,2,0,9,15,17,27,31,49,35,148,24.67,9,49,40,6,0,0
3191,2024-01-13,2024,1,13,5,1,11,13,29,48,50,51,47,202,33.67,11,51,40,4,2,0
3192,2024-01-17,2024,1,17,2,0,24,33,34,42,43,50,37,226,37.67,24,50,26,2,4,0
3193,2024-01-20,2024,1,20,5,1,3,8,10,16,36,41,9,114,19.0,3,41,38,2,4,0
3194,2024-01-24,2024,1,24,2,0,14,16,18,21,45,51,4,165,27.5,14,51,37,3,3,1
3195,2024-01-27,2024,1,27,5,1,2,15,26,28,45,49,6,165,27.5,2,49,47,3,3,1
3196,2024-01-31,2024,1,31,2,0,9,11,23,26,41,52,29,162,27.0,9,52,43,4,2,0
3197,2024-02-03,2024,2,3,5,1,16,17,24,31,36,43,44,167,27.83,16,43,27,3,3,1
3198,2024-02-07,2024,2,7,2,0,13,19,28,29,30,32,14,151,25.17,13,32,19,3,3,1
3199,2024-02-10,2024,2,10,5,1,3,18,24,38,43,46,51,172,28.67,3,46,43,2,4,0
3200,2024-02-14,2024,2,14,2,0,6,18,23,29,30,45,44,151,25.17,6,45,39,3,3,1
3201,2024-02-17,2024,2,17,5,1,1,3,9,29,44,48,25,134,22.33,1,48,47,4,2,0
3202,2024-02-21,2024,2,21,2,0,5,33,34,42,51,52,39,217,36.17,5,52,47,3,3,0
3203,2024-02-24,2024,2,24,5,1,2,7,20,27,29,34,37,119,19.83,2,34,32,3,3,0
3204,2024-02-28,2024,2,28,2,0,11,12,14,18,20,48,32,123,20.5,11,48,37,1,5,1
3205,2024-03-02,2024,3,2,5,1,8,18,25,40,47,49,31,187,31.17,8,49,41,3,3,0
3206,2024-03-06,2024,3,6,2,0,7,16,17,22,32,48,36,142,23.67,7,48,41,2,4,1
3207,2024-03-09,2024,3,9,5,1,9,17,24,27,46,50,48,173,28.83,9,50,41,3,3,1
3208,2024-03-13,2024,3,13,2,0,9,25,33,34,36,46,15,183,30.5,9,46,37,3,3,0
3209,2024-03-16,2024,3,16,5,1,5,8,11,15,19,51,21,109,18.17,5,51,46,5,1,0
3210,2024-03-20,2024,3,20,2,0,8,13,22,30,39,52,32,164,27.33,8,52,44,2,4,1
3211,2024-03-23,2024,3,23,5,1,1,2,3,4,17,43,36,70,11.67,1,43,42,4,2,1
3212,2024-03-27,2024,3,27,2,0,11,22,41,45,46,51,50,216,36.0,11,51,40,4,2,1
3213,2024-03-30,2024,3,30,5,1,18,29,39,40,43,50,27,219,36.5,18,50,32,3,3,0
3214,2024-04-03,2024,4,3,2,0,19,25,26,28,38,39,44,175,29.17,19,39,20,3,3,1
3215,2024-04-06,2024,4,6,5,1,7,8,17,19,28,49,12,128,21.33,7,49,42,4,2,1
3216,2024-04-10,2024,4,10,2,0,6,10,15,20,34,45,46,130,21.67,6,45,39,2,4,1
3217,2024-04-13,2024,4,13,5,1,14,16,22,23,35,47,24,157,26.17,14,47,33,3,3,1
3218,2024-04-17,2024,4,17,2,0,15,21,34,36,37,47,43,190,31.67,15,47,32,4,2,0
3219,2024-04-20,2024,4,20,5,1,2,5,6,25,29,30,10,97,16.17,2,30,28,3,3,1
3220,2024-04-24,2024,4,24,2,0,18,32,38,42,44,50,24,224,37.33,18,50,32,0,6,1
3221,2024-04-27,2024,4,27,5,1,10,11,17,27,33,40,8,138,23.0,10,40,30,4,2,1
3222,2024-05-01,2024,5,1,2,0,7,12,16,27,32,52,13,146,24.33,7,52,45,2,4,0
3223,2024-05-04,2024,5,4,5,1,3,14,33,35,36,49,25,170,28.33,3,49,46,4,2,0
3224,2024-05-08,2024,5,8,2,0,19,26,31,36,37,40,22,189,31.5,19,40,21,3,3,1
3225,2024-05-11,2024,5,11,5,1,1,8,35,38,43,51,30,176,29.33,1,51,50,4,2,1
3226,2024-05-15,2024,5,15,2,0,2,7,25,32,37,45,8,148,24.67,2,45,43,4,2,1
3227,2024-05-18,2024,5,18,5,1,12,24,28,37,38,47,1,186,31.0,12,47,35,2,4,0
3228,2024-05-22,2024,5,22,2,0,19,22,29,35,40,41,1,186,31.0,19,41,22,4,2,0
3229,2024-05-25,2024,5,25,5,1,1,4,25,29,36,45,20,140,23.33,1,45,44,4,2,1
3230,2024-05-29,2024,5,29,2,0,5,11,20,27,41,45,42,149,24.83,5,45,40,5,1,1
3231,2024-06-01,2024,6,1,5,1,12,17,18,29,37,42,27,155,25.83,12,42,30,3,3,0
3232,2024-06-05,2024,6,5,2,0,21,22,23,25,37,50,47,178,29.67,21,50,29,4,2,0
3233,2024-06-08,2024,6,8,5,1,5,6,10,11,35,41,17,108,18.0,5,41,36,4,2,0
3234,2024-06-12,2024,6,12,2,0,2,9,16,26,41,48,23,142,23.67,2,48,46,2,4,0
3235,2024-06-15,2024,6,15,5,1,1,14,32,35,46,48,22,176,29.33,1,48,47,2,4,1
3236,2024-06-19,2024,6,19,2,0,9,11,25,26,31,39,45,141,23.5,9,39,30,5,1,0
3237,2024-06-22,2024,6,22,5,1,12,21,25,29,47,51,32,185,30.83,12,51,39,5,1,1
3238,2024-06-26,2024,6,26,2,0,2,17,33,39,45,52,48,188,31.33,2,52,50,4,2,1
3239,2024-06-29,2024,6,29,5,1,10,11,15,21,44,47,8,148,24.67,10,47,37,4,2,1
3240,2024-07-03,2024,7,3,2,0,8,24,43,45,46,50,16,216,36.0,8,50,42,2,4,1
3241,2024-07-06,2024,7,6,5,1,3,10,28,29,44,49,50,163,27.17,3,49,46,3,3,1
3242,2024-07-10,2024,7,10,2,0,9,17,25,40,49,52,38,192,32.0,9,52,43,4,2,1
3243,2024-07-13,2024,7,13,5,1,14,33,34,36,44,45,28,206,34.33,14,45,31,2,4,1
3244,2024-07-17,2024,7,17,2,0,1,5,14,15,22,47,7,104,17.33,1,47,46,4,2,0
3245,2024-07-20,2024,7,20,5,1,19,22,27,37,42,46,47,193,32.17,19,46,27,3,3,0
3246,2024-07-24,2024,7,24,2,0,13,17,30,31,32,43,41,166,27.67,13,43,30,4,2,0
3247,2024-07-27,2024,7,27,5,1,20,21,26,34,37,48,10,186,31.0,20,48,28,2,4,1
3248,2024-07-31,2024,7,31,2,0,11,12,14,20,34,48,33,139,23.17,11,48,37,1,5,0
3249,2024-08-03,2024,8,3,5,1,12,22,26,31,45,48,6,184,30.67,12,48,36,2,4,1
3250,2024-08-07,2024,8,7,2,0,1,10,13,32,37,48,45,141,23.5,1,48,47,3,3,0
3251,2024-08-10,2024,8,10,5,1,7,11,24,26,32,41,15,141,23.5,7,41,34,3,3,0
3252,2024-08-14,2024,8,14,2,0,7,13,17,23,40,47,4,147,24.5,7,47,40,5,1,1
3253,2024-08-17,2024,8,17,5,1,4,7,12,31,38,49,15,141,23.5,4,49,45,3,3,0
3254,2024-08-21,2024,8,21,2,0,4,11,22,29,36,44,14,146,24.33,4,44,40,2,4,1
3255,2024-08-24,2024,8,24,5,1,2,5,13,22,23,51,1,116,19.33,2,51,49,4,2,0
3256,2024-08-28,2024,8,28,2,0,2,12,23,24,30,31,36,122,20.33,2,31,29,2,4,1
3257,2024-08-31,2024,8,31,5,1,1,10,14,19,25,46,29,115,19.17,1,46,45,3,3,0
3258,2024-09-04,2024,9,4,2,0,10,17,33,38,39,50,5,187,31.17,10,50,40,3,3,0
3259,2024-09-07,2024,9,7,5,1,2,7,18,29,40,49,38,145,24.17,2,49,47,3,3,1
3260,2024-09-11,2024,9,11,2,0,8,13,16,22,26,43,9,128,21.33,8,43,35,2,4,0
3261,2024-09-14,2024,9,14,5,1,4,6,8,28,46,52,27,144,24.0,4,52,48,0,6,0
3262,2024-09-18,2024,9,18,2,0,7,21,23,38,43,45,25,177,29.5,7,45,38,5,1,0
3263,2024-09-21,2024,9,21,5,1,21,29,32,33,36,50,52,201,33.5,21,50,29,3,3,1
3264,2024-09-25,2024,9,25,2,0,6,26,39,41,49,52,17,213,35.5,6,52,46,3,3,0
3265,2024-09-28,2024,9,28,5,1,25,28,29,32,40,42,26,196,32.67,25,42,17,2,4,1
3266,2024-10-02,2024,10,2,2,0,5,6,14,26,37,50,13,138,23.0,5,50,45,2,4,0
3267,2024-10-05,2024,10,5,5,1,14,21,27,40,43,47,45,192,32.0,14,47,33,4,2,0
3268,2024-10-09,2024,10,9,2,0,5,18,19,29,44,48,17,163,27.17,5,48,43,3,3,0
3269,2024-10-12,2024,10,12,5,1,5,8,10,46,49,51,27,169,28.17,5,51,46,3,3,0
3270,2024-10-16,2024,10,16,2,0,16,18,20,31,43,44,39,172,28.67,16,44,28,2,4,0
3271,2024-10-19,2024,10,19,5,1,19,24,39,44,48,50,30,224,37.33,19,50,31,2,4,1
3272,2024-10-23,2024,10,23,2,0,11,18,19,20,27,30,44,125,20.83,11,30,19,3,3,1
3273,2024-10-26,2024,10,26,5,1,4,12,22,29,38,41,10,146,24.33,4,41,37,2,4,1
3274,2024-10-30,2024,10,30,2,0,4,9,25,39,41,44,3,162,27.0,4,44,40,4,2,0
3275,2024-11-02,2024,11,2,5,1,1,7,10,15,42,51,49,126,21.0,1,51,50,4,2,0
3276,2024-11-06,2024,11,6,2,0,13,18,32,42,43,50,16,198,33.0,13,50,37,2,4,1
3277,2024-11-09,2024,11,9,5,1,6,7,20,29,46,49,31,157,26.17,6,49,43,3,3,0
3278,2024-11-13,2024,11,13,2,0,3,25,33,35,42,45,9,183,30.5,3,45,42,5,1,0
3279,2024-11-16,2024,11,16,5,1,4,8,13,15,28,36,52,104,17.33,4,36,32,2,4,1
3280,2024-11-20,2024,11,20,2,0,2,3,22,33,36,41,18,137,22.83,2,41,39,3,3,1
3281,2024-11-23,2024,11,23,5,1,3,9,10,16,22,25,43,85,14.17,3,25,22,3,3,0
3282,2024-11-27,2024,11,27,2,0,5,8,13,15,39,43,1,123,20.5,5,43,38,5,1,0
3283,2024-11-30,2024,11,30,5,1,7,24,34,37,40,52,20,194,32.33,7,52,45,2,4,1
3284,2024-12-04,2024,12,4,2,0,4,14,19,20,21,48,47,126,21.0,4,48,44,2,4,0
3285,2024-12-07,2024,12,7,5,1,10,20,30,47,49,50,21,206,34.33,10,50,40,2,4,0
3286,2024-12-11,2024,12,11,2,0,6,11,19,24,50,52,51,162,27.0,6,52,46,2,4,0
3287,2024-12-14,2024,12,14,5,1,6,8,11,39,42,47,41,153,25.5,6,47,41,3,3,0
3288,2024-12-18,2024,12,18,2,0,5,7,28,30,38,45,37,153,25.5,5,45,40,3,3,0
3289,2024-12-21,2024,12,21,5,1,6,9,23,30,33,41,8,142,23.67,6,41,35,4,2,1
3290,2024-12-28,2024,12,28,5,1,7,18,25,28,29,44,8,151,25.17,7,44,37,3,3,1
3291,2025-01-01,2025,1,1,2,0,3,7,18,23,24,52,26,127,21.17,3,52,49,3,3,1
3292,2025-01-04,2025,1,4,5,1,3,22,23,25,33,52,19,158,26.33,3,52,49,4,2,0
3293,2025-01-08,2025,1,8,2,0,16,22,24,34,38,49,35,183,30.5,16,49,33,1,5,0
3294,2025-01-11,2025,1,11,5,1,1,10,20,22,37,42,23,132,22.0,1,42,41,2,4,0
3295,2025-01-15,2025,1,15,2,0,4,9,10,35,37,41,39,136,22.67,4,41,37,4,2,0
3296,2025-01-18,2025,1,18,5,1,13,20,25,33,38,40,44,169,28.17,13,40,27,3,3,1
3297,2025-01-22,2025,1,22,2,0,6,9,23,45,46,48,12,177,29.5,6,48,42,3,3,1
3298,2025-01-25,2025,1,25,5,1,23,26,28,29,39,51,45,196,32.67,23,51,28,4,2,0
3299,2025-01-29,2025,1,29,2,0,6,11,13,24,32,44,14,130,21.67,6,44,38,2,4,1
3300,2025-02-01,2025,2,1,5,1,14,15,26,41,42,52,36,190,31.67,14,52,38,2,4,1
3301,2025-02-05,2025,2,5,2,0,5,7,18,28,30,42,1,130,21.67,5,42,37,2,4,0
3302,2025-02-08,2025,2,8,5,1,1,4,14,17,20,34,50,90,15.0,1,34,33,2,4,1
3303,2025-02-12,2025,2,12,2,0,3,9,23,41,42,48,39,166,27.67,3,48,45,4,2,0
3304,2025-02-15,2025,2,15,5,1,5,9,25,39,41,50,24,169,28.17,5,50,45,5,1,1
3305,2025-02-19,2025,2,19,2,0,11,13,32,43,50,51,16,200,33.33,11,51,40,4,2,1
3306,2025-02-22,2025,2,22,5,1,4,7,12,13,24,51,49,111,18.5,4,51,47,3,3,0
3307,2025-02-26,2025,2,26,2,0,27,36,38,44,45,47,41,237,39.5,27,47,20,3,3,0
3308,2025-03-01,2025,3,1,5,1,8,12,20,22,49,50,10,161,26.83,8,50,42,1,5,1
3309,2025-03-05,2025,3,5,2,0,2,8,37,45,48,51,24,191,31.83,2,51,49,3,3,1
3310,2025-03-08,2025,3,8,5,1,7,19,23,27,31,52,10,159,26.5,7,52,45,5,1,1
3311,2025-03-12,2025,3,12,2,0,7,12,24,32,39,48,9,162,27.0,7,48,41,2,4,0
3312,2025-03-15,2025,3,15,5,1,6,23,24,34,47,49,18,183,30.5,6,49,43,3,3,1
3313,2025-03-19,2025,3,19,2,0,2,3,17,27,29,37,12,115,19.17,2,37,35,5,1,1
3314,2025-03-22,2025,3,22,5,1,3,12,16,18,31,51,2,131,21.83,3,51,48,3,3,1
3315,2025-03-26,2025,3,26,2,0,12,18,21,25,27,38,31,141,23.5,12,38,26,3,3,0
3316,2025-03-29,2025,3,29,5,1,11,18,28,36,46,48,22,187,31.17,11,48,37,1,5,1
3317,2025-04-02,2025,4,2,2,0,6,7,22,29,44,50,4,158,26.33,6,50,44,2,4,1
3318,2025-04-05,2025,4,5,5,1,7,11,34,37,39,42,44,170,28.33,7,42,35,4,2,1
3319,2025-04-09,2025,4,9,2,0,3,5,27,45,49,50,20,179,29.83,3,50,47,5,1,1
3320,2025-04-12,2025,4,12,5,1,3,9,16,17,31,48,36,124,20.67,3,48,45,4,2,1
3321,2025-04-16,2025,4,16,2,0,9,16,20,23,26,51,29,145,24.17,9,51,42,3,3,0
3322,2025-04-19,2025,4,19,5,1,6,9,11,33,38,52,32,149,24.83,6,52,46,3,3,1
3323,2025-04-23,2025,4,23,2,0,1,5,22,31,34,44,33,137,22.83,1,44,43,3,3,0
3324,2025-04-26,2025,4,26,5,1,18,20,28,30,31,36,49,163,27.17,18,36,18,1,5,0
3325,2025-04-30,2025,4,30,2,0,8,19,20,31,45,52,3,175,29.17,8,52,44,3,3,0
3326,2025-05-03,2025,5,3,5,1,4,5,7,10,11,41,2,78,13.0,4,41,37,4,2,1
3327,2025-05-07,2025,5,7,2,0,9,10,27,30,31,45,23,152,25.33,9,45,36,4,2,0
3328,2025-05-10,2025,5,10,5,1,3,13,18,24,30,31,25,119,19.83,3,31,28,3,3,0
3329,2025-05-14,2025,5,14,2,0,9,18,19,30,31,40,28,147,24.5,9,40,31,3,3,1
3330,2025-05-17,2025,5,17,5,1,12,28,29,38,46,49,25,202,33.67,12,49,37,2,4,0
3331,2025-05-21,2025,5,21,2,0,6,17,25,29,38,46,20,161,26.83,6,46,40,3,3,1
3332,2025-05-24,2025,5,24,5,1,3,7,29,33,37,46,43,155,25.83,3,46,43,5,1,0
3333,2025-05-28,2025,5,28,2,0,1,2,3,18,29,32,14,85,14.17,1,32,31,3,3,1
3334,2025-05-31,2025,5,31,5,1,8,19,26,31,46,49,4,179,29.83,8,49,41,3,3,1
3335,2025-06-04,2025,6,4,2,0,8,24,32,34,36,52,26,186,31.0,8,52,44,0,6,1
3336,2025-06-07,2025,6,7,5,1,1,16,36,40,42,50,6,185,30.83,1,50,49,1,5,1
3337,2025-06-11,2025,6,11,2,0,16,32,35,38,43,46,50,210,35.0,16,46,30,2,4,1
3338,2025-06-14,2025,6,14,5,1,5,8,17,18,29,35,50,112,18.67,5,35,30,4,2,1
3339,2025-06-18,2025,6,18,2,0,10,13,27,30,38,39,16,157,26.17,10,39,29,3,3,1
3340,2025-06-21,2025,6,21,5,1,1,28,32,39,41,48,4,189,31.5,1,48,47,3,3,1
3341,2025-06-25,2025,6,25,2,0,16,17,18,41,45,46,5,183,30.5,16,46,30,3,3,0
3342,2025-06-28,2025,6,28,5,1,1,13,18,20,47,50,27,149,24.83,1,50,49,3,3,0
3343,2025-07-02,2025,7,2,2,0,8,11,26,35,44,45,41,169,28.17,8,45,37,3,3,0
3344,2025-07-05,2025,7,5,5,1,8,14,29,30,49,52,23,182,30.33,8,52,44,2,4,0
3345,2025-07-09,2025,7,9,2,0,1,8,12,13,31,35,49,100,16.67,1,35,34,4,2,0
3346,2025-07-12,2025,7,12,5,1,5,6,7,15,30,34,2,97,16.17,5,34,29,3,3,1
3347,2025-07-16,2025,7,16,2,0,8,10,27,44,45,48,26,182,30.33,8,48,40,2,4,1
3348,2025-07-19,2025,7,19,5,1,2,8,11,13,36,46,30,116,19.33,2,46,44,2,4,1
3349,2025-07-23,2025,7,23,2,0,5,8,15,17,40,52,4,137,22.83,5,52,47,3,3,1
3350,2025-07-26,2025,7,26,5,1,12,16,20,22,27,52,21,149,24.83,12,52,40,1,5,0
3351,2025-07-30,2025,7,30,2,0,6,27,29,34,47,50,15,193,32.17,6,50,44,3,3,0
3352,2025-08-02,2025,8,2,5,1,6,16,25,30,50,51,35,178,29.67,6,51,45,2,4,0
3353,2025-08-06,2025,8,6,2,0,3,5,18,26,31,49,22,132,22.0,3,49,46,4,2,1
3354,2025-08-09,2025,8,9,5,1,4,15,38,39,41,51,33,188,31.33,4,51,47,4,2,0
3355,2025-08-13,2025,8,13,2,0,2,4,19,34,38,50,49,147,24.5,2,50,48,1,5,0
3356,2025-08-16,2025,8,16,5,1,2,15,17,22,23,50,19,129,21.5,2,50,48,3,3,0
3357,2025-08-20,2025,8,20,2,0,2,14,16,19,41,43,45,135,22.5,2,43,41,3,3,0
3358,2025-08-23,2025,8,23,5,1,10,14,22,31,32,49,39,158,26.33,10,49,39,2,4,0
3359,2025-08-27,2025,8,27,2,0,3,11,17,28,44,52,48,155,25.83,3,52,49,3,3,1
3360,2025-08-30,2025,8,30,5,1,8,25,29,36,46,51,20,195,32.5,8,51,43,3,3,1
3361,2025-09-03,2025,9,3,2,0,17,25,26,30,44,48,38,190,31.67,17,48,31,2,4,1
3362,2025-09-06,2025,9,6,5,1,3,12,28,39,41,50,42,173,28.83,3,50,47,3,3,1
3363,2025-09-10,2025,9,10,2,0,19,26,28,35,37,46,3,191,31.83,19,46,27,3,3,0
3364,2025-09-13,2025,9,13,5,1,12,20,21,22,28,33,42,136,22.67,12,33,21,2,4,1
3365,2025-09-17,2025,9,17,2,0,12,18,23,27,38,52,48,170,28.33,12,52,40,2,4,1
3366,2025-09-20,2025,9,20,5,1,4,5,14,21,34,52,46,130,21.67,4,52,48,2,4,1
3367,2025-09-24,2025,9,24,2,0,16,23,32,42,49,58,55,220,36.67,16,58,42,2,4,0
3368,2025-09-27,2025,9,27,5,1,7,12,14,32,37,52,5,154,25.67,7,52,45,2,4,0
3369,2025-10-01,2025,10,1,2,0,5,12,14,20,28,30,16,109,18.17,5,30,25,1,5,1
3370,2025-10-04,2025,10,4,5,1,4,8,36,41,43,57,45,189,31.5,4,57,53,3,3,0
3371,2025-10-08,2025,10,8,2,0,7,11,29,35,46,56,26,184,30.67,7,56,49,4,2,1
3372,2025-10-11,2025,10,11,5,1,23,24,27,33,36,58,18,201,33.5,23,58,35,3,3,1
3373,2025-10-15,2025,10,15,2,0,16,17,20,27,49,51,57,180,30.0,16,51,35,4,2,0
3374,2025-10-18,2025,10,18,5,1,5,27,33,37,41,58,18,201,33.5,5,58,53,5,1,1
3375,2025-10-22,2025,10,22,2,0,8,17,31,40,44,53,48,193,32.17,8,53,45,3,3,1
3376,2025-10-25,2025,10,25,5,1,7,27,39,45,48,56,36,222,37.0,7,56,49,4,2,1
3377,2025-10-29,2025,10,29,2,0,2,10,22,43,45,53,6,175,29.17,2,53,51,3,3,1
3378,2025-11-01,2025,11,1,5,1,1,12,21,24,49,56,44,163,27.17,1,56,55,3,3,1
3379,2025-11-05,2025,11,5,2,0,9,13,33,51,55,58,19,219,36.5,9,58,49,5,1,0
3380,2025-11-08,2025,11,8,5,1,9,10,19,38,52,55,7,183,30.5,9,55,46,3,3,0
3381,2025-11-12,2025,11,12,2,0,9,16,20,39,44,56,47,184,30.67,9,56,47,2,4,0
3382,2025-11-15,2025,11,15,5,1,13,31,33,43,46,53,20,219,36.5,13,53,40,5,1,1
3383,2025-11-19,2025,11,19,2,0,14,19,21,26,56,58,37,194,32.33,14,58,44,2,4,0
3384,2025-11-22,2025,11,22,5,1,4,5,6,15,39,50,28,119,19.83,4,50,46,3,3,1
3385,2025-11-26,2025,11,26,2,0,4,8,25,32,33,36,22,138,23.0,4,36,32,2,4,1
3386,2025-11-29,2025,11,29,5,1,8,18,22,46,54,58,51,206,34.33,8,58,50,0,6,0
3387,2025-12-03,2025,12,3,2,0,1,8,29,32,42,53,45,165,27.5,1,53,52,3,3,0
3388,2025-12-06,2025,12,6,5,1,4,6,13,15,29,35,20,102,17.0,4,35,31,4,2,1
3389,2025-12-10,2025,12,10,2,0,10,13,14,22,32,48,57,139,23.17,10,48,38,1,5,0
3390,2025-12-13,2025,12,13,5,1,9,18,30,53,54,58,8,222,37.0,9,58,49,2,4,1
3391,2025-12-17,2025,12,17,2,0,1,6,12,26,40,54,38,139,23.17,1,54,53,1,5,1
3392,2025-12-20,2025,12,20,5,1,5,40,47,49,53,54,29,248,41.33,5,54,49,4,2,0
3393,2025-12-24,2025,12,24,2,0,7,12,20,39,43,56,34,177,29.5,7,56,49,3,3,1
3394,2025-12-27,2025,12,27,5,1,8,11,24,32,43,45,41,163,27.17,8,45,37,3,3,0
3395,2025-12-31,2025,12,31,2,0,4,5,10,16,22,45,25,102,17.0,4,45,41,2,4,0
3396,2026-01-03,2026,1,3,5,1,1,24,33,34,45,55,37,192,32.0,1,55,54,4,2,0
3397,2026-01-07,2026,1,7,2,0,4,6,29,44,49,57,2,189,31.5,4,57,53,3,3,1
3398,2026-01-10,2026,1,10,5,1,7,18,29,36,51,58,40,199,33.17,7,58,51,3,3,1
3399,2026-01-14,2026,1,14,2,0,16,34,36,43,56,57,55,242,40.33,16,57,41,2,4,0
3400,2026-01-17,2026,1,17,5,1,24,32,38,49,55,58,51,256,42.67,24,58,34,2,4,0
3401,2026-01-21,2026,1,21,2,0,9,18,32,35,54,56,2,204,34.0,9,56,47,2,4,1
3402,2026-01-24,2026,1,24,5,1,7,23,28,37,50,58,19,203,33.83,7,58,51,3,3,0
3403,2026-01-28,2026,1,28,2,0,9,18,19,36,37,49,50,168,28.0,9,49,40,4,2,1
3404,2026-01-31,2026,1,31,5,1,15,32,36,39,40,48,28,210,35.0,15,48,33,2,4,1
3405,2026-02-04,2026,2,4,2,0,3,17,20,26,51,53,22,170,28.33,3,53,50,4,2,1
3406,2026-02-07,2026,2,7,5,1,1,3,12,21,48,51,30,136,22.67,1,51,50,4,2,1
3407,2026-02-11,2026,2,11,2,0,14,16,22,24,29,35,3,140,23.33,14,35,21,2,4,0
3408,2026-02-14,2026,2,14,5,1,6,10,18,32,37,46,53,149,24.83,6,46,40,1,5,0
3409,2026-02-18,2026,2,18,2,0,6,13,22,36,50,56,28,183,30.5,6,56,50,1,5,1
3410,2026-02-21,2026,2,21,5,1,2,8,39,43,45,55,6,192,32.0,2,55,53,4,2,1
3411,2026-02-25,2026,2,25,2,0,7,11,12,32,38,55,20,155,25.83,7,55,48,3,3,1
3412,2026-02-28,2026,2,28,5,1,2,7,15,33,38,48,5,143,23.83,2,48,46,3,3,0
3413,2026-03-04,2026,3,4,2,0,1,10,11,17,37,57,25,133,22.17,1,57,56,5,1,0
3414,2026-03-07,2026,3,7,5,1,4,13,14,20,22,47,29,120,20.0,4,47,43,2,4,0
3415,2026-03-11,2026,3,11,2,0,2,5,49,54,56,58,46,224,37.33,2,58,56,2,4,1
3416,2026-03-14,2026,3,14,5,1,12,22,30,32,42,58,57,196,32.67,12,58,46,0,6,0
3417,2026-03-18,2026,3,18,2,0,4,24,26,45,46,49,5,194,32.33,4,49,45,2,4,0
3418,2026-03-21,2026,3,21,5,1,3,7,16,22,42,53,9,143,23.83,3,53,50,3,3,0
3419,2026-03-25,2026,3,25,2,0,1,12,19,28,31,52,38,143,23.83,1,52,51,3,3,1
3420,2026-03-28,2026,3,28,5,1,6,12,26,40,41,55,17,180,30.0,6,55,49,2,4,0
3421,2026-04-01,2026,4,1,2,0,14,18,27,29,52,56,10,196,32.67,14,56,42,2,4,1
3422,2026-04-04,2026,4,4,5,1,11,13,15,30,39,48,8,156,26.0,11,48,37,4,2,1
3423,2026-04-08,2026,4,8,2,0,2,23,40,43,48,53,55,209,34.83,2,53,51,3,3,0
3424,2026-04-11,2026,4,11,5,1,15,41,43,45,57,58,1,259,43.17,15,58,43,5,1,0
3425,2026-04-15,2026,4,15,2,0,1,2,10,22,27,54,55,116,19.33,1,54,53,2,4,0
3426,2026-04-18,2026,4,18,5,1,23,25,31,48,52,53,8,232,38.67,23,53,30,4,2,1
3427,2026-04-22,2026,4,22,2,0,10,12,23,26,27,37,5,135,22.5,10,37,27,3,3,0
3428,2026-04-25,2026,4,25,5,1,9,22,26,30,50,54,42,191,31.83,9,54,45,1,5,1
3429,2026-04-30,2026,4,30,3,0,3,9,15,32,36,49,40,144,24.0,3,49,46,4,2,1
3430,2026-05-02,2026,5,2,5,1,7,28,32,40,44,49,37,200,33.33,7,49,42,2,4,0
3431,2026-05-06,2026,5,6,2,0,6,8,23,40,42,44,10,163,27.17,6,44,38,1,5,1
3432,2026-05-09,2026,5,9,5,1,18,21,24,45,52,56,53,216,36.0,18,56,38,2,4,0
3433,2026-05-13,2026,5,13,2,0,1,22,37,40,51,58,43,209,34.83,1,58,57,3,3,0
3434,2026-05-16,2026,5,16,5,1,34,40,42,45,56,58,52,275,45.83,34,58,24,1,5,1
3435,2026-05-20,2026,5,20,2,0,1,4,12,13,24,58,53,112,18.67,1,58,57,2,4,0
3436,2026-05-23,2026,5,23,5,1,33,39,45,47,49,53,34,266,44.33,33,53,20,6,0,1
3437,2026-05-27,2026,5,27,2,0,8,17,29,35,38,56,50,183,30.5,8,56,48,3,3,1
3438,2026-05-30,2026,5,30,5,1,21,35,39,46,51,56,4,248,41.33,21,56,35,4,2,1
3439,2026-06-03,2026,6,3,2,0,5,8,19,30,44,46,13,152,25.33,5,46,41,2,4,0
3440,2026-06-06,2026,6,6,5,1,8,16,20,40,50,51,22,185,30.83,8,51,43,1,5,1
3441,2026-06-10,2026,6,10,2,0,15,16,17,18,25,33,3,124,20.67,15,33,18,4,2,0
3442,2026-06-13,2026,6,13,5,1,4,7,19,26,49,50,46,155,25.83,4,50,46,3,3,1
3443,2026-06-17,2026,6,17,2,0,8,34,36,42,51,52,18,223,37.17,8,52,44,1,5,1
3444,2026-06-20,2026,6,20,5,1,1,19,20,22,47,50,32,159,26.5,1,50,49,3,3,1
3445,2026-06-24,2026,6,24,2,0,12,23,42,46,48,51,18,222,37.0,12,51,39,2,4,1
3446,2026-06-27,2026,6,27,5,1,2,10,21,37,42,43,34,155,25.83,2,43,41,3,3,1
3447,2026-07-01,2026,7,1,2,0,5,10,20,23,43,52,28,153,25.5,5,52,47,3,3,1
3448,2026-07-04,2026,7,4,5,1,19,24,26,30,32,44,8,175,29.17,19,44,25,1,5,1
3449,2026-07-08,2026,7,8,2,0,11,13,21,22,29,36,47,132,22.0,11,36,25,4,2,0
3450,2026-07-11,2026,7,11,5,1,8,14,20,33,34,47,42,156,26.0,8,47,39,2,4,1
3451,2026-07-15,2026,7,15,2,0,23,39,47,48,49,51,21,257,42.83,23,51,28,5,1,0
3452,2026-07-18,2026,7,18,5,1,10,25,40,41,47,48,49,211,35.17,10,48,38,3,3,0
3453,2026-07-22,2026,7,22,2,0,2,4,28,32,34,35,23,135,22.5,2,35,33,1,5,0
3454,2026-07-25,2026,7,25,5,1,9,13,26,28,29,43,5,148,24.67,9,43,34,4,2,0
3455,2026-07-29,2026,7,29,2,0,4,15,22,24,41,52,48,158,26.33,4,52,48,2,4,1
3456,2026-08-01,2026,8,1,5,1,9,11,12,24,39,41,16,136,22.67,9,41,32,4,2,1
3457,2026-08-05,2026,8,5,2,0,17,23,29,31,33,40,3,173,28.83,17,40,23,5,1,0
3458,2026-08-08,2026,8,8,5,1,7,10,13,18,24,42,30,114,19.0,7,42,35,2,4,1
3459,2026-08-12,2026,8,12,2,0,6,11,27,28,34,45,1,151,25.17,6,45,39,3,3,0
3460,2026-08-15,2026,8,15,5,1,2,13,19,20,34,52,11,140,23.33,2,52,50,2,4,0
3461,2026-08-19,2026,8,19,2,0,10,19,21,40,50,51,7,191,31.83,10,51,41,3,3,0
