day,date,year,month,day_of_month,day_of_week,is_weekend,ball_1,ball_2,ball_3,ball_4,ball_5,powerball,sum_main_balls,mean_main_balls,min_main_ball,max_main_ball,range_main_balls,odd_count,even_count,is_powerball_even
1,2009-10-23,2009,10,23,4,0,12,15,20,36,38,6,121,24.2,12,38,26,1,4,1
2,2009-10-27,2009,10,27,1,0,5,15,17,31,37,3,105,21.0,5,37,32,5,0,0
3,2009-10-30,2009,10,30,4,0,11,14,16,30,31,8,102,20.4,11,31,20,2,3,1
4,2009-11-03,2009,11,3,1,0,18,24,27,36,40,11,145,29.0,18,40,22,1,4,0
5,2009-11-06,2009,11,6,4,0,10,17,23,31,42,19,123,24.6,10,42,32,3,2,0
6,2009-11-10,2009,11,10,1,0,12,20,22,28,33,14,115,23.0,12,33,21,1,4,1
7,2009-11-13,2009,11,13,4,0,32,35,38,39,43,19,187,37.4,32,43,11,3,2,0
8,2009-11-17,2009,11,17,1,0,1,9,23,41,43,3,117,23.4,1,43,42,5,0,0
9,2009-11-20,2009,11,20,4,0,12,16,28,42,44,4,142,28.4,12,44,32,0,5,1
10,2009-11-24,2009,11,24,1,0,1,18,19,32,42,9,112,22.4,1,42,41,2,3,0
11,2009-11-27,2009,11,27,4,0,12,18,31,37,45,16,143,28.6,12,45,33,3,2,1
12,2009-12-01,2009,12,1,1,0,5,8,25,41,45,13,124,24.8,5,45,40,4,1,0
13,2009-12-04,2009,12,4,4,0,17,23,27,38,43,4,148,29.6,17,43,26,4,1,1
14,2009-12-08,2009,12,8,1,0,13,16,37,39,42,7,147,29.4,13,42,29,3,2,0
15,2009-12-11,2009,12,11,4,0,10,20,22,23,35,17,110,22.0,10,35,25,2,3,0
16,2009-12-15,2009,12,15,1,0,7,29,31,32,39,13,138,27.6,7,39,32,4,1,0
17,2009-12-18,2009,12,18,4,0,5,8,11,28,34,15,86,17.2,5,34,29,2,3,0
18,2009-12-22,2009,12,22,1,0,2,14,27,39,42,10,124,24.8,2,42,40,2,3,1
19,2009-12-29,2009,12,29,1,0,18,27,32,38,42,20,157,31.4,18,42,24,1,4,1
20,2010-01-01,2010,1,1,4,0,17,21,24,32,37,10,131,26.2,17,37,20,3,2,1
21,2010-01-05,2010,1,5,1,0,1,8,31,43,44,11,127,25.4,1,44,43,3,2,0
22,2010-01-08,2010,1,8,4,0,6,15,27,39,45,19,132,26.4,6,45,39,4,1,0
23,2010-01-12,2010,1,12,1,0,10,11,18,30,35,7,104,20.8,10,35,25,2,3,0
24,2010-01-15,2010,1,15,4,0,1,5,21,42,44,8,113,22.6,1,44,43,3,2,1
25,2010-01-19,2010,1,19,1,0,10,16,18,21,38,18,103,20.6,10,38,28,1,4,1
26,2010-01-22,2010,1,22,4,0,7,11,18,19,34,7,89,17.8,7,34,27,3,2,0
27,2010-01-26,2010,1,26,1,0,2,3,15,21,36,19,77,15.4,2,36,34,3,2,0
28,2010-01-29,2010,1,29,4,0,2,6,39,42,43,3,132,26.4,2,43,41,2,3,0
29,2010-02-02,2010,2,2,1,0,7,25,33,38,42,8,145,29.0,7,42,35,3,2,1
30,2010-02-05,2010,2,5,4,0,1,8,21,29,39,20,98,19.6,1,39,38,4,1,1
31,2010-02-09,2010,2,9,1,0,10,18,26,36,45,19,135,27.0,10,45,35,1,4,0
32,2010-02-12,2010,2,12,4,0,6,32,36,38,45,1,157,31.4,6,45,39,1,4,0
33,2010-02-16,2010,2,16,1,0,22,23,30,33,44,9,152,30.4,22,44,22,2,3,0
34,2010-02-19,2010,2,19,4,0,7,8,10,22,35,4,82,16.4,7,35,28,2,3,1
35,2010-02-23,2010,2,23,1,0,4,12,18,34,41,14,109,21.8,4,41,37,1,4,1
36,2010-02-26,2010,2,26,4,0,4,9,14,23,37,8,87,17.4,4,37,33,3,2,1
37,2010-03-02,2010,3,2,1,0,1,12,15,36,43,6,107,21.4,1,43,42,3,2,1
38,2010-03-05,2010,3,5,4,0,10,11,12,22,38,10,93,18.6,10,38,28,1,4,1
39,2010-03-09,2010,3,9,1,0,3,6,11,28,45,15,93,18.6,3,45,42,3,2,0
40,2010-03-12,2010,3,12,4,0,8,14,18,22,28,10,90,18.0,8,28,20,0,5,1
41,2010-03-16,2010,3,16,1,0,16,32,40,42,45,16,175,35.0,16,45,29,1,4,1
42,2010-03-19,2010,3,19,4,0,7,11,33,44,45,3,140,28.0,7,45,38,4,1,0
43,2010-03-23,2010,3,23,1,0,1,6,9,10,15,11,41,8.2,1,15,14,3,2,0
44,2010-03-26,2010,3,26,4,0,25,30,33,36,44,15,168,33.6,25,44,19,2,3,0
45,2010-03-30,2010,3,30,1,0,9,27,30,35,42,17,143,28.6,9,42,33,3,2,0
46,2010-04-06,2010,4,6,1,0,2,13,19,38,42,16,114,22.8,2,42,40,2,3,1
47,2010-04-09,2010,4,9,4,0,2,16,27,30,31,15,106,21.2,2,31,29,2,3,0
48,2010-04-13,2010,4,13,1,0,15,18,28,42,45,5,148,29.6,15,45,30,2,3,0
49,2010-04-16,2010,4,16,4,0,7,19,21,37,40,18,124,24.8,7,40,33,4,1,1
50,2010-04-20,2010,4,20,1,0,7,20,26,32,39,3,124,24.8,7,39,32,2,3,0
51,2010-04-23,2010,4,23,4,0,12,18,43,44,45,5,162,32.4,12,45,33,2,3,0
52,2010-04-27,2010,4,27,1,0,13,14,23,24,27,1,101,20.2,13,27,14,3,2,0
53,2010-04-30,2010,4,30,4,0,1,11,30,35,44,15,121,24.2,1,44,43,3,2,0
54,2010-05-04,2010,5,4,1,0,9,17,28,36,43,4,133,26.6,9,43,34,3,2,1
55,2010-05-07,2010,5,7,4,0,10,18,25,26,34,15,113,22.6,10,34,24,1,4,0
56,2010-05-11,2010,5,11,1,0,4,14,17,42,44,13,121,24.2,4,44,40,1,4,0
57,2010-05-14,2010,5,14,4,0,6,8,15,32,42,7,103,20.6,6,42,36,1,4,0
58,2010-05-18,2010,5,18,1,0,6,17,25,29,42,6,119,23.8,6,42,36,3,2,1
59,2010-05-21,2010,5,21,4,0,2,14,25,30,40,2,111,22.2,2,40,38,1,4,1
60,2010-05-25,2010,5,25,1,0,4,15,21,30,32,8,102,20.4,4,32,28,2,3,1
61,2010-05-28,2010,5,28,4,0,2,9,24,26,42,2,103,20.6,2,42,40,1,4,1
62,2010-06-01,2010,6,1,1,0,2,5,12,23,45,15,87,17.4,2,45,43,3,2,0
63,2010-06-04,2010,6,4,4,0,1,16,20,27,33,13,97,19.4,1,33,32,3,2,0
64,2010-06-08,2010,6,8,1,0,7,8,23,30,39,6,107,21.4,7,39,32,3,2,1
65,2010-06-11,2010,6,11,4,0,12,14,18,23,42,13,109,21.8,12,42,30,1,4,0
66,2010-06-15,2010,6,15,1,0,13,25,34,40,41,7,153,30.6,13,41,28,3,2,0
67,2010-06-18,2010,6,18,4,0,6,8,9,11,22,15,56,11.2,6,22,16,2,3,0
68,2010-06-22,2010,6,22,1,0,16,23,36,40,45,19,160,32.0,16,45,29,2,3,0
69,2010-06-25,2010,6,25,4,0,13,23,31,40,42,11,149,29.8,13,42,29,3,2,0
70,2010-06-29,2010,6,29,1,0,5,8,9,23,35,9,80,16.0,5,35,30,4,1,0
71,2010-07-02,2010,7,2,4,0,2,6,7,9,31,7,55,11.0,2,31,29,3,2,0
72,2010-07-06,2010,7,6,1,0,7,8,21,39,41,9,116,23.2,7,41,34,4,1,0
73,2010-07-09,2010,7,9,4,0,12,15,18,20,25,13,90,18.0,12,25,13,2,3,0
74,2010-07-13,2010,7,13,1,0,5,11,13,20,30,15,79,15.8,5,30,25,3,2,0
75,2010-07-16,2010,7,16,4,0,13,20,42,44,45,12,164,32.8,13,45,32,2,3,1
76,2010-07-20,2010,7,20,1,0,1,21,27,32,36,9,117,23.4,1,36,35,3,2,0
77,2010-07-23,2010,7,23,4,0,18,23,24,33,37,15,135,27.0,18,37,19,3,2,0
78,2010-07-27,2010,7,27,1,0,2,7,19,24,30,20,82,16.4,2,30,28,2,3,1
79,2010-07-30,2010,7,30,4,0,2,9,21,25,37,12,94,18.8,2,37,35,4,1,1
80,2010-08-03,2010,8,3,1,0,1,6,15,35,44,20,101,20.2,1,44,43,3,2,1
81,2010-08-06,2010,8,6,4,0,1,3,13,22,29,18,68,13.6,1,29,28,4,1,1
82,2010-08-10,2010,8,10,1,0,9,19,31,33,45,16,137,27.4,9,45,36,5,0,1
83,2010-08-13,2010,8,13,4,0,8,9,10,31,39,12,97,19.4,8,39,31,3,2,1
84,2010-08-17,2010,8,17,1,0,11,17,30,35,45,20,138,27.6,11,45,34,4,1,1
85,2010-08-20,2010,8,20,4,0,15,21,24,32,44,11,136,27.2,15,44,29,2,3,0
86,2010-08-24,2010,8,24,1,0,6,23,27,33,44,16,133,26.6,6,44,38,3,2,1
87,2010-08-27,2010,8,27,4,0,7,8,26,36,42,20,119,23.8,7,42,35,1,4,1
88,2010-08-31,2010,8,31,1,0,12,27,37,41,44,20,161,32.2,12,44,32,3,2,1
89,2010-09-03,2010,9,3,4,0,12,17,37,41,43,8,150,30.0,12,43,31,4,1,1
90,2010-09-07,2010,9,7,1,0,3,25,37,42,44,10,151,30.2,3,44,41,3,2,1
91,2010-09-10,2010,9,10,4,0,1,17,19,33,38,1,108,21.6,1,38,37,4,1,0
92,2010-09-14,2010,9,14,1,0,3,23,29,33,40,2,128,25.6,3,40,37,4,1,1
93,2010-09-17,2010,9,17,4,0,2,19,28,42,44,5,135,27.0,2,44,42,1,4,0
94,2010-09-21,2010,9,21,1,0,31,33,36,40,42,13,182,36.4,31,42,11,2,3,0
95,2010-09-24,2010,9,24,4,0,1,5,10,16,19,8,51,10.2,1,19,18,3,2,1
96,2010-09-28,2010,9,28,1,0,1,3,4,5,40,15,53,10.6,1,40,39,3,2,0
97,2010-10-01,2010,10,1,4,0,16,22,28,30,31,20,127,25.4,16,31,15,1,4,1
98,2010-10-05,2010,10,5,1,0,3,15,25,32,38,4,113,22.6,3,38,35,3,2,1
99,2010-10-08,2010,10,8,4,0,3,7,16,21,40,3,87,17.4,3,40,37,3,2,0
100,2010-10-12,2010,10,12,1,0,1,17,18,19,44,14,99,19.8,1,44,43,3,2,1
101,2010-10-15,2010,10,15,4,0,4,14,26,34,44,12,122,24.4,4,44,40,0,5,1
102,2010-10-19,2010,10,19,1,0,9,11,17,35,38,16,110,22.0,9,38,29,4,1,1
103,2010-10-22,2010,10,22,4,0,10,15,16,22,36,1,99,19.8,10,36,26,1,4,0
104,2010-10-26,2010,10,26,1,0,13,28,32,35,36,8,144,28.8,13,36,23,2,3,1
105,2010-10-29,2010,10,29,4,0,10,31,32,39,45,10,157,31.4,10,45,35,3,2,1
106,2010-11-02,2010,11,2,1,0,12,13,21,22,29,9,97,19.4,12,29,17,3,2,0
107,2010-11-05,2010,11,5,4,0,1,4,25,26,32,10,88,17.6,1,32,31,2,3,1
108,2010-11-09,2010,11,9,1,0,6,22,29,35,45,8,137,27.4,6,45,39,3,2,1
109,2010-11-12,2010,11,12,4,0,4,8,11,16,40,17,79,15.8,4,40,36,1,4,0
110,2010-11-16,2010,11,16,1,0,4,28,32,38,40,2,142,28.4,4,40,36,0,5,1
111,2010-11-19,2010,11,19,4,0,1,17,19,26,32,4,95,19.0,1,32,31,3,2,1
112,2010-11-23,2010,11,23,1,0,2,9,10,33,43,6,97,19.4,2,43,41,3,2,1
113,2010-11-26,2010,11,26,4,0,12,17,22,25,34,19,110,22.0,12,34,22,2,3,0
114,2010-11-30,2010,11,30,1,0,3,6,11,12,25,9,57,11.4,3,25,22,3,2,0
115,2010-12-03,2010,12,3,4,0,19,24,37,43,45,10,168,33.6,19,45,26,4,1,1
116,2010-12-07,2010,12,7,1,0,12,28,30,44,45,9,159,31.8,12,45,33,1,4,0
117,2010-12-10,2010,12,10,4,0,6,13,18,24,41,7,102,20.4,6,41,35,2,3,0
118,2010-12-14,2010,12,14,1,0,12,30,31,32,35,4,140,28.0,12,35,23,2,3,1
119,2010-12-17,2010,12,17,4,0,1,7,8,17,30,17,63,12.6,1,30,29,3,2,0
120,2010-12-21,2010,12,21,1,0,19,25,31,39,40,14,154,30.8,19,40,21,4,1,1
121,2010-12-24,2010,12,24,4,0,26,30,31,33,40,3,160,32.0,26,40,14,2,3,0
122,2010-12-28,2010,12,28,1,0,5,6,7,9,17,11,44,8.8,5,17,12,4,1,0
123,2010-12-31,2010,12,31,4,0,3,21,23,32,35,7,114,22.8,3,35,32,4,1,0
124,2011-01-04,2011,1,4,1,0,2,12,18,30,38,10,100,20.0,2,38,36,0,5,1
125,2011-01-07,2011,1,7,4,0,9,12,26,29,34,12,110,22.0,9,34,25,2,3,1
126,2011-01-11,2011,1,11,1,0,14,15,22,27,37,7,115,23.0,14,37,23,3,2,0
127,2011-01-14,2011,1,14,4,0,8,16,21,36,42,4,123,24.6,8,42,34,1,4,1
128,2011-01-18,2011,1,18,1,0,5,10,36,41,44,18,136,27.2,5,44,39,2,3,1
129,2011-01-21,2011,1,21,4,0,6,13,18,19,22,10,78,15.6,6,22,16,2,3,1
130,2011-01-25,2011,1,25,1,0,3,9,12,18,38,9,80,16.0,3,38,35,2,3,0
131,2011-01-28,2011,1,28,4,0,5,9,11,22,37,7,84,16.8,5,37,32,4,1,0
132,2011-02-01,2011,2,1,1,0,2,5,29,39,41,7,116,23.2,2,41,39,4,1,0
133,2011-02-04,2011,2,4,4,0,11,12,16,31,37,3,107,21.4,11,37,26,3,2,0
134,2011-02-08,2011,2,8,1,0,14,20,22,34,35,8,125,25.0,14,35,21,1,4,1
135,2011-02-11,2011,2,11,4,0,14,25,27,31,34,10,131,26.2,14,34,20,3,2,1
136,2011-02-15,2011,2,15,1,0,1,17,23,41,42,17,124,24.8,1,42,41,4,1,0
137,2011-02-18,2011,2,18,4,0,2,7,12,17,31,17,69,13.8,2,31,29,3,2,0
138,2011-02-22,2011,2,22,1,0,4,10,12,33,35,16,94,18.8,4,35,31,2,3,1
139,2011-02-25,2011,2,25,4,0,3,24,31,37,41,2,136,27.2,3,41,38,4,1,1
140,2011-03-01,2011,3,1,1,0,1,7,24,28,37,15,97,19.4,1,37,36,3,2,0
141,2011-03-04,2011,3,4,4,0,7,13,18,34,44,20,116,23.2,7,44,37,2,3,1
142,2011-03-08,2011,3,8,1,0,17,21,31,34,41,4,144,28.8,17,41,24,4,1,1
143,2011-03-11,2011,3,11,4,0,5,34,39,43,45,8,166,33.2,5,45,40,4,1,1
144,2011-03-15,2011,3,15,1,0,12,22,32,36,43,10,145,29.0,12,43,31,1,4,1
145,2011-03-18,2011,3,18,4,0,8,28,36,40,42,4,154,30.8,8,42,34,0,5,1
146,2011-03-22,2011,3,22,1,0,8,15,24,39,41,8,127,25.4,8,41,33,3,2,1
147,2011-03-25,2011,3,25,4,0,13,16,25,36,39,8,129,25.8,13,39,26,3,2,1
148,2011-03-29,2011,3,29,1,0,3,15,17,24,38,13,97,19.4,3,38,35,3,2,0
149,2011-04-01,2011,4,1,4,0,1,12,23,36,42,18,114,22.8,1,42,41,2,3,1
150,2011-04-05,2011,4,5,1,0,16,23,25,33,34,9,131,26.2,16,34,18,3,2,0
151,2011-04-08,2011,4,8,4,0,1,14,37,39,40,3,131,26.2,1,40,39,3,2,0
152,2011-04-12,2011,4,12,1,0,7,20,27,35,37,10,126,25.2,7,37,30,4,1,1
153,2011-04-15,2011,4,15,4,0,8,15,18,25,37,5,103,20.6,8,37,29,3,2,0
154,2011-04-19,2011,4,19,1,0,8,14,15,16,38,2,91,18.2,8,38,30,1,4,1
155,2011-04-26,2011,4,26,1,0,12,16,25,37,45,7,135,27.0,12,45,33,3,2,0
156,2011-04-29,2011,4,29,4,0,1,15,39,41,45,7,141,28.2,1,45,44,5,0,0
157,2011-05-03,2011,5,3,1,0,8,10,11,33,34,17,96,19.2,8,34,26,2,3,0
158,2011-05-06,2011,5,6,4,0,4,9,20,38,45,2,116,23.2,4,45,41,2,3,1
159,2011-05-10,2011,5,10,1,0,1,17,31,41,43,1,133,26.6,1,43,42,5,0,0
160,2011-05-13,2011,5,13,4,0,4,10,11,32,38,6,95,19.0,4,38,34,1,4,1
161,2011-05-17,2011,5,17,1,0,13,16,24,26,27,10,106,21.2,13,27,14,2,3,1
162,2011-05-20,2011,5,20,4,0,3,7,10,31,42,6,93,18.6,3,42,39,3,2,1
163,2011-05-24,2011,5,24,1,0,13,16,21,41,45,18,136,27.2,13,45,32,4,1,1
164,2011-05-27,2011,5,27,4,0,7,16,22,34,45,17,124,24.8,7,45,38,2,3,0
165,2011-05-31,2011,5,31,1,0,7,8,13,33,35,17,96,19.2,7,35,28,4,1,0
166,2011-06-03,2011,6,3,4,0,6,30,31,33,36,16,136,27.2,6,36,30,2,3,1
167,2011-06-07,2011,6,7,1,0,10,16,24,32,35,7,117,23.4,10,35,25,1,4,0
168,2011-06-10,2011,6,10,4,0,13,24,26,30,42,16,135,27.0,13,42,29,1,4,1
169,2011-06-14,2011,6,14,1,0,11,16,34,39,40,11,140,28.0,11,40,29,2,3,0
170,2011-06-17,2011,6,17,4,0,15,23,33,44,45,6,160,32.0,15,45,30,4,1,1
171,2011-06-21,2011,6,21,1,0,2,8,28,30,35,13,103,20.6,2,35,33,1,4,0
172,2011-06-24,2011,6,24,4,0,6,18,28,31,36,20,119,23.8,6,36,30,1,4,1
173,2011-06-28,2011,6,28,1,0,2,16,25,37,41,12,121,24.2,2,41,39,3,2,1
174,2011-07-01,2011,7,1,4,0,2,9,31,35,37,4,114,22.8,2,37,35,4,1,1
175,2011-07-05,2011,7,5,1,0,2,30,31,34,42,5,139,27.8,2,42,40,1,4,0
176,2011-07-08,2011,7,8,4,0,5,22,30,32,33,18,122,24.4,5,33,28,2,3,1
177,2011-07-12,2011,7,12,1,0,10,16,28,34,45,6,133,26.6,10,45,35,1,4,1
178,2011-07-15,2011,7,15,4,0,9,16,19,24,28,19,96,19.2,9,28,19,2,3,0
179,2011-07-19,2011,7,19,1,0,2,14,15,18,29,20,78,15.6,2,29,27,2,3,1
180,2011-07-22,2011,7,22,4,0,13,22,25,26,35,13,121,24.2,13,35,22,3,2,0
181,2011-07-26,2011,7,26,1,0,18,26,28,34,36,3,142,28.4,18,36,18,0,5,0
182,2011-07-29,2011,7,29,4,0,7,12,23,40,42,2,124,24.8,7,42,35,2,3,1
183,2011-08-02,2011,8,2,1,0,3,9,16,27,31,13,86,17.2,3,31,28,4,1,0
184,2011-08-05,2011,8,5,4,0,5,9,10,21,44,10,89,17.8,5,44,39,3,2,1
185,2011-08-09,2011,8,9,1,0,31,37,38,43,45,15,194,38.8,31,45,14,4,1,0
186,2011-08-12,2011,8,12,4,0,2,8,39,41,43,16,133,26.6,2,43,41,3,2,1
187,2011-08-16,2011,8,16,1,0,3,10,16,21,22,9,72,14.4,3,22,19,2,3,0
188,2011-08-19,2011,8,19,4,0,5,14,19,21,28,11,87,17.4,5,28,23,3,2,0
189,2011-08-23,2011,8,23,1,0,4,17,20,22,31,13,94,18.8,4,31,27,2,3,0
190,2011-08-26,2011,8,26,4,0,10,18,20,36,39,13,123,24.6,10,39,29,1,4,0
191,2011-08-30,2011,8,30,1,0,4,5,19,37,38,15,103,20.6,4,38,34,3,2,0
192,2011-09-02,2011,9,2,4,0,15,25,34,43,45,1,162,32.4,15,45,30,4,1,0
193,2011-09-06,2011,9,6,1,0,1,2,5,30,40,3,78,15.6,1,40,39,2,3,0
194,2011-09-09,2011,9,9,4,0,10,18,23,36,40,4,127,25.4,10,40,30,1,4,1
195,2011-09-13,2011,9,13,1,0,5,11,17,28,44,20,105,21.0,5,44,39,3,2,1
196,2011-09-16,2011,9,16,4,0,2,3,4,28,38,20,75,15.0,2,38,36,1,4,1
197,2011-09-20,2011,9,20,1,0,8,10,23,31,38,8,110,22.0,8,38,30,2,3,1
198,2011-09-23,2011,9,23,4,0,5,22,24,25,27,5,103,20.6,5,27,22,3,2,0
199,2011-09-27,2011,9,27,1,0,1,7,8,22,40,18,78,15.6,1,40,39,2,3,1
200,2011-09-30,2011,9,30,4,0,11,21,24,28,35,17,119,23.8,11,35,24,3,2,0
201,2011-10-04,2011,10,4,1,0,8,10,26,40,42,4,126,25.2,8,42,34,0,5,1
202,2011-10-07,2011,10,7,4,0,33,36,38,40,44,4,191,38.2,33,44,11,1,4,1
203,2011-10-11,2011,10,11,1,0,8,10,24,39,43,8,124,24.8,8,43,35,2,3,1
204,2011-10-14,2011,10,14,4,0,15,20,21,31,35,5,122,24.4,15,35,20,4,1,0
205,2011-10-18,2011,10,18,1,0,2,8,12,15,32,13,69,13.8,2,32,30,1,4,0
206,2011-10-21,2011,10,21,4,0,2,16,23,39,42,9,122,24.4,2,42,40,2,3,0
207,2011-10-25,2011,10,25,1,0,11,12,20,35,38,1,116,23.2,11,38,27,2,3,0
208,2011-10-28,2011,10,28,4,0,3,15,36,37,41,6,132,26.4,3,41,38,4,1,1
209,2011-11-01,2011,11,1,1,0,13,23,34,39,43,7,152,30.4,13,43,30,4,1,0
210,2011-11-04,2011,11,4,4,0,9,25,31,34,42,10,141,28.2,9,42,33,3,2,1
211,2011-11-08,2011,11,8,1,0,8,10,11,15,45,20,89,17.8,8,45,37,3,2,1
212,2011-11-11,2011,11,11,4,0,1,6,7,10,35,14,59,11.8,1,35,34,3,2,1
213,2011-11-15,2011,11,15,1,0,8,18,30,38,44,5,138,27.6,8,44,36,0,5,0
214,2011-11-18,2011,11,18,4,0,9,24,36,37,45,14,151,30.2,9,45,36,3,2,1
215,2011-11-22,2011,11,22,1,0,5,24,29,34,44,18,136,27.2,5,44,39,2,3,1
216,2011-11-25,2011,11,25,4,0,23,26,29,41,44,14,163,32.6,23,44,21,3,2,1
217,2011-11-29,2011,11,29,1,0,12,27,28,32,34,5,133,26.6,12,34,22,1,4,0
218,2011-12-02,2011,12,2,4,0,5,6,25,38,40,16,114,22.8,5,40,35,2,3,1
219,2011-12-06,2011,12,6,1,0,6,15,16,28,41,1,106,21.2,6,41,35,2,3,0
220,2011-12-09,2011,12,9,4,0,1,3,18,36,37,11,95,19.0,1,37,36,3,2,0
221,2011-12-13,2011,12,13,1,0,14,16,22,32,35,13,119,23.8,14,35,21,1,4,0
222,2011-12-16,2011,12,16,4,0,14,26,28,33,45,11,146,29.2,14,45,31,2,3,0
223,2011-12-20,2011,12,20,1,0,20,21,25,37,40,5,143,28.6,20,40,20,3,2,0
224,2011-12-23,2011,12,23,4,0,7,13,21,22,40,20,103,20.6,7,40,33,3,2,1
225,2011-12-27,2011,12,27,1,0,10,12,17,24,26,3,89,17.8,10,26,16,1,4,0
226,2011-12-30,2011,12,30,4,0,11,15,20,33,37,16,116,23.2,11,37,26,4,1,1
227,2012-01-03,2012,1,3,1,0,3,5,8,17,41,6,74,14.8,3,41,38,4,1,1
228,2012-01-06,2012,1,6,4,0,1,21,29,32,34,20,117,23.4,1,34,33,3,2,1
229,2012-01-10,2012,1,10,1,0,18,20,24,26,40,13,128,25.6,18,40,22,0,5,0
230,2012-01-13,2012,1,13,4,0,15,20,23,25,40,10,123,24.6,15,40,25,3,2,1
231,2012-01-17,2012,1,17,1,0,13,19,26,43,45,9,146,29.2,13,45,32,4,1,0
232,2012-01-20,2012,1,20,4,0,10,15,22,29,35,18,111,22.2,10,35,25,3,2,1
233,2012-01-24,2012,1,24,1,0,4,7,11,26,36,5,84,16.8,4,36,32,2,3,0
234,2012-01-27,2012,1,27,4,0,2,7,28,36,39,5,112,22.4,2,39,37,2,3,0
235,2012-01-31,2012,1,31,1,0,12,15,25,32,41,15,125,25.0,12,41,29,3,2,0
236,2012-02-03,2012,2,3,4,0,7,9,14,15,43,15,88,17.6,7,43,36,4,1,0
237,2012-02-07,2012,2,7,1,0,2,11,14,38,45,13,110,22.0,2,45,43,2,3,0
238,2012-02-10,2012,2,10,4,0,6,19,23,29,35,3,112,22.4,6,35,29,4,1,0
239,2012-02-14,2012,2,14,1,0,20,30,31,32,44,17,157,31.4,20,44,24,1,4,0
240,2012-02-17,2012,2,17,4,0,8,26,31,38,45,7,148,29.6,8,45,37,2,3,0
241,2012-02-21,2012,2,21,1,0,25,27,28,32,43,18,155,31.0,25,43,18,3,2,1
242,2012-02-24,2012,2,24,4,0,17,21,26,40,45,15,149,29.8,17,45,28,3,2,0
243,2012-02-28,2012,2,28,1,0,16,24,26,32,45,1,143,28.6,16,45,29,1,4,0
244,2012-03-02,2012,3,2,4,0,13,24,41,43,45,19,166,33.2,13,45,32,4,1,0
245,2012-03-06,2012,3,6,1,0,1,35,36,37,45,7,154,30.8,1,45,44,4,1,0
246,2012-03-09,2012,3,9,4,0,2,21,22,29,40,11,114,22.8,2,40,38,2,3,0
247,2012-03-13,2012,3,13,1,0,3,6,26,32,37,4,104,20.8,3,37,34,2,3,1
248,2012-03-16,2012,3,16,4,0,14,18,37,41,44,3,154,30.8,14,44,30,2,3,0
249,2012-03-20,2012,3,20,1,0,9,14,21,28,44,12,116,23.2,9,44,35,2,3,1
250,2012-03-23,2012,3,23,4,0,6,15,23,39,45,19,128,25.6,6,45,39,4,1,0
251,2012-03-27,2012,3,27,1,0,8,11,23,44,45,2,131,26.2,8,45,37,3,2,1
252,2012-03-30,2012,3,30,4,0,3,5,10,18,39,18,75,15.0,3,39,36,3,2,1
253,2012-04-03,2012,4,3,1,0,4,11,12,17,42,15,86,17.2,4,42,38,2,3,0
254,2012-04-10,2012,4,10,1,0,13,28,30,41,43,11,155,31.0,13,43,30,3,2,0
255,2012-04-13,2012,4,13,4,0,2,9,23,43,44,17,121,24.2,2,44,42,3,2,0
256,2012-04-17,2012,4,17,1,0,14,15,29,30,34,7,122,24.4,14,34,20,2,3,0
257,2012-04-20,2012,4,20,4,0,13,20,24,25,29,11,111,22.2,13,29,16,3,2,0
258,2012-04-24,2012,4,24,1,0,3,5,22,31,45,5,106,21.2,3,45,42,4,1,0
259,2012-04-27,2012,4,27,4,0,4,6,12,23,38,18,83,16.6,4,38,34,1,4,1
260,2012-05-01,2012,5,1,1,0,12,17,24,30,36,14,119,23.8,12,36,24,1,4,1
261,2012-05-04,2012,5,4,4,0,1,6,16,34,40,18,97,19.4,1,40,39,1,4,1
262,2012-05-08,2012,5,8,1,0,4,9,10,16,20,4,59,11.8,4,20,16,1,4,1
263,2012-05-11,2012,5,11,4,0,6,7,17,20,23,17,73,14.6,6,23,17,3,2,0
264,2012-05-15,2012,5,15,1,0,4,7,8,19,25,12,63,12.6,4,25,21,3,2,1
265,2012-05-18,2012,5,18,4,0,2,14,20,32,36,1,104,20.8,2,36,34,0,5,0
266,2012-05-22,2012,5,22,1,0,1,3,22,31,38,11,95,19.0,1,38,37,3,2,0
267,2012-05-25,2012,5,25,4,0,1,9,19,26,32,17,87,17.4,1,32,31,3,2,0
268,2012-05-29,2012,5,29,1,0,2,6,8,30,44,10,90,18.0,2,44,42,0,5,1
269,2012-06-01,2012,6,1,4,0,9,12,15,28,32,14,96,19.2,9,32,23,2,3,1
270,2012-06-05,2012,6,5,1,0,9,10,26,32,33,7,110,22.0,9,33,24,2,3,0
271,2012-06-08,2012,6,8,4,0,14,15,32,36,40,7,137,27.4,14,40,26,1,4,0
272,2012-06-12,2012,6,12,1,0,2,16,22,36,43,19,119,23.8,2,43,41,1,4,0
273,2012-06-15,2012,6,15,4,0,2,21,22,24,41,17,110,22.0,2,41,39,2,3,0
274,2012-06-19,2012,6,19,1,0,12,21,27,36,45,17,141,28.2,12,45,33,3,2,0
275,2012-06-22,2012,6,22,4,0,3,7,17,21,27,2,75,15.0,3,27,24,5,0,1
276,2012-06-26,2012,6,26,1,0,2,17,22,39,44,20,124,24.8,2,44,42,2,3,1
277,2012-06-29,2012,6,29,4,0,2,4,6,19,31,20,62,12.4,2,31,29,2,3,1
278,2012-07-03,2012,7,3,1,0,16,19,37,38,39,13,149,29.8,16,39,23,3,2,0
279,2012-07-06,2012,7,6,4,0,3,10,12,34,36,17,95,19.0,3,36,33,1,4,0
280,2012-07-10,2012,7,10,1,0,8,9,15,23,36,11,91,18.2,8,36,28,3,2,0
281,2012-07-13,2012,7,13,4,0,4,11,16,27,38,17,96,19.2,4,38,34,2,3,0
282,2012-07-17,2012,7,17,1,0,1,4,20,23,34,16,82,16.4,1,34,33,2,3,1
283,2012-07-20,2012,7,20,4,0,5,20,24,33,41,3,123,24.6,5,41,36,3,2,0
284,2012-07-24,2012,7,24,1,0,2,5,7,15,21,6,50,10.0,2,21,19,4,1,1
285,2012-07-27,2012,7,27,4,0,6,8,15,18,38,15,85,17.0,6,38,32,1,4,0
286,2012-07-31,2012,7,31,1,0,7,14,23,27,32,20,103,20.6,7,32,25,3,2,1
287,2012-08-03,2012,8,3,4,0,2,10,22,35,41,16,110,22.0,2,41,39,2,3,1
288,2012-08-07,2012,8,7,1,0,13,20,21,26,44,8,124,24.8,13,44,31,2,3,1
289,2012-08-10,2012,8,10,4,0,2,9,26,27,45,1,109,21.8,2,45,43,3,2,0
290,2012-08-14,2012,8,14,1,0,5,21,26,28,33,19,113,22.6,5,33,28,3,2,0
291,2012-08-17,2012,8,17,4,0,13,15,19,40,42,12,129,25.8,13,42,29,3,2,1
292,2012-08-21,2012,8,21,1,0,14,16,19,38,43,3,130,26.0,14,43,29,2,3,0
293,2012-08-24,2012,8,24,4,0,3,9,14,24,26,3,76,15.2,3,26,23,2,3,0
294,2012-08-28,2012,8,28,1,0,1,7,8,11,40,1,67,13.4,1,40,39,3,2,0
295,2012-08-31,2012,8,31,4,0,5,7,9,20,29,20,70,14.0,5,29,24,4,1,1
296,2012-09-04,2012,9,4,1,0,6,15,19,30,45,14,115,23.0,6,45,39,3,2,1
297,2012-09-07,2012,9,7,4,0,9,14,17,34,41,17,115,23.0,9,41,32,3,2,0
298,2012-09-11,2012,9,11,1,0,13,32,34,36,45,10,160,32.0,13,45,32,2,3,1
299,2012-09-14,2012,9,14,4,0,15,18,26,33,41,7,133,26.6,15,41,26,3,2,0
300,2012-09-18,2012,9,18,1,0,1,27,37,40,42,16,147,29.4,1,42,41,3,2,1
301,2012-09-21,2012,9,21,4,0,13,16,24,39,43,4,135,27.0,13,43,30,3,2,1
302,2012-09-25,2012,9,25,1,0,2,28,32,34,45,17,141,28.2,2,45,43,1,4,0
303,2012-09-28,2012,9,28,4,0,1,6,7,40,41,17,95,19.0,1,41,40,3,2,0
304,2012-10-02,2012,10,2,1,0,11,18,23,31,45,13,128,25.6,11,45,34,4,1,0
305,2012-10-05,2012,10,5,4,0,1,9,11,39,40,18,100,20.0,1,40,39,4,1,1
306,2012-10-09,2012,10,9,1,0,3,5,6,22,26,17,62,12.4,3,26,23,2,3,0
307,2012-10-12,2012,10,12,4,0,5,10,17,35,41,16,108,21.6,5,41,36,4,1,1
308,2012-10-16,2012,10,16,1,0,7,9,11,29,41,8,97,19.4,7,41,34,5,0,1
309,2012-10-19,2012,10,19,4,0,14,17,23,35,39,3,128,25.6,14,39,25,4,1,0
310,2012-10-23,2012,10,23,1,0,8,23,24,31,42,6,128,25.6,8,42,34,2,3,1
311,2012-10-26,2012,10,26,4,0,1,8,12,19,34,18,74,14.8,1,34,33,2,3,1
312,2012-10-30,2012,10,30,1,0,5,16,20,41,42,20,124,24.8,5,42,37,2,3,1
313,2012-11-02,2012,11,2,4,0,4,11,25,26,41,12,107,21.4,4,41,37,3,2,1
314,2012-11-06,2012,11,6,1,0,9,17,18,37,41,9,122,24.4,9,41,32,4,1,0
315,2012-11-09,2012,11,9,4,0,7,14,17,27,40,16,105,21.0,7,40,33,3,2,1
316,2012-11-13,2012,11,13,1,0,5,7,13,18,19,8,62,12.4,5,19,14,4,1,1
317,2012-11-16,2012,11,16,4,0,1,4,6,14,15,12,40,8.0,1,15,14,2,3,1
318,2012-11-20,2012,11,20,1,0,3,17,26,28,33,1,107,21.4,3,33,30,3,2,0
319,2012-11-23,2012,11,23,4,0,5,33,34,37,42,5,151,30.2,5,42,37,3,2,0
320,2012-11-27,2012,11,27,1,0,9,17,30,34,44,18,134,26.8,9,44,35,2,3,1
321,2012-11-30,2012,11,30,4,0,6,25,33,42,44,14,150,30.0,6,44,38,2,3,1
322,2012-12-04,2012,12,4,1,0,5,11,20,34,45,20,115,23.0,5,45,40,3,2,1
323,2012-12-07,2012,12,7,4,0,4,17,33,42,45,10,141,28.2,4,45,41,3,2,1
324,2012-12-11,2012,12,11,1,0,11,16,25,28,33,1,113,22.6,11,33,22,3,2,0
325,2012-12-14,2012,12,14,4,0,5,13,20,29,35,14,102,20.4,5,35,30,4,1,1
326,2012-12-18,2012,12,18,1,0,13,34,36,37,39,16,159,31.8,13,39,26,3,2,1
327,2012-12-21,2012,12,21,4,0,13,14,19,23,37,3,106,21.2,13,37,24,4,1,0
328,2012-12-28,2012,12,28,4,0,1,12,14,32,36,16,95,19.0,1,36,35,1,4,1
329,2013-01-01,2013,1,1,1,0,1,4,13,21,30,18,69,13.8,1,30,29,3,2,1
330,2013-01-04,2013,1,4,4,0,10,18,21,38,44,4,131,26.2,10,44,34,1,4,1
331,2013-01-08,2013,1,8,1,0,8,11,12,23,24,16,78,15.6,8,24,16,2,3,1
332,2013-01-11,2013,1,11,4,0,1,4,14,20,33,4,72,14.4,1,33,32,2,3,1
333,2013-01-15,2013,1,15,1,0,12,17,22,36,37,2,124,24.8,12,37,25,2,3,1
334,2013-01-18,2013,1,18,4,0,13,19,29,35,39,11,135,27.0,13,39,26,5,0,0
335,2013-01-22,2013,1,22,1,0,3,10,11,28,31,16,83,16.6,3,31,28,3,2,1
336,2013-01-25,2013,1,25,4,0,7,15,20,23,25,12,90,18.0,7,25,18,4,1,1
337,2013-01-29,2013,1,29,1,0,9,21,29,37,38,14,134,26.8,9,38,29,4,1,1
338,2013-02-01,2013,2,1,4,0,23,27,32,43,44,20,169,33.8,23,44,21,3,2,1
339,2013-02-05,2013,2,5,1,0,5,18,22,28,29,20,102,20.4,5,29,24,2,3,1
340,2013-02-08,2013,2,8,4,0,22,25,36,38,44,3,165,33.0,22,44,22,1,4,0
341,2013-02-12,2013,2,12,1,0,2,20,38,39,45,5,144,28.8,2,45,43,2,3,0
342,2013-02-15,2013,2,15,4,0,3,13,26,28,34,3,104,20.8,3,34,31,2,3,0
343,2013-02-19,2013,2,19,1,0,1,5,6,31,42,20,85,17.0,1,42,41,3,2,1
344,2013-02-22,2013,2,22,4,0,4,16,28,32,42,19,122,24.4,4,42,38,0,5,0
345,2013-02-26,2013,2,26,1,0,1,7,14,21,32,7,75,15.0,1,32,31,3,2,0
346,2013-03-01,2013,3,1,4,0,13,30,33,35,45,3,156,31.2,13,45,32,4,1,0
347,2013-03-05,2013,3,5,1,0,9,12,22,26,38,4,107,21.4,9,38,29,1,4,1
348,2013-03-08,2013,3,8,4,0,8,19,24,34,37,15,122,24.4,8,37,29,2,3,0
349,2013-03-12,2013,3,12,1,0,1,6,26,35,42,6,110,22.0,1,42,41,2,3,1
350,2013-03-15,2013,3,15,4,0,22,23,29,35,38,7,147,29.4,22,38,16,3,2,0
351,2013-03-19,2013,3,19,1,0,5,7,11,25,35,18,83,16.6,5,35,30,5,0,1
352,2013-03-22,2013,3,22,4,0,1,5,7,9,14,15,36,7.2,1,14,13,4,1,0
353,2013-03-26,2013,3,26,1,0,1,18,31,37,40,13,127,25.4,1,40,39,3,2,0
354,2013-04-02,2013,4,2,1,0,4,6,8,11,13,13,42,8.4,4,13,9,2,3,0
355,2013-04-05,2013,4,5,4,0,4,9,17,22,23,6,75,15.0,4,23,19,3,2,1
356,2013-04-09,2013,4,9,1,0,8,9,20,38,39,19,114,22.8,8,39,31,2,3,0
357,2013-04-12,2013,4,12,4,0,5,12,36,37,40,7,130,26.0,5,40,35,2,3,0
358,2013-04-16,2013,4,16,1,0,8,12,29,32,44,19,125,25.0,8,44,36,1,4,0
359,2013-04-19,2013,4,19,4,0,10,13,26,28,39,2,116,23.2,10,39,29,2,3,1
360,2013-04-23,2013,4,23,1,0,8,12,15,21,26,17,82,16.4,8,26,18,2,3,0
361,2013-04-26,2013,4,26,4,0,13,16,30,43,44,9,146,29.2,13,44,31,2,3,0
362,2013-04-30,2013,4,30,1,0,12,24,28,31,32,2,127,25.4,12,32,20,1,4,1
363,2013-05-03,2013,5,3,4,0,10,19,21,27,40,3,117,23.4,10,40,30,3,2,0
364,2013-05-07,2013,5,7,1,0,4,5,21,37,38,6,105,21.0,4,38,34,3,2,1
365,2013-05-10,2013,5,10,4,0,2,4,16,18,26,5,66,13.2,2,26,24,0,5,0
366,2013-05-14,2013,5,14,1,0,1,13,19,29,37,1,99,19.8,1,37,36,5,0,0
367,2013-05-17,2013,5,17,4,0,13,19,20,22,43,2,117,23.4,13,43,30,3,2,1
368,2013-05-21,2013,5,21,1,0,10,11,17,37,44,18,119,23.8,10,44,34,3,2,1
369,2013-05-24,2013,5,24,4,0,3,10,15,30,38,3,96,19.2,3,38,35,2,3,0
370,2013-05-28,2013,5,28,1,0,25,26,29,31,34,14,145,29.0,25,34,9,3,2,1
371,2013-05-31,2013,5,31,4,0,3,7,19,34,44,2,107,21.4,3,44,41,3,2,1
372,2013-06-04,2013,6,4,1,0,17,25,28,34,40,12,144,28.8,17,40,23,2,3,1
373,2013-06-07,2013,6,7,4,0,14,15,19,35,38,4,121,24.2,14,38,24,3,2,1
374,2013-06-11,2013,6,11,1,0,6,17,22,34,36,20,115,23.0,6,36,30,1,4,1
375,2013-06-14,2013,6,14,4,0,15,23,31,32,35,9,136,27.2,15,35,20,4,1,0
376,2013-06-18,2013,6,18,1,0,1,5,13,14,16,3,49,9.8,1,16,15,3,2,0
377,2013-06-21,2013,6,21,4,0,7,26,35,36,42,18,146,29.2,7,42,35,2,3,1
378,2013-06-25,2013,6,25,1,0,2,6,18,30,34,12,90,18.0,2,34,32,0,5,1
379,2013-06-28,2013,6,28,4,0,3,9,27,32,41,1,112,22.4,3,41,38,4,1,0
380,2013-07-02,2013,7,2,1,0,7,12,13,18,20,1,70,14.0,7,20,13,2,3,0
381,2013-07-05,2013,7,5,4,0,6,25,26,42,44,12,143,28.6,6,44,38,1,4,1
382,2013-07-09,2013,7,9,1,0,1,6,26,30,37,10,100,20.0,1,37,36,2,3,1
383,2013-07-12,2013,7,12,4,0,7,15,30,33,43,12,128,25.6,7,43,36,4,1,1
384,2013-07-16,2013,7,16,1,0,5,7,8,31,37,18,88,17.6,5,37,32,4,1,1
385,2013-07-19,2013,7,19,4,0,6,12,28,33,42,16,121,24.2,6,42,36,1,4,1
386,2013-07-23,2013,7,23,1,0,6,8,12,19,36,6,81,16.2,6,36,30,1,4,1
387,2013-07-26,2013,7,26,4,0,1,5,8,21,30,16,65,13.0,1,30,29,3,2,1
388,2013-07-30,2013,7,30,1,0,3,4,5,20,44,9,76,15.2,3,44,41,2,3,0
389,2013-08-02,2013,8,2,4,0,1,2,13,29,34,18,79,15.8,1,34,33,3,2,1
390,2013-08-06,2013,8,6,1,0,10,12,25,37,41,3,125,25.0,10,41,31,3,2,0
391,2013-08-09,2013,8,9,4,0,10,22,23,31,45,16,131,26.2,10,45,35,3,2,1
392,2013-08-13,2013,8,13,1,0,12,15,32,42,44,16,145,29.0,12,44,32,1,4,1
393,2013-08-16,2013,8,16,4,0,13,15,18,21,45,9,112,22.4,13,45,32,4,1,0
394,2013-08-20,2013,8,20,1,0,10,18,35,41,43,16,147,29.4,10,43,33,3,2,1
395,2013-08-23,2013,8,23,4,0,3,10,22,25,27,3,87,17.4,3,27,24,3,2,0
396,2013-08-27,2013,8,27,1,0,4,23,24,35,43,20,129,25.8,4,43,39,3,2,1
397,2013-08-30,2013,8,30,4,0,9,13,17,38,41,1,118,23.6,9,41,32,4,1,0
398,2013-09-03,2013,9,3,1,0,17,28,32,33,36,14,146,29.2,17,36,19,2,3,1
399,2013-09-06,2013,9,6,4,0,15,16,24,29,40,10,124,24.8,15,40,25,2,3,1
400,2013-09-10,2013,9,10,1,0,6,13,16,22,32,1,89,17.8,6,32,26,1,4,0
401,2013-09-13,2013,9,13,4,0,8,19,27,30,40,18,124,24.8,8,40,32,2,3,1
402,2013-09-17,2013,9,17,1,0,11,18,22,27,29,11,107,21.4,11,29,18,3,2,0
403,2013-09-20,2013,9,20,4,0,15,22,29,30,38,13,134,26.8,15,38,23,2,3,0
404,2013-09-24,2013,9,24,1,0,6,23,25,26,43,2,123,24.6,6,43,37,3,2,1
405,2013-09-27,2013,9,27,4,0,6,13,21,28,31,3,99,19.8,6,31,25,3,2,0
406,2013-10-01,2013,10,1,1,0,1,19,24,35,37,7,116,23.2,1,37,36,4,1,0
407,2013-10-04,2013,10,4,4,0,3,7,11,24,28,12,73,14.6,3,28,25,3,2,1
408,2013-10-08,2013,10,8,1,0,31,39,42,43,45,10,200,40.0,31,45,14,4,1,1
409,2013-10-11,2013,10,11,4,0,16,18,20,29,36,14,119,23.8,16,36,20,1,4,1
410,2013-10-15,2013,10,15,1,0,27,32,35,41,45,5,180,36.0,27,45,18,4,1,0
411,2013-10-18,2013,10,18,4,0,1,17,19,20,34,1,91,18.2,1,34,33,3,2,0
412,2013-10-22,2013,10,22,1,0,9,15,19,24,30,20,97,19.4,9,30,21,3,2,1
413,2013-10-25,2013,10,25,4,0,8,24,27,28,35,12,122,24.4,8,35,27,2,3,1
414,2013-10-29,2013,10,29,1,0,6,16,35,36,43,18,136,27.2,6,43,37,2,3,1
415,2013-11-01,2013,11,1,4,0,6,15,16,37,44,6,118,23.6,6,44,38,2,3,1
416,2013-11-05,2013,11,5,1,0,12,26,32,42,43,10,155,31.0,12,43,31,1,4,1
417,2013-11-08,2013,11,8,4,0,11,20,22,30,43,6,126,25.2,11,43,32,2,3,1
418,2013-11-12,2013,11,12,1,0,2,15,22,33,35,16,107,21.4,2,35,33,3,2,1
419,2013-11-15,2013,11,15,4,0,3,31,35,37,45,4,151,30.2,3,45,42,5,0,1
420,2013-11-19,2013,11,19,1,0,13,19,20,24,26,4,102,20.4,13,26,13,2,3,1
421,2013-11-22,2013,11,22,4,0,11,15,16,20,31,9,93,18.6,11,31,20,3,2,0
422,2013-11-26,2013,11,26,1,0,5,16,19,33,34,2,107,21.4,5,34,29,3,2,1
423,2013-11-29,2013,11,29,4,0,11,12,17,18,27,13,85,17.0,11,27,16,3,2,0
424,2013-12-03,2013,12,3,1,0,12,17,26,27,30,1,112,22.4,12,30,18,2,3,0
425,2013-12-06,2013,12,6,4,0,13,15,21,28,31,19,108,21.6,13,31,18,4,1,0
426,2013-12-10,2013,12,10,1,0,1,16,21,31,37,18,106,21.2,1,37,36,4,1,1
427,2013-12-13,2013,12,13,4,0,1,11,18,30,41,15,101,20.2,1,41,40,3,2,0
428,2013-12-17,2013,12,17,1,0,2,7,11,26,33,6,79,15.8,2,33,31,3,2,1
429,2013-12-20,2013,12,20,4,0,10,12,16,28,37,10,103,20.6,10,37,27,1,4,1
430,2013-12-24,2013,12,24,1,0,1,16,23,41,44,9,125,25.0,1,44,43,3,2,0
431,2013-12-27,2013,12,27,4,0,4,16,19,34,39,16,112,22.4,4,39,35,2,3,1
432,2013-12-31,2013,12,31,1,0,6,14,20,31,34,12,105,21.0,6,34,28,1,4,1
433,2014-01-03,2014,1,3,4,0,10,11,19,23,28,3,91,18.2,10,28,18,3,2,0
434,2014-01-07,2014,1,7,1,0,28,37,39,43,44,18,191,38.2,28,44,16,3,2,1
435,2014-01-10,2014,1,10,4,0,4,7,24,36,39,7,110,22.0,4,39,35,2,3,0
436,2014-01-14,2014,1,14,1,0,31,34,37,42,43,8,187,37.4,31,43,12,3,2,1
437,2014-01-17,2014,1,17,4,0,10,16,23,26,33,1,108,21.6,10,33,23,2,3,0
438,2014-01-21,2014,1,21,1,0,1,6,9,15,39,9,70,14.0,1,39,38,4,1,0
439,2014-01-24,2014,1,24,4,0,10,15,20,33,38,7,116,23.2,10,38,28,2,3,0
440,2014-01-28,2014,1,28,1,0,1,8,22,40,43,13,114,22.8,1,43,42,2,3,0
441,2014-01-31,2014,1,31,4,0,10,20,25,26,42,14,123,24.6,10,42,32,1,4,1
442,2014-02-04,2014,2,4,1,0,4,20,21,29,40,10,114,22.8,4,40,36,2,3,1
443,2014-02-07,2014,2,7,4,0,7,13,20,21,36,9,97,19.4,7,36,29,3,2,0
444,2014-02-11,2014,2,11,1,0,3,7,10,13,40,5,73,14.6,3,40,37,3,2,0
445,2014-02-14,2014,2,14,4,0,6,9,18,21,24,8,78,15.6,6,24,18,2,3,1
446,2014-02-18,2014,2,18,1,0,2,26,36,42,43,3,149,29.8,2,43,41,1,4,0
447,2014-02-21,2014,2,21,4,0,2,8,19,38,44,11,111,22.2,2,44,42,1,4,0
448,2014-02-25,2014,2,25,1,0,4,7,12,27,44,17,94,18.8,4,44,40,2,3,0
449,2014-02-28,2014,2,28,4,0,11,14,32,42,45,18,144,28.8,11,45,34,2,3,1
450,2014-03-04,2014,3,4,1,0,2,7,26,28,30,4,93,18.6,2,30,28,1,4,1
451,2014-03-07,2014,3,7,4,0,16,18,22,37,38,3,131,26.2,16,38,22,1,4,0
452,2014-03-11,2014,3,11,1,0,9,19,21,25,37,16,111,22.2,9,37,28,5,0,1
453,2014-03-14,2014,3,14,4,0,3,15,29,34,44,7,125,25.0,3,44,41,3,2,0
454,2014-03-18,2014,3,18,1,0,1,13,17,32,35,13,98,19.6,1,35,34,4,1,0
455,2014-03-21,2014,3,21,4,0,7,8,14,18,38,14,85,17.0,7,38,31,1,4,1
456,2014-03-25,2014,3,25,1,0,2,17,19,29,34,3,101,20.2,2,34,32,3,2,0
457,2014-03-28,2014,3,28,4,0,2,3,7,35,41,16,88,17.6,2,41,39,4,1,1
458,2014-04-01,2014,4,1,1,0,14,17,24,27,34,4,116,23.2,14,34,20,2,3,1
459,2014-04-04,2014,4,4,4,0,3,16,22,24,44,15,109,21.8,3,44,41,1,4,0
460,2014-04-08,2014,4,8,1,0,1,2,10,33,45,18,91,18.2,1,45,44,3,2,1
461,2014-04-11,2014,4,11,4,0,17,23,33,41,42,18,156,31.2,17,42,25,4,1,1
462,2014-04-15,2014,4,15,1,0,2,6,10,11,37,14,66,13.2,2,37,35,2,3,1
463,2014-04-22,2014,4,22,1,0,3,22,28,30,42,11,125,25.0,3,42,39,1,4,0
464,2014-04-25,2014,4,25,4,0,13,15,28,29,30,7,115,23.0,13,30,17,3,2,0
465,2014-04-29,2014,4,29,1,0,12,20,31,40,44,14,147,29.4,12,44,32,1,4,1
466,2014-05-02,2014,5,2,4,0,11,14,24,36,41,11,126,25.2,11,41,30,2,3,0
467,2014-05-06,2014,5,6,1,0,4,15,26,37,40,20,122,24.4,4,40,36,2,3,1
468,2014-05-09,2014,5,9,4,0,1,5,22,26,34,16,88,17.6,1,34,33,2,3,1
469,2014-05-13,2014,5,13,1,0,1,4,20,24,38,20,87,17.4,1,38,37,1,4,1
470,2014-05-16,2014,5,16,4,0,8,22,25,34,37,5,126,25.2,8,37,29,2,3,0
471,2014-05-20,2014,5,20,1,0,3,8,21,35,45,7,112,22.4,3,45,42,4,1,0
472,2014-05-23,2014,5,23,4,0,12,22,40,42,43,12,159,31.8,12,43,31,1,4,1
473,2014-05-27,2014,5,27,1,0,4,11,24,26,31,10,96,19.2,4,31,27,2,3,1
474,2014-05-30,2014,5,30,4,0,1,3,35,40,43,17,122,24.4,1,43,42,4,1,0
475,2014-06-03,2014,6,3,1,0,23,28,30,41,43,12,165,33.0,23,43,20,3,2,1
476,2014-06-06,2014,6,6,4,0,4,10,16,29,42,11,101,20.2,4,42,38,1,4,0
477,2014-06-10,2014,6,10,1,0,11,15,24,28,35,13,113,22.6,11,35,24,3,2,0
478,2014-06-13,2014,6,13,4,0,12,18,21,27,34,10,112,22.4,12,34,22,2,3,1
479,2014-06-17,2014,6,17,1,0,2,3,7,19,25,11,56,11.2,2,25,23,4,1,0
480,2014-06-20,2014,6,20,4,0,25,27,36,37,39,4,164,32.8,25,39,14,4,1,1
481,2014-06-24,2014,6,24,1,0,4,5,6,12,30,16,57,11.4,4,30,26,1,4,1
482,2014-06-27,2014,6,27,4,0,11,12,14,30,32,2,99,19.8,11,32,21,1,4,1
483,2014-07-01,2014,7,1,1,0,1,10,19,21,31,11,82,16.4,1,31,30,4,1,0
484,2014-07-04,2014,7,4,4,0,4,19,25,31,36,3,115,23.0,4,36,32,3,2,0
485,2014-07-08,2014,7,8,1,0,12,19,27,37,43,9,138,27.6,12,43,31,4,1,0
486,2014-07-11,2014,7,11,4,0,6,13,27,33,35,15,114,22.8,6,35,29,4,1,0
487,2014-07-15,2014,7,15,1,0,22,24,29,36,43,13,154,30.8,22,43,21,2,3,0
488,2014-07-18,2014,7,18,4,0,14,17,19,22,35,17,107,21.4,14,35,21,3,2,0
489,2014-07-22,2014,7,22,1,0,9,21,27,39,43,3,139,27.8,9,43,34,5,0,0
490,2014-07-25,2014,7,25,4,0,9,13,28,40,45,12,135,27.0,9,45,36,3,2,1
491,2014-07-29,2014,7,29,1,0,1,9,23,29,42,13,104,20.8,1,42,41,4,1,0
492,2014-08-01,2014,8,1,4,0,7,14,15,35,39,4,110,22.0,7,39,32,4,1,1
493,2014-08-05,2014,8,5,1,0,14,32,35,37,40,3,158,31.6,14,40,26,2,3,0
494,2014-08-08,2014,8,8,4,0,10,23,35,37,39,12,144,28.8,10,39,29,4,1,1
495,2014-08-12,2014,8,12,1,0,10,17,26,29,31,4,113,22.6,10,31,21,3,2,1
496,2014-08-15,2014,8,15,4,0,19,31,40,41,43,13,174,34.8,19,43,24,4,1,0
497,2014-08-19,2014,8,19,1,0,6,18,22,26,35,5,107,21.4,6,35,29,1,4,0
498,2014-08-22,2014,8,22,4,0,5,8,21,34,35,7,103,20.6,5,35,30,3,2,0
499,2014-08-26,2014,8,26,1,0,4,12,28,29,36,3,109,21.8,4,36,32,1,4,0
500,2014-08-29,2014,8,29,4,0,15,23,30,41,43,13,152,30.4,15,43,28,4,1,0
501,2014-09-02,2014,9,2,1,0,11,21,36,39,44,2,151,30.2,11,44,33,3,2,1
502,2014-09-05,2014,9,5,4,0,1,8,24,33,43,11,109,21.8,1,43,42,3,2,0
503,2014-09-09,2014,9,9,1,0,2,4,18,19,29,6,72,14.4,2,29,27,2,3,1
504,2014-09-12,2014,9,12,4,0,3,21,26,27,36,18,113,22.6,3,36,33,3,2,1
505,2014-09-16,2014,9,16,1,0,7,12,28,43,44,8,134,26.8,7,44,37,2,3,1
506,2014-09-19,2014,9,19,4,0,9,13,25,28,34,3,109,21.8,9,34,25,3,2,0
507,2014-09-23,2014,9,23,1,0,7,10,21,22,34,3,94,18.8,7,34,27,2,3,0
508,2014-09-26,2014,9,26,4,0,1,3,6,34,37,1,81,16.2,1,37,36,3,2,0
509,2014-09-30,2014,9,30,1,0,18,27,37,39,41,6,162,32.4,18,41,23,4,1,1
510,2014-10-03,2014,10,3,4,0,20,34,38,42,43,13,177,35.4,20,43,23,1,4,0
511,2014-10-07,2014,10,7,1,0,6,11,20,36,45,12,118,23.6,6,45,39,2,3,1
512,2014-10-10,2014,10,10,4,0,4,9,14,17,26,2,70,14.0,4,26,22,2,3,1
513,2014-10-14,2014,10,14,1,0,7,21,38,39,43,5,148,29.6,7,43,36,4,1,0
514,2014-10-17,2014,10,17,4,0,6,17,22,27,35,7,107,21.4,6,35,29,3,2,0
515,2014-10-21,2014,10,21,1,0,26,28,30,31,32,18,147,29.4,26,32,6,1,4,1
516,2014-10-24,2014,10,24,4,0,7,21,31,37,44,10,140,28.0,7,44,37,4,1,1
517,2014-10-28,2014,10,28,1,0,9,10,17,23,33,18,92,18.4,9,33,24,4,1,1
518,2014-10-31,2014,10,31,4,0,4,16,21,35,36,6,112,22.4,4,36,32,2,3,1
519,2014-11-04,2014,11,4,1,0,12,17,19,24,36,11,108,21.6,12,36,24,2,3,0
520,2014-11-07,2014,11,7,4,0,8,14,33,41,44,9,140,28.0,8,44,36,2,3,0
521,2014-11-11,2014,11,11,1,0,3,4,18,22,40,7,87,17.4,3,40,37,1,4,0
522,2014-11-14,2014,11,14,4,0,3,14,27,29,45,19,118,23.6,3,45,42,4,1,0
523,2014-11-18,2014,11,18,1,0,15,18,22,24,41,1,120,24.0,15,41,26,2,3,0
524,2014-11-21,2014,11,21,4,0,7,10,12,32,40,14,101,20.2,7,40,33,1,4,1
525,2014-11-25,2014,11,25,1,0,8,19,24,37,40,7,128,25.6,8,40,32,2,3,0
526,2014-11-28,2014,11,28,4,0,21,28,33,40,43,10,165,33.0,21,43,22,3,2,1
527,2014-12-02,2014,12,2,1,0,19,25,26,40,43,12,153,30.6,19,43,24,3,2,1
528,2014-12-05,2014,12,5,4,0,14,20,26,28,39,12,127,25.4,14,39,25,1,4,1
529,2014-12-09,2014,12,9,1,0,13,22,35,36,43,15,149,29.8,13,43,30,3,2,0
530,2014-12-12,2014,12,12,4,0,26,33,34,36,38,2,167,33.4,26,38,12,1,4,1
531,2014-12-16,2014,12,16,1,0,9,10,11,15,34,2,79,15.8,9,34,25,3,2,1
532,2014-12-19,2014,12,19,4,0,7,9,10,29,45,7,100,20.0,7,45,38,4,1,0
533,2014-12-23,2014,12,23,1,0,2,25,31,32,36,3,126,25.2,2,36,34,2,3,0
534,2014-12-26,2014,12,26,4,0,10,12,13,30,45,11,110,22.0,10,45,35,2,3,0
535,2014-12-30,2014,12,30,1,0,8,15,25,31,40,13,119,23.8,8,40,32,3,2,0
536,2015-01-02,2015,1,2,4,0,1,14,21,41,43,16,120,24.0,1,43,42,4,1,1
537,2015-01-06,2015,1,6,1,0,2,9,14,18,20,20,63,12.6,2,20,18,1,4,1
538,2015-01-09,2015,1,9,4,0,2,13,15,17,31,5,78,15.6,2,31,29,4,1,0
539,2015-01-13,2015,1,13,1,0,3,9,15,18,35,17,80,16.0,3,35,32,4,1,0
540,2015-01-16,2015,1,16,4,0,5,7,14,29,42,4,97,19.4,5,42,37,3,2,1
541,2015-01-20,2015,1,20,1,0,3,4,23,31,35,5,96,19.2,3,35,32,4,1,0
542,2015-01-23,2015,1,23,4,0,1,8,11,29,34,13,83,16.6,1,34,33,3,2,0
543,2015-01-27,2015,1,27,1,0,12,26,28,31,35,13,132,26.4,12,35,23,2,3,0
544,2015-01-30,2015,1,30,4,0,4,23,25,43,45,17,140,28.0,4,45,41,4,1,0
545,2015-02-03,2015,2,3,1,0,11,12,25,41,42,20,131,26.2,11,42,31,3,2,1
546,2015-02-06,2015,2,6,4,0,17,23,36,38,42,2,156,31.2,17,42,25,2,3,1
547,2015-02-10,2015,2,10,1,0,10,20,27,31,33,6,121,24.2,10,33,23,3,2,1
548,2015-02-13,2015,2,13,4,0,6,11,20,27,37,20,101,20.2,6,37,31,3,2,1
549,2015-02-17,2015,2,17,1,0,1,5,9,18,40,17,73,14.6,1,40,39,3,2,0
550,2015-02-20,2015,2,20,4,0,2,11,12,19,40,12,84,16.8,2,40,38,2,3,1
551,2015-02-24,2015,2,24,1,0,13,14,18,25,39,20,109,21.8,13,39,26,3,2,1
552,2015-02-27,2015,2,27,4,0,4,9,27,31,41,11,112,22.4,4,41,37,4,1,0
553,2015-03-03,2015,3,3,1,0,1,27,30,33,38,9,129,25.8,1,38,37,3,2,0
554,2015-03-06,2015,3,6,4,0,10,21,23,25,45,9,124,24.8,10,45,35,4,1,0
555,2015-03-10,2015,3,10,1,0,24,26,27,31,33,18,141,28.2,24,33,9,3,2,1
556,2015-03-13,2015,3,13,4,0,18,19,20,22,43,6,122,24.4,18,43,25,2,3,1
557,2015-03-17,2015,3,17,1,0,12,15,26,34,41,16,128,25.6,12,41,29,2,3,1
558,2015-03-20,2015,3,20,4,0,11,17,27,34,42,9,131,26.2,11,42,31,3,2,0
559,2015-03-24,2015,3,24,1,0,5,17,21,25,36,16,104,20.8,5,36,31,4,1,1
560,2015-03-27,2015,3,27,4,0,8,23,33,35,40,17,139,27.8,8,40,32,3,2,0
561,2015-03-31,2015,3,31,1,0,5,6,20,26,27,15,84,16.8,5,27,22,2,3,0
562,2015-04-07,2015,4,7,1,0,5,16,22,24,40,7,107,21.4,5,40,35,1,4,0
563,2015-04-10,2015,4,10,4,0,12,13,17,22,28,18,92,18.4,12,28,16,2,3,1
564,2015-04-14,2015,4,14,1,0,20,22,23,29,33,19,127,25.4,20,33,13,3,2,0
565,2015-04-17,2015,4,17,4,0,5,6,26,31,41,16,109,21.8,5,41,36,3,2,1
566,2015-04-21,2015,4,21,1,0,7,9,22,28,35,15,101,20.2,7,35,28,3,2,0
567,2015-04-24,2015,4,24,4,0,4,13,20,31,38,1,106,21.2,4,38,34,2,3,0
568,2015-04-28,2015,4,28,1,0,11,27,37,39,44,3,158,31.6,11,44,33,4,1,0
569,2015-05-01,2015,5,1,4,0,4,8,20,35,45,16,112,22.4,4,45,41,2,3,1
570,2015-05-05,2015,5,5,1,0,4,8,18,22,38,15,90,18.0,4,38,34,0,5,0
571,2015-05-08,2015,5,8,4,0,2,22,37,38,43,15,142,28.4,2,43,41,2,3,0
572,2015-05-12,2015,5,12,1,0,18,21,24,28,41,15,132,26.4,18,41,23,2,3,0
573,2015-05-15,2015,5,15,4,0,8,26,40,44,45,7,163,32.6,8,45,37,1,4,0
574,2015-05-19,2015,5,19,1,0,3,21,25,26,36,1,111,22.2,3,36,33,3,2,0
575,2015-05-22,2015,5,22,4,0,9,31,32,40,41,10,153,30.6,9,41,32,3,2,1
576,2015-05-26,2015,5,26,1,0,12,13,20,31,36,19,112,22.4,12,36,24,2,3,0
577,2015-05-29,2015,5,29,4,0,4,12,17,25,29,5,87,17.4,4,29,25,3,2,0
578,2015-06-02,2015,6,2,1,0,6,8,11,19,22,17,66,13.2,6,22,16,2,3,0
579,2015-06-05,2015,6,5,4,0,5,9,21,25,35,4,95,19.0,5,35,30,5,0,1
580,2015-06-09,2015,6,9,1,0,2,8,16,18,30,12,74,14.8,2,30,28,0,5,1
581,2015-06-12,2015,6,12,4,0,21,26,28,30,44,10,149,29.8,21,44,23,1,4,1
582,2015-06-16,2015,6,16,1,0,10,13,15,22,30,1,90,18.0,10,30,20,2,3,0
583,2015-06-19,2015,6,19,4,0,1,22,29,34,35,15,121,24.2,1,35,34,3,2,0
584,2015-06-23,2015,6,23,1,0,4,11,19,24,42,6,100,20.0,4,42,38,2,3,1
585,2015-06-26,2015,6,26,4,0,11,12,24,27,32,20,106,21.2,11,32,21,2,3,1
586,2015-06-30,2015,6,30,1,0,12,15,25,39,44,19,135,27.0,12,44,32,3,2,0
587,2015-07-03,2015,7,3,4,0,2,9,19,24,26,14,80,16.0,2,26,24,2,3,1
588,2015-07-07,2015,7,7,1,0,11,16,20,22,38,5,107,21.4,11,38,27,1,4,0
589,2015-07-10,2015,7,10,4,0,10,11,14,19,34,14,88,17.6,10,34,24,2,3,1
590,2015-07-14,2015,7,14,1,0,8,12,15,25,36,10,96,19.2,8,36,28,2,3,1
591,2015-07-17,2015,7,17,4,0,8,23,24,42,44,4,141,28.2,8,44,36,1,4,1
592,2015-07-21,2015,7,21,1,0,4,18,19,21,29,17,91,18.2,4,29,25,3,2,0
593,2015-07-24,2015,7,24,4,0,12,34,35,38,39,3,158,31.6,12,39,27,2,3,0
594,2015-07-28,2015,7,28,1,0,6,21,23,36,43,18,129,25.8,6,43,37,3,2,1
595,2015-07-31,2015,7,31,4,0,4,9,28,35,38,14,114,22.8,4,38,34,2,3,1
596,2015-08-04,2015,8,4,1,0,4,7,8,26,36,13,81,16.2,4,36,32,1,4,0
597,2015-08-07,2015,8,7,4,0,9,10,19,28,45,12,111,22.2,9,45,36,3,2,1
598,2015-08-11,2015,8,11,1,0,11,14,20,24,44,16,113,22.6,11,44,33,1,4,1
599,2015-08-14,2015,8,14,4,0,2,17,26,32,43,11,120,24.0,2,43,41,2,3,0
600,2015-08-18,2015,8,18,1,0,6,20,30,40,43,13,139,27.8,6,43,37,1,4,0
601,2015-08-21,2015,8,21,4,0,8,14,23,26,45,1,116,23.2,8,45,37,2,3,0
602,2015-08-25,2015,8,25,1,0,2,11,19,20,31,10,83,16.6,2,31,29,3,2,1
603,2015-08-28,2015,8,28,4,0,10,16,18,20,31,17,95,19.0,10,31,21,1,4,0
604,2015-09-01,2015,9,1,1,0,23,30,31,44,45,7,173,34.6,23,45,22,3,2,0
605,2015-09-04,2015,9,4,4,0,1,25,29,43,44,13,142,28.4,1,44,43,4,1,0
606,2015-09-08,2015,9,8,1,0,1,12,13,14,23,20,63,12.6,1,23,22,3,2,1
607,2015-09-11,2015,9,11,4,0,2,6,22,23,41,9,94,18.8,2,41,39,2,3,0
608,2015-09-15,2015,9,15,1,0,5,19,21,42,43,17,130,26.0,5,43,38,4,1,0
609,2015-09-18,2015,9,18,4,0,5,17,25,40,45,6,132,26.4,5,45,40,4,1,1
610,2015-09-22,2015,9,22,1,0,2,21,22,25,31,19,101,20.2,2,31,29,3,2,0
611,2015-09-25,2015,9,25,4,0,14,20,21,26,32,12,113,22.6,14,32,18,1,4,1
612,2015-09-29,2015,9,29,1,0,10,11,12,24,35,19,92,18.4,10,35,25,2,3,0
613,2015-10-02,2015,10,2,4,0,6,9,14,32,43,1,104,20.8,6,43,37,2,3,0
614,2015-10-06,2015,10,6,1,0,24,35,38,42,44,9,183,36.6,24,44,20,1,4,0
615,2015-10-09,2015,10,9,4,0,14,17,32,41,43,5,147,29.4,14,43,29,3,2,0
616,2015-10-13,2015,10,13,1,0,7,11,14,23,34,3,89,17.8,7,34,27,3,2,0
617,2015-10-16,2015,10,16,4,0,28,34,41,42,45,8,190,38.0,28,45,17,2,3,1
618,2015-10-20,2015,10,20,1,0,13,14,17,35,44,6,123,24.6,13,44,31,3,2,1
619,2015-10-23,2015,10,23,4,0,1,5,27,33,37,10,103,20.6,1,37,36,5,0,1
620,2015-10-27,2015,10,27,1,0,5,13,18,27,41,3,104,20.8,5,41,36,4,1,0
621,2015-10-30,2015,10,30,4,0,3,6,18,40,44,12,111,22.2,3,44,41,1,4,1
622,2015-11-03,2015,11,3,1,0,1,7,10,37,45,3,100,20.0,1,45,44,4,1,0
623,2015-11-06,2015,11,6,4,0,19,24,30,40,42,10,155,31.0,19,42,23,1,4,1
624,2015-11-10,2015,11,10,1,0,6,21,22,28,43,2,120,24.0,6,43,37,2,3,1
625,2015-11-13,2015,11,13,4,0,2,11,16,31,45,20,105,21.0,2,45,43,3,2,1
626,2015-11-17,2015,11,17,1,0,17,29,35,38,40,13,159,31.8,17,40,23,3,2,0
627,2015-11-20,2015,11,20,4,0,10,16,29,37,41,7,133,26.6,10,41,31,3,2,0
628,2015-11-24,2015,11,24,1,0,30,33,34,44,45,8,186,37.2,30,45,15,2,3,1
629,2015-11-27,2015,11,27,4,0,1,19,28,42,44,18,134,26.8,1,44,43,2,3,1
630,2015-12-01,2015,12,1,1,0,4,10,18,23,34,1,89,17.8,4,34,30,1,4,0
631,2015-12-04,2015,12,4,4,0,7,18,34,35,41,1,135,27.0,7,41,34,3,2,0
632,2015-12-08,2015,12,8,1,0,7,10,12,24,26,7,79,15.8,7,26,19,1,4,0
633,2015-12-11,2015,12,11,4,0,1,3,5,11,38,13,58,11.6,1,38,37,4,1,0
634,2015-12-15,2015,12,15,1,0,4,11,18,20,42,12,95,19.0,4,42,38,1,4,1
635,2015-12-18,2015,12,18,4,0,3,35,40,43,45,5,166,33.2,3,45,42,4,1,0
636,2015-12-22,2015,12,22,1,0,3,8,16,38,43,9,108,21.6,3,43,40,2,3,0
637,2015-12-29,2015,12,29,1,0,5,7,14,25,30,3,81,16.2,5,30,25,3,2,0
638,2016-01-01,2016,1,1,4,0,13,17,24,34,40,18,128,25.6,13,40,27,2,3,1
639,2016-01-05,2016,1,5,1,0,24,29,38,39,45,18,175,35.0,24,45,21,3,2,1
640,2016-01-08,2016,1,8,4,0,15,17,38,39,43,11,152,30.4,15,43,28,4,1,0
641,2016-01-12,2016,1,12,1,0,10,16,27,29,36,13,118,23.6,10,36,26,2,3,0
642,2016-01-15,2016,1,15,4,0,4,9,19,31,32,1,95,19.0,4,32,28,3,2,0
643,2016-01-19,2016,1,19,1,0,1,4,9,35,39,5,88,17.6,1,39,38,4,1,0
644,2016-01-22,2016,1,22,4,0,1,5,15,23,43,11,87,17.4,1,43,42,5,0,0
645,2016-01-26,2016,1,26,1,0,3,12,16,27,37,12,95,19.0,3,37,34,3,2,1
646,2016-01-29,2016,1,29,4,0,5,14,20,24,28,5,91,18.2,5,28,23,1,4,0
647,2016-02-02,2016,2,2,1,0,7,8,32,35,44,9,126,25.2,7,44,37,2,3,0
648,2016-02-05,2016,2,5,4,0,6,15,16,31,40,9,108,21.6,6,40,34,2,3,0
649,2016-02-09,2016,2,9,1,0,14,21,41,42,43,4,161,32.2,14,43,29,3,2,1
650,2016-02-12,2016,2,12,4,0,9,32,40,42,44,19,167,33.4,9,44,35,1,4,0
651,2016-02-16,2016,2,16,1,0,5,9,11,14,42,7,81,16.2,5,42,37,3,2,0
652,2016-02-19,2016,2,19,4,0,12,14,15,23,41,18,105,21.0,12,41,29,3,2,1
653,2016-02-23,2016,2,23,1,0,3,15,16,23,24,3,81,16.2,3,24,21,3,2,0
654,2016-02-26,2016,2,26,4,0,5,12,35,36,38,17,126,25.2,5,38,33,2,3,0
655,2016-03-01,2016,3,1,1,0,4,8,15,17,27,1,71,14.2,4,27,23,3,2,0
656,2016-03-04,2016,3,4,4,0,1,6,30,40,43,6,120,24.0,1,43,42,2,3,1
657,2016-03-08,2016,3,8,1,0,2,6,15,26,39,12,88,17.6,2,39,37,2,3,1
658,2016-03-11,2016,3,11,4,0,1,2,3,13,34,11,53,10.6,1,34,33,3,2,0
659,2016-03-15,2016,3,15,1,0,4,7,32,41,44,11,128,25.6,4,44,40,2,3,0
660,2016-03-18,2016,3,18,4,0,14,17,26,32,33,14,122,24.4,14,33,19,2,3,1
661,2016-03-22,2016,3,22,1,0,11,13,23,42,43,4,132,26.4,11,43,32,4,1,1
662,2016-03-25,2016,3,25,4,0,1,7,12,21,33,2,74,14.8,1,33,32,4,1,1
663,2016-03-29,2016,3,29,1,0,4,28,37,40,45,14,154,30.8,4,45,41,2,3,1
664,2016-04-01,2016,4,1,4,0,11,15,31,37,43,11,137,27.4,11,43,32,5,0,0
665,2016-04-05,2016,4,5,1,0,4,24,27,36,40,8,131,26.2,4,40,36,1,4,1
666,2016-04-08,2016,4,8,4,0,24,28,34,35,43,13,164,32.8,24,43,19,2,3,0
667,2016-04-12,2016,4,12,1,0,2,16,18,20,24,16,80,16.0,2,24,22,0,5,1
668,2016-04-15,2016,4,15,4,0,20,29,33,37,38,6,157,31.4,20,38,18,3,2,1
669,2016-04-19,2016,4,19,1,0,10,11,12,32,33,17,98,19.6,10,33,23,2,3,0
670,2016-04-22,2016,4,22,4,0,1,4,12,18,29,16,64,12.8,1,29,28,2,3,1
671,2016-04-26,2016,4,26,1,0,1,3,16,19,31,13,70,14.0,1,31,30,4,1,0
672,2016-04-29,2016,4,29,4,0,3,11,22,35,41,9,112,22.4,3,41,38,4,1,0
673,2016-05-03,2016,5,3,1,0,1,15,23,32,41,11,112,22.4,1,41,40,4,1,0
674,2016-05-06,2016,5,6,4,0,3,13,24,41,44,5,125,25.0,3,44,41,3,2,0
675,2016-05-10,2016,5,10,1,0,5,20,26,27,33,18,111,22.2,5,33,28,3,2,1
676,2016-05-13,2016,5,13,4,0,3,5,23,29,37,20,97,19.4,3,37,34,5,0,1
677,2016-05-17,2016,5,17,1,0,8,15,17,24,30,18,94,18.8,8,30,22,2,3,1
678,2016-05-20,2016,5,20,4,0,21,29,32,36,43,3,161,32.2,21,43,22,3,2,0
679,2016-05-24,2016,5,24,1,0,8,12,23,24,31,15,98,19.6,8,31,23,2,3,0
680,2016-05-27,2016,5,27,4,0,7,15,24,28,29,2,103,20.6,7,29,22,3,2,1
681,2016-05-31,2016,5,31,1,0,3,28,38,39,42,16,150,30.0,3,42,39,2,3,1
682,2016-06-03,2016,6,3,4,0,7,14,20,37,43,12,121,24.2,7,43,36,3,2,1
683,2016-06-07,2016,6,7,1,0,3,4,11,23,37,17,78,15.6,3,37,34,4,1,0
684,2016-06-10,2016,6,10,4,0,3,6,17,21,27,10,74,14.8,3,27,24,4,1,1
685,2016-06-14,2016,6,14,1,0,20,24,40,44,45,17,173,34.6,20,45,25,1,4,0
686,2016-06-17,2016,6,17,4,0,7,9,23,39,45,10,123,24.6,7,45,38,5,0,1
687,2016-06-21,2016,6,21,1,0,3,13,22,26,43,18,107,21.4,3,43,40,3,2,1
688,2016-06-24,2016,6,24,4,0,1,7,9,21,43,9,81,16.2,1,43,42,5,0,0
689,2016-06-28,2016,6,28,1,0,4,5,7,10,34,16,60,12.0,4,34,30,2,3,1
690,2016-07-01,2016,7,1,4,0,17,20,22,27,41,18,127,25.4,17,41,24,3,2,1
691,2016-07-05,2016,7,5,1,0,9,17,19,29,42,15,116,23.2,9,42,33,4,1,0
692,2016-07-08,2016,7,8,4,0,1,12,26,36,37,3,112,22.4,1,37,36,2,3,0
693,2016-07-12,2016,7,12,1,0,4,12,23,31,41,5,111,22.2,4,41,37,3,2,0
694,2016-07-15,2016,7,15,4,0,2,14,31,34,37,12,118,23.6,2,37,35,2,3,1
695,2016-07-19,2016,7,19,1,0,2,31,34,38,39,5,144,28.8,2,39,37,2,3,0
696,2016-07-22,2016,7,22,4,0,1,7,16,28,35,3,87,17.4,1,35,34,3,2,0
697,2016-07-26,2016,7,26,1,0,1,6,16,22,25,13,70,14.0,1,25,24,2,3,0
698,2016-07-29,2016,7,29,4,0,4,12,31,41,42,19,130,26.0,4,42,38,2,3,0
699,2016-08-02,2016,8,2,1,0,8,11,14,30,42,8,105,21.0,8,42,34,1,4,1
700,2016-08-05,2016,8,5,4,0,3,21,34,37,40,20,135,27.0,3,40,37,3,2,1
701,2016-08-09,2016,8,9,1,0,5,13,17,24,36,18,95,19.0,5,36,31,3,2,1
702,2016-08-12,2016,8,12,4,0,10,15,35,38,39,13,137,27.4,10,39,29,3,2,0
703,2016-08-16,2016,8,16,1,0,7,8,16,30,44,14,105,21.0,7,44,37,1,4,1
704,2016-08-19,2016,8,19,4,0,6,18,32,33,36,4,125,25.0,6,36,30,1,4,1
705,2016-08-23,2016,8,23,1,0,9,13,19,26,43,8,110,22.0,9,43,34,4,1,1
706,2016-08-26,2016,8,26,4,0,2,12,14,32,42,8,102,20.4,2,42,40,0,5,1
707,2016-08-30,2016,8,30,1,0,4,9,14,18,34,10,79,15.8,4,34,30,1,4,1
708,2016-09-02,2016,9,2,4,0,20,23,30,38,41,10,152,30.4,20,41,21,2,3,1
709,2016-09-06,2016,9,6,1,0,4,18,39,43,44,12,148,29.6,4,44,40,2,3,1
710,2016-09-09,2016,9,9,4,0,2,18,35,37,41,15,133,26.6,2,41,39,3,2,0
711,2016-09-13,2016,9,13,1,0,1,5,16,21,40,2,83,16.6,1,40,39,3,2,1
712,2016-09-16,2016,9,16,4,0,1,12,33,34,37,16,117,23.4,1,37,36,3,2,1
713,2016-09-20,2016,9,20,1,0,2,18,29,32,44,20,125,25.0,2,44,42,1,4,1
714,2016-09-23,2016,9,23,4,0,3,11,30,32,37,3,113,22.6,3,37,34,3,2,0
715,2016-09-27,2016,9,27,1,0,3,11,34,37,45,15,130,26.0,3,45,42,4,1,0
716,2016-09-30,2016,9,30,4,0,5,15,16,25,36,16,97,19.4,5,36,31,3,2,1
717,2016-10-04,2016,10,4,1,0,4,16,18,25,30,6,93,18.6,4,30,26,1,4,1
718,2016-10-07,2016,10,7,4,0,2,14,24,34,45,7,119,23.8,2,45,43,1,4,0
719,2016-10-11,2016,10,11,1,0,15,23,24,26,36,19,124,24.8,15,36,21,2,3,0
720,2016-10-14,2016,10,14,4,0,4,12,31,38,40,3,125,25.0,4,40,36,1,4,0
721,2016-10-18,2016,10,18,1,0,7,19,35,41,44,16,146,29.2,7,44,37,4,1,1
722,2016-10-21,2016,10,21,4,0,8,15,20,22,29,19,94,18.8,8,29,21,2,3,0
723,2016-10-25,2016,10,25,1,0,8,24,27,30,43,14,132,26.4,8,43,35,2,3,1
724,2016-10-28,2016,10,28,4,0,9,10,18,25,36,3,98,19.6,9,36,27,2,3,0
725,2016-11-01,2016,11,1,1,0,24,25,26,37,44,12,156,31.2,24,44,20,2,3,1
726,2016-11-04,2016,11,4,4,0,5,14,23,31,36,19,109,21.8,5,36,31,3,2,0
727,2016-11-08,2016,11,8,1,0,5,30,40,43,44,2,162,32.4,5,44,39,2,3,1
728,2016-11-11,2016,11,11,4,0,1,3,20,35,36,12,95,19.0,1,36,35,3,2,1
729,2016-11-15,2016,11,15,1,0,11,17,23,42,45,13,138,27.6,11,45,34,4,1,0
730,2016-11-18,2016,11,18,4,0,2,7,12,18,21,10,60,12.0,2,21,19,2,3,1
731,2016-11-22,2016,11,22,1,0,17,18,19,25,36,13,115,23.0,17,36,19,3,2,0
732,2016-11-25,2016,11,25,4,0,5,21,22,28,33,18,109,21.8,5,33,28,3,2,1
733,2016-11-29,2016,11,29,1,0,4,9,22,31,41,12,107,21.4,4,41,37,3,2,1
734,2016-12-02,2016,12,2,4,0,1,11,24,28,42,9,106,21.2,1,42,41,2,3,0
735,2016-12-06,2016,12,6,1,0,1,24,29,33,38,20,125,25.0,1,38,37,3,2,1
736,2016-12-09,2016,12,9,4,0,1,2,8,10,14,9,35,7.0,1,14,13,1,4,0
737,2016-12-13,2016,12,13,1,0,7,8,23,26,33,16,97,19.4,7,33,26,3,2,1
738,2016-12-16,2016,12,16,4,0,8,15,26,28,35,10,112,22.4,8,35,27,2,3,1
739,2016-12-20,2016,12,20,1,0,1,9,17,20,23,12,70,14.0,1,23,22,4,1,1
740,2016-12-23,2016,12,23,4,0,1,4,6,11,16,2,38,7.6,1,16,15,2,3,1
741,2016-12-27,2016,12,27,1,0,8,16,20,21,36,4,101,20.2,8,36,28,1,4,1
742,2016-12-30,2016,12,30,4,0,14,31,33,42,44,15,164,32.8,14,44,30,2,3,0
743,2017-01-03,2017,1,3,1,0,6,16,26,29,31,8,108,21.6,6,31,25,2,3,1
744,2017-01-06,2017,1,6,4,0,11,14,30,40,42,9,137,27.4,11,42,31,1,4,0
745,2017-01-10,2017,1,10,1,0,6,20,25,28,31,10,110,22.0,6,31,25,2,3,1
746,2017-01-13,2017,1,13,4,0,14,20,21,26,38,18,119,23.8,14,38,24,1,4,1
747,2017-01-17,2017,1,17,1,0,12,29,35,36,41,10,153,30.6,12,41,29,3,2,1
748,2017-01-20,2017,1,20,4,0,5,7,17,23,41,6,93,18.6,5,41,36,5,0,1
749,2017-01-24,2017,1,24,1,0,7,19,33,35,39,5,133,26.6,7,39,32,5,0,0
750,2017-01-27,2017,1,27,4,0,4,5,16,28,30,10,83,16.6,4,30,26,1,4,1
751,2017-01-31,2017,1,31,1,0,2,9,31,40,45,3,127,25.4,2,45,43,3,2,0
752,2017-02-03,2017,2,3,4,0,20,22,37,39,43,17,161,32.2,20,43,23,3,2,0
753,2017-02-07,2017,2,7,1,0,7,16,18,30,39,2,110,22.0,7,39,32,2,3,1
754,2017-02-10,2017,2,10,4,0,1,12,21,24,42,5,100,20.0,1,42,41,2,3,0
755,2017-02-14,2017,2,14,1,0,5,12,14,39,42,17,112,22.4,5,42,37,2,3,0
756,2017-02-17,2017,2,17,4,0,9,20,23,39,42,6,133,26.6,9,42,33,3,2,1
757,2017-02-21,2017,2,21,1,0,9,11,14,29,37,5,100,20.0,9,37,28,4,1,0
758,2017-02-24,2017,2,24,4,0,6,9,20,30,38,11,103,20.6,6,38,32,1,4,0
759,2017-02-28,2017,2,28,1,0,9,15,20,42,45,5,131,26.2,9,45,36,3,2,0
760,2017-03-03,2017,3,3,4,0,1,19,24,34,41,16,119,23.8,1,41,40,3,2,1
761,2017-03-07,2017,3,7,1,0,6,10,14,35,44,5,109,21.8,6,44,38,1,4,0
762,2017-03-10,2017,3,10,4,0,11,20,24,28,33,2,116,23.2,11,33,22,2,3,1
763,2017-03-14,2017,3,14,1,0,11,19,31,33,36,10,130,26.0,11,36,25,4,1,1
764,2017-03-17,2017,3,17,4,0,6,15,20,31,37,8,109,21.8,6,37,31,3,2,1
765,2017-03-21,2017,3,21,1,0,7,9,10,33,34,14,93,18.6,7,34,27,3,2,1
766,2017-03-24,2017,3,24,4,0,1,3,5,13,15,11,37,7.4,1,15,14,5,0,0
767,2017-03-28,2017,3,28,1,0,2,6,7,22,27,3,64,12.8,2,27,25,2,3,0
768,2017-03-31,2017,3,31,4,0,9,11,20,22,36,13,98,19.6,9,36,27,2,3,0
769,2017-04-04,2017,4,4,1,0,10,19,28,33,34,1,124,24.8,10,34,24,2,3,0
770,2017-04-07,2017,4,7,4,0,20,21,24,34,43,20,142,28.4,20,43,23,2,3,1
771,2017-04-11,2017,4,11,1,0,14,18,24,27,38,18,121,24.2,14,38,24,1,4,1
772,2017-04-14,2017,4,14,4,0,13,17,20,33,42,4,125,25.0,13,42,29,3,2,1
773,2017-04-18,2017,4,18,1,0,2,5,21,24,25,1,77,15.4,2,25,23,3,2,0
774,2017-04-21,2017,4,21,4,0,3,7,11,29,40,18,90,18.0,3,40,37,4,1,1
775,2017-04-25,2017,4,25,1,0,2,19,25,30,32,13,108,21.6,2,32,30,2,3,0
776,2017-04-28,2017,4,28,4,0,8,23,24,40,44,7,139,27.8,8,44,36,1,4,0
777,2017-05-02,2017,5,2,1,0,2,10,12,27,32,13,83,16.6,2,32,30,1,4,0
778,2017-05-05,2017,5,5,4,0,8,9,21,24,26,4,88,17.6,8,26,18,2,3,1
779,2017-05-09,2017,5,9,1,0,18,19,23,37,43,14,140,28.0,18,43,25,4,1,1
780,2017-05-12,2017,5,12,4,0,1,3,15,30,37,5,86,17.2,1,37,36,4,1,0
781,2017-05-16,2017,5,16,1,0,9,20,30,36,38,13,133,26.6,9,38,29,1,4,0
782,2017-05-19,2017,5,19,4,0,1,2,9,17,37,7,66,13.2,1,37,36,4,1,0
783,2017-05-23,2017,5,23,1,0,4,7,15,22,26,4,74,14.8,4,26,22,2,3,1
784,2017-05-26,2017,5,26,4,0,13,26,29,31,37,7,136,27.2,13,37,24,4,1,0
785,2017-05-30,2017,5,30,1,0,12,14,25,26,39,2,116,23.2,12,39,27,2,3,1
786,2017-06-02,2017,6,2,4,0,7,11,16,38,45,20,117,23.4,7,45,38,3,2,1
787,2017-06-06,2017,6,6,1,0,1,27,28,32,43,12,131,26.2,1,43,42,3,2,1
788,2017-06-09,2017,6,9,4,0,11,12,17,19,35,1,94,18.8,11,35,24,4,1,0
789,2017-06-13,2017,6,13,1,0,13,18,32,36,45,14,144,28.8,13,45,32,2,3,1
790,2017-06-16,2017,6,16,4,0,4,7,25,28,33,14,97,19.4,4,33,29,3,2,1
791,2017-06-20,2017,6,20,1,0,14,21,28,38,40,18,141,28.2,14,40,26,1,4,1
792,2017-06-23,2017,6,23,4,0,14,20,33,44,45,19,156,31.2,14,45,31,2,3,0
793,2017-06-27,2017,6,27,1,0,26,27,30,32,45,16,160,32.0,26,45,19,2,3,1
794,2017-06-30,2017,6,30,4,0,4,5,10,23,28,3,70,14.0,4,28,24,2,3,0
795,2017-07-04,2017,7,4,1,0,5,7,10,15,30,5,67,13.4,5,30,25,3,2,0
796,2017-07-07,2017,7,7,4,0,9,16,18,32,43,2,118,23.6,9,43,34,2,3,1
797,2017-07-11,2017,7,11,1,0,2,15,19,27,34,19,97,19.4,2,34,32,3,2,0
798,2017-07-14,2017,7,14,4,0,21,28,29,31,35,8,144,28.8,21,35,14,4,1,1
799,2017-07-18,2017,7,18,1,0,23,25,30,40,43,20,161,32.2,23,43,20,3,2,1
800,2017-07-21,2017,7,21,4,0,7,20,29,40,43,6,139,27.8,7,43,36,3,2,1
801,2017-07-25,2017,7,25,1,0,12,18,22,29,44,6,125,25.0,12,44,32,1,4,1
802,2017-07-28,2017,7,28,4,0,7,28,30,35,39,1,139,27.8,7,39,32,3,2,0
803,2017-08-01,2017,8,1,1,0,5,18,36,40,42,5,141,28.2,5,42,37,1,4,0
804,2017-08-04,2017,8,4,4,0,15,17,24,25,28,17,109,21.8,15,28,13,3,2,0
805,2017-08-08,2017,8,8,1,0,3,5,12,14,22,9,56,11.2,3,22,19,2,3,0
806,2017-08-11,2017,8,11,4,0,11,28,31,32,41,18,143,28.6,11,41,30,3,2,1
807,2017-08-15,2017,8,15,1,0,4,17,27,34,35,5,117,23.4,4,35,31,3,2,0
808,2017-08-18,2017,8,18,4,0,13,23,30,34,40,11,140,28.0,13,40,27,2,3,0
809,2017-08-22,2017,8,22,1,0,15,19,31,36,44,9,145,29.0,15,44,29,3,2,0
810,2017-08-25,2017,8,25,4,0,2,15,23,28,32,2,100,20.0,2,32,30,2,3,1
811,2017-08-29,2017,8,29,1,0,12,13,17,19,34,11,95,19.0,12,34,22,3,2,0
812,2017-09-01,2017,9,1,4,0,11,13,31,39,41,15,135,27.0,11,41,30,5,0,0
813,2017-09-05,2017,9,5,1,0,2,13,14,15,32,6,76,15.2,2,32,30,2,3,1
814,2017-09-08,2017,9,8,4,0,6,7,34,39,42,12,128,25.6,6,42,36,2,3,1
815,2017-09-12,2017,9,12,1,0,2,3,11,29,41,15,86,17.2,2,41,39,4,1,0
816,2017-09-15,2017,9,15,4,0,11,16,24,28,44,6,123,24.6,11,44,33,1,4,1
817,2017-09-19,2017,9,19,1,0,15,22,25,36,39,19,137,27.4,15,39,24,3,2,0
818,2017-09-22,2017,9,22,4,0,4,12,28,30,39,3,113,22.6,4,39,35,1,4,0
819,2017-09-26,2017,9,26,1,0,9,17,33,42,45,13,146,29.2,9,45,36,4,1,0
820,2017-09-29,2017,9,29,4,0,26,28,32,39,42,9,167,33.4,26,42,16,1,4,0
821,2017-10-03,2017,10,3,1,0,7,26,35,36,39,14,143,28.6,7,39,32,3,2,1
822,2017-10-06,2017,10,6,4,0,18,22,23,31,38,17,132,26.4,18,38,20,2,3,0
823,2017-10-10,2017,10,10,1,0,13,15,25,29,39,14,121,24.2,13,39,26,5,0,1
824,2017-10-13,2017,10,13,4,0,5,8,25,30,32,17,100,20.0,5,32,27,2,3,0
825,2017-10-17,2017,10,17,1,0,1,3,10,39,43,13,96,19.2,1,43,42,4,1,0
826,2017-10-20,2017,10,20,4,0,19,20,24,26,30,20,119,23.8,19,30,11,1,4,1
827,2017-10-24,2017,10,24,1,0,13,26,37,42,44,3,162,32.4,13,44,31,2,3,0
828,2017-10-27,2017,10,27,4,0,14,15,21,29,45,6,124,24.8,14,45,31,4,1,1
829,2017-10-31,2017,10,31,1,0,6,10,16,36,43,17,111,22.2,6,43,37,1,4,0
830,2017-11-03,2017,11,3,4,0,3,17,19,23,44,19,106,21.2,3,44,41,4,1,0
831,2017-11-07,2017,11,7,1,0,9,10,22,34,44,18,119,23.8,9,44,35,1,4,1
832,2017-11-10,2017,11,10,4,0,13,28,31,33,44,8,149,29.8,13,44,31,3,2,1
833,2017-11-14,2017,11,14,1,0,8,21,25,34,41,20,129,25.8,8,41,33,3,2,1
834,2017-11-17,2017,11,17,4,0,13,14,24,36,42,20,129,25.8,13,42,29,1,4,1
835,2017-11-21,2017,11,21,1,0,16,23,32,34,41,18,146,29.2,16,41,25,2,3,1
836,2017-11-24,2017,11,24,4,0,4,14,29,37,43,18,127,25.4,4,43,39,3,2,1
837,2017-11-28,2017,11,28,1,0,7,11,28,38,39,14,123,24.6,7,39,32,3,2,1
838,2017-12-01,2017,12,1,4,0,8,11,22,28,29,1,98,19.6,8,29,21,2,3,0
839,2017-12-05,2017,12,5,1,0,4,8,19,32,40,18,103,20.6,4,40,36,1,4,1
840,2017-12-08,2017,12,8,4,0,3,8,17,22,27,13,77,15.4,3,27,24,3,2,0
841,2017-12-12,2017,12,12,1,0,7,10,15,24,39,19,95,19.0,7,39,32,3,2,0
842,2017-12-15,2017,12,15,4,0,2,9,10,17,44,18,82,16.4,2,44,42,2,3,1
843,2017-12-19,2017,12,19,1,0,3,7,11,43,44,4,108,21.6,3,44,41,4,1,1
844,2017-12-22,2017,12,22,4,0,5,9,16,19,31,3,80,16.0,5,31,26,4,1,0
845,2017-12-26,2017,12,26,1,0,13,14,29,42,44,4,142,28.4,13,44,31,2,3,1
846,2017-12-29,2017,12,29,4,0,3,7,21,41,42,18,114,22.8,3,42,39,4,1,1
847,2018-01-02,2018,1,2,1,0,21,29,30,34,37,20,151,30.2,21,37,16,3,2,1
848,2018-01-05,2018,1,5,4,0,8,31,34,35,44,4,152,30.4,8,44,36,2,3,1
849,2018-01-09,2018,1,9,1,0,4,11,18,19,40,19,92,18.4,4,40,36,2,3,0
850,2018-01-12,2018,1,12,4,0,15,17,20,25,42,19,119,23.8,15,42,27,3,2,0
851,2018-01-16,2018,1,16,1,0,12,27,29,35,36,15,139,27.8,12,36,24,3,2,0
852,2018-01-19,2018,1,19,4,0,1,3,13,24,27,12,68,13.6,1,27,26,4,1,1
853,2018-01-23,2018,1,23,1,0,3,28,40,41,42,8,154,30.8,3,42,39,2,3,1
854,2018-01-26,2018,1,26,4,0,6,8,14,22,25,3,75,15.0,6,25,19,1,4,0
855,2018-01-30,2018,1,30,1,0,8,20,41,42,43,4,154,30.8,8,43,35,2,3,1
856,2018-02-02,2018,2,2,4,0,10,13,30,36,45,19,134,26.8,10,45,35,2,3,0
857,2018-02-06,2018,2,6,1,0,6,7,21,27,40,15,101,20.2,6,40,34,3,2,0
858,2018-02-09,2018,2,9,4,0,1,8,10,26,39,17,84,16.8,1,39,38,2,3,0
859,2018-02-13,2018,2,13,1,0,5,10,12,29,42,8,98,19.6,5,42,37,2,3,1
860,2018-02-16,2018,2,16,4,0,2,8,26,28,30,2,94,18.8,2,30,28,0,5,1
861,2018-02-20,2018,2,20,1,0,8,27,30,33,42,3,140,28.0,8,42,34,2,3,0
862,2018-02-23,2018,2,23,4,0,15,20,31,36,45,17,147,29.4,15,45,30,3,2,0
863,2018-02-27,2018,2,27,1,0,6,16,18,33,34,13,107,21.4,6,34,28,1,4,0
864,2018-03-02,2018,3,2,4,0,1,14,27,33,40,12,115,23.0,1,40,39,3,2,1
865,2018-03-06,2018,3,6,1,0,12,24,29,35,36,1,136,27.2,12,36,24,2,3,0
866,2018-03-09,2018,3,9,4,0,9,11,20,26,34,10,100,20.0,9,34,25,2,3,1
867,2018-03-13,2018,3,13,1,0,13,26,31,37,43,15,150,30.0,13,43,30,4,1,0
868,2018-03-16,2018,3,16,4,0,8,17,29,31,38,5,123,24.6,8,38,30,3,2,0
869,2018-03-20,2018,3,20,1,0,5,21,35,37,40,9,138,27.6,5,40,35,4,1,0
870,2018-03-23,2018,3,23,4,0,3,23,24,35,37,9,122,24.4,3,37,34,4,1,0
871,2018-03-27,2018,3,27,1,0,4,9,12,18,31,6,74,14.8,4,31,27,2,3,1
872,2018-03-30,2018,3,30,4,0,8,19,34,37,41,11,139,27.8,8,41,33,3,2,0
873,2018-04-03,2018,4,3,1,0,4,13,16,33,40,2,106,21.2,4,40,36,2,3,1
874,2018-04-06,2018,4,6,4,0,3,11,26,35,43,3,118,23.6,3,43,40,4,1,0
875,2018-04-10,2018,4,10,1,0,2,14,17,31,34,19,98,19.6,2,34,32,2,3,0
876,2018-04-13,2018,4,13,4,0,6,9,21,23,30,14,89,17.8,6,30,24,3,2,1
877,2018-04-17,2018,4,17,1,0,3,6,7,16,33,17,65,13.0,3,33,30,3,2,0
878,2018-04-20,2018,4,20,4,0,5,13,20,31,35,9,104,20.8,5,35,30,4,1,0
879,2018-04-24,2018,4,24,1,0,6,16,17,39,43,4,121,24.2,6,43,37,3,2,1
880,2018-04-27,2018,4,27,4,0,2,8,12,20,43,6,85,17.0,2,43,41,1,4,1
881,2018-05-01,2018,5,1,1,0,8,17,29,40,42,11,136,27.2,8,42,34,2,3,0
882,2018-05-04,2018,5,4,4,0,4,9,11,12,25,6,61,12.2,4,25,21,3,2,1
883,2018-05-08,2018,5,8,1,0,3,4,6,26,44,5,83,16.6,3,44,41,1,4,0
884,2018-05-11,2018,5,11,4,0,8,22,33,40,43,3,146,29.2,8,43,35,2,3,0
885,2018-05-15,2018,5,15,1,0,5,10,20,27,40,10,102,20.4,5,40,35,2,3,1
886,2018-05-18,2018,5,18,4,0,6,10,11,28,40,7,95,19.0,6,40,34,1,4,0
887,2018-05-22,2018,5,22,1,0,3,10,15,19,44,14,91,18.2,3,44,41,3,2,1
888,2018-05-25,2018,5,25,4,0,6,11,23,36,37,13,113,22.6,6,37,31,3,2,0
889,2018-05-29,2018,5,29,1,0,12,21,31,37,41,13,142,28.4,12,41,29,4,1,0
890,2018-06-01,2018,6,1,4,0,1,37,40,41,43,4,162,32.4,1,43,42,4,1,1
891,2018-06-05,2018,6,5,1,0,10,13,28,33,45,14,129,25.8,10,45,35,3,2,1
892,2018-06-08,2018,6,8,4,0,3,13,25,26,34,13,101,20.2,3,34,31,3,2,0
893,2018-06-12,2018,6,12,1,0,3,5,31,35,37,13,111,22.2,3,37,34,5,0,0
894,2018-06-15,2018,6,15,4,0,8,9,14,28,41,9,100,20.0,8,41,33,2,3,0
895,2018-06-19,2018,6,19,1,0,12,20,23,24,37,4,116,23.2,12,37,25,2,3,1
896,2018-06-22,2018,6,22,4,0,2,6,13,14,19,17,54,10.8,2,19,17,2,3,0
897,2018-06-26,2018,6,26,1,0,15,25,39,43,50,14,172,34.4,15,50,35,4,1,1
898,2018-06-29,2018,6,29,4,0,15,22,25,31,37,16,130,26.0,15,37,22,4,1,1
899,2018-07-03,2018,7,3,1,0,3,38,48,49,50,18,188,37.6,3,50,47,2,3,1
900,2018-07-06,2018,7,6,4,0,8,16,19,35,39,11,117,23.4,8,39,31,3,2,0
901,2018-07-10,2018,7,10,1,0,1,31,34,38,46,12,150,30.0,1,46,45,2,3,1
902,2018-07-13,2018,7,13,4,0,13,14,34,38,45,11,144,28.8,13,45,32,2,3,0
903,2018-07-17,2018,7,17,1,0,12,26,34,35,44,4,151,30.2,12,44,32,1,4,1
904,2018-07-20,2018,7,20,4,0,9,21,22,33,39,5,124,24.8,9,39,30,4,1,0
905,2018-07-24,2018,7,24,1,0,9,15,18,24,29,19,95,19.0,9,29,20,3,2,0
906,2018-07-27,2018,7,27,4,0,4,15,19,33,36,2,107,21.4,4,36,32,3,2,1
907,2018-07-31,2018,7,31,1,0,3,6,14,34,36,12,93,18.6,3,36,33,1,4,1
908,2018-08-03,2018,8,3,4,0,1,15,23,24,35,4,98,19.6,1,35,34,4,1,1
909,2018-08-07,2018,8,7,1,0,2,3,19,24,30,3,78,15.6,2,30,28,2,3,0
910,2018-08-10,2018,8,10,4,0,3,10,14,43,50,14,120,24.0,3,50,47,2,3,1
911,2018-08-14,2018,8,14,1,0,13,29,32,38,45,5,157,31.4,13,45,32,3,2,0
912,2018-08-17,2018,8,17,4,0,9,19,24,35,42,10,129,25.8,9,42,33,3,2,1
913,2018-08-21,2018,8,21,1,0,19,21,23,34,45,9,142,28.4,19,45,26,4,1,0
914,2018-08-24,2018,8,24,4,0,3,6,25,27,40,4,101,20.2,3,40,37,3,2,1
915,2018-08-28,2018,8,28,1,0,4,13,21,41,44,15,123,24.6,4,44,40,3,2,0
916,2018-08-31,2018,8,31,4,0,7,38,42,43,47,3,177,35.4,7,47,40,3,2,0
917,2018-09-04,2018,9,4,1,0,3,13,24,25,41,8,106,21.2,3,41,38,4,1,1
918,2018-09-07,2018,9,7,4,0,9,11,20,28,44,6,112,22.4,9,44,35,2,3,1
919,2018-09-11,2018,9,11,1,0,3,26,34,40,50,12,153,30.6,3,50,47,1,4,1
920,2018-09-14,2018,9,14,4,0,10,17,29,31,40,9,127,25.4,10,40,30,3,2,0
921,2018-09-18,2018,9,18,1,0,15,22,23,31,38,1,129,25.8,15,38,23,3,2,0
922,2018-09-21,2018,9,21,4,0,28,32,39,43,46,8,188,37.6,28,46,18,2,3,1
923,2018-09-25,2018,9,25,1,0,7,15,17,30,40,11,109,21.8,7,40,33,3,2,0
924,2018-09-28,2018,9,28,4,0,7,24,31,36,50,2,148,29.6,7,50,43,2,3,1
925,2018-10-02,2018,10,2,1,0,3,7,15,24,35,18,84,16.8,3,35,32,4,1,1
926,2018-10-05,2018,10,5,4,0,32,36,42,46,49,11,205,41.0,32,49,17,1,4,0
927,2018-10-09,2018,10,9,1,0,5,13,22,24,40,5,104,20.8,5,40,35,2,3,0
928,2018-10-12,2018,10,12,4,0,1,2,11,19,44,8,77,15.4,1,44,43,3,2,1
929,2018-10-16,2018,10,16,1,0,2,8,27,35,41,8,113,22.6,2,41,39,3,2,1
930,2018-10-19,2018,10,19,4,0,1,32,39,41,43,6,156,31.2,1,43,42,4,1,1
931,2018-10-23,2018,10,23,1,0,4,17,21,28,48,20,118,23.6,4,48,44,2,3,1
932,2018-10-26,2018,10,26,4,0,2,15,19,24,38,20,98,19.6,2,38,36,2,3,1
933,2018-10-30,2018,10,30,1,0,19,20,24,27,29,19,119,23.8,19,29,10,3,2,0
934,2018-11-02,2018,11,2,4,0,2,30,36,42,47,13,157,31.4,2,47,45,1,4,0
935,2018-11-06,2018,11,6,1,0,10,20,48,49,50,12,177,35.4,10,50,40,1,4,1
936,2018-11-09,2018,11,9,4,0,6,7,10,19,43,20,85,17.0,6,43,37,3,2,1
937,2018-11-13,2018,11,13,1,0,4,6,19,24,41,8,94,18.8,4,41,37,2,3,1
938,2018-11-16,2018,11,16,4,0,20,24,32,33,35,18,144,28.8,20,35,15,2,3,1
939,2018-11-20,2018,11,20,1,0,14,32,33,37,47,15,163,32.6,14,47,33,3,2,0
940,2018-11-23,2018,11,23,4,0,3,6,8,23,30,8,70,14.0,3,30,27,2,3,1
941,2018-11-27,2018,11,27,1,0,12,27,39,41,46,10,165,33.0,12,46,34,3,2,1
942,2018-11-30,2018,11,30,4,0,12,15,25,29,49,7,130,26.0,12,49,37,4,1,0
943,2018-12-04,2018,12,4,1,0,5,13,20,33,34,6,105,21.0,5,34,29,3,2,1
944,2018-12-07,2018,12,7,4,0,3,6,22,33,47,15,111,22.2,3,47,44,3,2,0
945,2018-12-11,2018,12,11,1,0,7,29,39,42,48,7,165,33.0,7,48,41,3,2,0
946,2018-12-14,2018,12,14,4,0,4,5,9,16,20,3,54,10.8,4,20,16,2,3,0
947,2018-12-18,2018,12,18,1,0,3,5,14,20,32,16,74,14.8,3,32,29,2,3,1
948,2018-12-21,2018,12,21,4,0,22,34,40,44,48,2,188,37.6,22,48,26,0,5,1
949,2018-12-25,2018,12,25,1,0,13,16,28,29,30,7,116,23.2,13,30,17,2,3,0
950,2018-12-28,2018,12,28,4,0,18,21,30,32,50,8,151,30.2,18,50,32,1,4,1
951,2019-01-01,2019,1,1,1,0,42,44,46,47,48,11,227,45.4,42,48,6,1,4,0
952,2019-01-04,2019,1,4,4,0,7,9,24,26,29,1,95,19.0,7,29,22,3,2,0
953,2019-01-08,2019,1,8,1,0,2,15,35,44,46,13,142,28.4,2,46,44,2,3,0
954,2019-01-11,2019,1,11,4,0,8,21,25,29,42,15,125,25.0,8,42,34,3,2,0
955,2019-01-15,2019,1,15,1,0,9,13,24,27,29,20,102,20.4,9,29,20,4,1,1
956,2019-01-18,2019,1,18,4,0,8,23,26,38,40,9,135,27.0,8,40,32,1,4,0
957,2019-01-22,2019,1,22,1,0,6,15,24,41,47,3,133,26.6,6,47,41,3,2,0
958,2019-01-25,2019,1,25,4,0,20,27,31,40,41,9,159,31.8,20,41,21,3,2,0
959,2019-01-29,2019,1,29,1,0,6,7,23,25,29,5,90,18.0,6,29,23,4,1,0
960,2019-02-01,2019,2,1,4,0,5,13,19,39,41,3,117,23.4,5,41,36,5,0,0
961,2019-02-05,2019,2,5,1,0,5,28,31,35,50,9,149,29.8,5,50,45,3,2,0
962,2019-02-08,2019,2,8,4,0,22,30,39,41,42,11,174,34.8,22,42,20,2,3,0
963,2019-02-12,2019,2,12,1,0,15,16,24,38,47,13,140,28.0,15,47,32,2,3,0
964,2019-02-15,2019,2,15,4,0,19,20,37,42,43,17,161,32.2,19,43,24,3,2,0
965,2019-02-19,2019,2,19,1,0,14,18,21,26,35,5,114,22.8,14,35,21,2,3,0
966,2019-02-22,2019,2,22,4,0,7,9,10,11,40,2,77,15.4,7,40,33,3,2,1
967,2019-02-26,2019,2,26,1,0,10,20,28,31,33,12,122,24.4,10,33,23,2,3,1
968,2019-03-01,2019,3,1,4,0,24,29,34,46,49,15,182,36.4,24,49,25,2,3,0
969,2019-03-05,2019,3,5,1,0,1,18,24,48,49,20,140,28.0,1,49,48,2,3,1
970,2019-03-08,2019,3,8,4,0,4,5,7,11,22,3,49,9.8,4,22,18,3,2,0
971,2019-03-12,2019,3,12,1,0,8,27,40,46,48,18,169,33.8,8,48,40,1,4,1
972,2019-03-15,2019,3,15,4,0,19,36,40,45,49,5,189,37.8,19,49,30,3,2,0
973,2019-03-19,2019,3,19,1,0,3,16,32,33,36,7,120,24.0,3,36,33,2,3,0
974,2019-03-22,2019,3,22,4,0,8,10,15,34,35,16,102,20.4,8,35,27,2,3,1
975,2019-03-26,2019,3,26,1,0,1,8,24,26,30,2,89,17.8,1,30,29,1,4,1
976,2019-03-29,2019,3,29,4,0,3,6,11,13,31,13,64,12.8,3,31,28,4,1,0
977,2019-04-02,2019,4,2,1,0,11,29,35,38,41,18,154,30.8,11,41,30,4,1,1
978,2019-04-05,2019,4,5,4,0,15,22,29,31,48,3,145,29.0,15,48,33,3,2,0
979,2019-04-09,2019,4,9,1,0,5,11,13,28,38,14,95,19.0,5,38,33,3,2,1
980,2019-04-12,2019,4,12,4,0,28,35,41,43,50,12,197,39.4,28,50,22,3,2,1
981,2019-04-16,2019,4,16,1,0,5,6,32,44,48,5,135,27.0,5,48,43,1,4,0
982,2019-04-19,2019,4,19,4,0,17,19,25,43,47,4,151,30.2,17,47,30,5,0,1
983,2019-04-23,2019,4,23,1,0,10,35,37,46,48,9,176,35.2,10,48,38,2,3,0
984,2019-04-26,2019,4,26,4,0,13,16,19,43,49,13,140,28.0,13,49,36,4,1,0
985,2019-04-30,2019,4,30,1,0,1,3,20,46,48,5,118,23.6,1,48,47,2,3,0
986,2019-05-03,2019,5,3,4,0,13,18,20,35,36,11,122,24.4,13,36,23,2,3,0
987,2019-05-07,2019,5,7,1,0,15,22,30,45,48,13,160,32.0,15,48,33,2,3,0
988,2019-05-10,2019,5,10,4,0,14,22,23,39,43,15,141,28.2,14,43,29,3,2,0
989,2019-05-14,2019,5,14,1,0,15,18,34,44,46,16,157,31.4,15,46,31,1,4,1
990,2019-05-17,2019,5,17,4,0,9,19,29,31,46,17,134,26.8,9,46,37,4,1,0
991,2019-05-21,2019,5,21,1,0,3,11,15,33,43,13,105,21.0,3,43,40,5,0,0
992,2019-05-24,2019,5,24,4,0,3,25,29,38,39,7,134,26.8,3,39,36,4,1,0
993,2019-05-28,2019,5,28,1,0,15,21,25,33,43,17,137,27.4,15,43,28,5,0,0
994,2019-05-31,2019,5,31,4,0,5,21,25,27,47,12,125,25.0,5,47,42,5,0,1
995,2019-06-04,2019,6,4,1,0,10,16,22,46,50,19,144,28.8,10,50,40,0,5,0
996,2019-06-07,2019,6,7,4,0,4,11,21,22,45,14,103,20.6,4,45,41,3,2,1
997,2019-06-11,2019,6,11,1,0,11,14,15,38,47,13,125,25.0,11,47,36,3,2,0
998,2019-06-14,2019,6,14,4,0,24,26,27,35,39,15,151,30.2,24,39,15,3,2,0
999,2019-06-18,2019,6,18,1,0,2,3,17,20,33,3,75,15.0,2,33,31,3,2,0
1000,2019-06-21,2019,6,21,4,0,8,15,28,46,49,8,146,29.2,8,49,41,2,3,1
1001,2019-06-25,2019,6,25,1,0,3,32,33,38,40,11,146,29.2,3,40,37,2,3,0
1002,2019-06-28,2019,6,28,4,0,3,13,16,33,41,10,106,21.2,3,41,38,4,1,1
1003,2019-07-02,2019,7,2,1,0,16,29,43,44,47,15,179,35.8,16,47,31,3,2,0
1004,2019-07-05,2019,7,5,4,0,28,37,39,46,47,12,197,39.4,28,47,19,3,2,1
1005,2019-07-09,2019,7,9,1,0,9,12,28,44,49,13,142,28.4,9,49,40,2,3,0
1006,2019-07-12,2019,7,12,4,0,29,35,46,47,48,17,205,41.0,29,48,19,3,2,0
1007,2019-07-16,2019,7,16,1,0,3,5,20,23,40,14,91,18.2,3,40,37,3,2,1
1008,2019-07-19,2019,7,19,4,0,3,12,13,20,41,16,89,17.8,3,41,38,3,2,1
1009,2019-07-23,2019,7,23,1,0,4,6,35,45,48,20,138,27.6,4,48,44,2,3,1
1010,2019-07-26,2019,7,26,4,0,4,17,19,43,48,7,131,26.2,4,48,44,3,2,0
1011,2019-07-30,2019,7,30,1,0,1,14,29,32,38,18,114,22.8,1,38,37,2,3,1
1012,2019-08-02,2019,8,2,4,0,5,31,45,46,47,5,174,34.8,5,47,42,4,1,0
1013,2019-08-06,2019,8,6,1,0,6,8,15,30,37,20,96,19.2,6,37,31,2,3,1
1014,2019-08-09,2019,8,9,4,0,2,18,34,37,48,3,139,27.8,2,48,46,1,4,0
1015,2019-08-13,2019,8,13,1,0,5,16,17,25,38,2,101,20.2,5,38,33,3,2,1
1016,2019-08-16,2019,8,16,4,0,3,10,14,31,41,9,99,19.8,3,41,38,3,2,0
1017,2019-08-20,2019,8,20,1,0,11,19,20,39,41,9,130,26.0,11,41,30,4,1,0
1018,2019-08-23,2019,8,23,4,0,8,9,15,20,24,14,76,15.2,8,24,16,2,3,1
1019,2019-08-27,2019,8,27,1,0,4,5,9,10,11,13,39,7.8,4,11,7,3,2,0
1020,2019-08-30,2019,8,30,4,0,8,14,36,40,47,2,145,29.0,8,47,39,1,4,1
1021,2019-09-03,2019,9,3,1,0,6,11,16,31,34,19,98,19.6,6,34,28,2,3,0
1022,2019-09-06,2019,9,6,4,0,2,20,25,40,49,20,136,27.2,2,49,47,2,3,1
1023,2019-09-10,2019,9,10,1,0,10,15,24,28,50,5,127,25.4,10,50,40,1,4,0
1024,2019-09-13,2019,9,13,4,0,8,9,10,11,42,9,80,16.0,8,42,34,2,3,0
1025,2019-09-17,2019,9,17,1,0,13,21,23,35,49,8,141,28.2,13,49,36,5,0,1
1026,2019-09-20,2019,9,20,4,0,9,16,22,29,35,6,111,22.2,9,35,26,3,2,1
1027,2019-09-24,2019,9,24,1,0,6,34,35,36,46,12,157,31.4,6,46,40,1,4,1
1028,2019-09-27,2019,9,27,4,0,14,16,18,22,39,15,109,21.8,14,39,25,1,4,0
1029,2019-10-01,2019,10,1,1,0,3,9,29,32,50,7,123,24.6,3,50,47,3,2,0
1030,2019-10-04,2019,10,4,4,0,4,5,23,29,31,17,92,18.4,4,31,27,4,1,0
1031,2019-10-08,2019,10,8,1,0,4,15,36,37,50,17,142,28.4,4,50,46,2,3,0
1032,2019-10-11,2019,10,11,4,0,15,16,17,26,43,10,117,23.4,15,43,28,3,2,1
1033,2019-10-15,2019,10,15,1,0,10,34,36,39,50,6,169,33.8,10,50,40,1,4,1
1034,2019-10-18,2019,10,18,4,0,15,21,31,34,44,2,145,29.0,15,44,29,3,2,1
1035,2019-10-22,2019,10,22,1,0,3,22,31,35,48,16,139,27.8,3,48,45,3,2,1
1036,2019-10-25,2019,10,25,4,0,2,21,29,37,49,9,138,27.6,2,49,47,4,1,0
1037,2019-10-29,2019,10,29,1,0,8,29,38,41,50,2,166,33.2,8,50,42,2,3,1
1038,2019-11-01,2019,11,1,4,0,13,25,29,43,47,12,157,31.4,13,47,34,5,0,1
1039,2019-11-05,2019,11,5,1,0,4,7,18,27,37,8,93,18.6,4,37,33,3,2,1
1040,2019-11-08,2019,11,8,4,0,5,18,27,37,45,12,132,26.4,5,45,40,4,1,1
1041,2019-11-12,2019,11,12,1,0,3,5,10,11,25,10,54,10.8,3,25,22,4,1,1
1042,2019-11-15,2019,11,15,4,0,13,15,31,37,49,13,145,29.0,13,49,36,5,0,0
1043,2019-11-19,2019,11,19,1,0,3,4,16,43,44,10,110,22.0,3,44,41,2,3,1
1044,2019-11-22,2019,11,22,4,0,5,17,18,20,26,7,86,17.2,5,26,21,2,3,0
1045,2019-11-26,2019,11,26,1,0,2,8,11,13,32,3,66,13.2,2,32,30,2,3,0
1046,2019-11-29,2019,11,29,4,0,6,11,21,25,49,12,112,22.4,6,49,43,4,1,1
1047,2019-12-03,2019,12,3,1,0,5,6,15,23,45,6,94,18.8,5,45,40,4,1,1
1048,2019-12-06,2019,12,6,4,0,12,19,33,34,49,8,147,29.4,12,49,37,3,2,1
1049,2019-12-10,2019,12,10,1,0,18,21,24,40,50,17,153,30.6,18,50,32,1,4,0
1050,2019-12-13,2019,12,13,4,0,1,9,13,25,34,10,82,16.4,1,34,33,4,1,1
1051,2019-12-17,2019,12,17,1,0,15,27,33,38,48,1,161,32.2,15,48,33,3,2,0
1052,2019-12-20,2019,12,20,4,0,8,10,22,36,40,20,116,23.2,8,40,32,0,5,1
1053,2019-12-24,2019,12,24,1,0,14,18,29,41,46,6,148,29.6,14,46,32,2,3,1
1054,2019-12-27,2019,12,27,4,0,4,13,34,36,38,4,125,25.0,4,38,34,1,4,1
1055,2019-12-31,2019,12,31,1,0,22,31,44,49,50,8,196,39.2,22,50,28,2,3,1
1056,2020-01-03,2020,1,3,4,0,8,9,18,43,50,12,128,25.6,8,50,42,2,3,1
1057,2020-01-07,2020,1,7,1,0,4,8,18,35,49,10,114,22.8,4,49,45,2,3,1
1058,2020-01-10,2020,1,10,4,0,23,25,28,30,40,13,146,29.2,23,40,17,2,3,0
1059,2020-01-14,2020,1,14,1,0,9,10,11,32,43,15,105,21.0,9,43,34,3,2,0
1060,2020-01-17,2020,1,17,4,0,7,8,18,26,31,16,90,18.0,7,31,24,2,3,1
1061,2020-01-21,2020,1,21,1,0,14,18,32,42,49,17,155,31.0,14,49,35,1,4,0
1062,2020-01-24,2020,1,24,4,0,5,11,26,48,49,12,139,27.8,5,49,44,3,2,1
1063,2020-01-28,2020,1,28,1,0,14,18,31,36,49,9,148,29.6,14,49,35,2,3,0
1064,2020-01-31,2020,1,31,4,0,11,14,18,29,34,15,106,21.2,11,34,23,2,3,0
1065,2020-02-04,2020,2,4,1,0,3,15,23,37,45,18,123,24.6,3,45,42,5,0,1
1066,2020-02-07,2020,2,7,4,0,2,4,29,38,47,1,120,24.0,2,47,45,2,3,0
1067,2020-02-11,2020,2,11,1,0,9,22,40,43,46,1,160,32.0,9,46,37,2,3,0
1068,2020-02-14,2020,2,14,4,0,2,19,40,49,50,6,160,32.0,2,50,48,2,3,1
1069,2020-02-18,2020,2,18,1,0,14,17,20,36,49,2,136,27.2,14,49,35,2,3,1
1070,2020-02-21,2020,2,21,4,0,4,18,30,34,36,20,122,24.4,4,36,32,0,5,1
1071,2020-02-25,2020,2,25,1,0,4,10,17,26,31,11,88,17.6,4,31,27,2,3,0
1072,2020-02-28,2020,2,28,4,0,1,31,37,49,50,2,168,33.6,1,50,49,4,1,1
1073,2020-03-03,2020,3,3,1,0,11,17,18,27,44,8,117,23.4,11,44,33,3,2,1
1074,2020-03-06,2020,3,6,4,0,6,23,26,28,47,6,130,26.0,6,47,41,2,3,1
1075,2020-03-10,2020,3,10,1,0,6,8,24,25,50,10,113,22.6,6,50,44,1,4,1
1076,2020-03-13,2020,3,13,4,0,5,6,12,22,50,11,95,19.0,5,50,45,1,4,0
1077,2020-03-17,2020,3,17,1,0,16,29,34,38,49,14,166,33.2,16,49,33,2,3,1
1078,2020-03-20,2020,3,20,4,0,4,9,16,21,36,14,86,17.2,4,36,32,2,3,1
1079,2020-03-24,2020,3,24,1,0,4,12,41,45,46,5,148,29.6,4,46,42,2,3,0
1080,2020-03-27,2020,3,27,4,0,3,8,18,38,45,3,112,22.4,3,45,42,2,3,0
1081,2020-03-31,2020,3,31,1,0,14,20,28,43,49,5,154,30.8,14,49,35,2,3,0
1082,2020-04-03,2020,4,3,4,0,9,10,29,32,45,9,125,25.0,9,45,36,3,2,0
1083,2020-04-07,2020,4,7,1,0,4,13,32,34,42,9,125,25.0,4,42,38,1,4,0
1084,2020-04-10,2020,4,10,4,0,7,14,22,24,41,16,108,21.6,7,41,34,2,3,1
1085,2020-04-14,2020,4,14,1,0,6,11,25,31,46,9,119,23.8,6,46,40,3,2,0
1086,2020-04-17,2020,4,17,4,0,16,19,20,23,25,10,103,20.6,16,25,9,3,2,1
1087,2020-04-21,2020,4,21,1,0,8,13,21,46,50,13,138,27.6,8,50,42,2,3,0
1088,2020-04-24,2020,4,24,4,0,10,12,22,42,50,18,136,27.2,10,50,40,0,5,1
1089,2020-04-28,2020,4,28,1,0,6,12,32,36,45,4,131,26.2,6,45,39,1,4,1
1090,2020-05-01,2020,5,1,4,0,12,20,43,48,49,6,172,34.4,12,49,37,2,3,1
1091,2020-05-05,2020,5,5,1,0,6,22,41,46,49,3,164,32.8,6,49,43,2,3,0
1092,2020-05-08,2020,5,8,4,0,12,21,30,35,45,18,143,28.6,12,45,33,3,2,1
1093,2020-05-12,2020,5,12,1,0,6,22,34,44,45,11,151,30.2,6,45,39,1,4,0
1094,2020-05-15,2020,5,15,4,0,5,7,13,19,47,4,91,18.2,5,47,42,5,0,1
1095,2020-05-19,2020,5,19,1,0,9,15,19,36,44,10,123,24.6,9,44,35,3,2,1
1096,2020-05-22,2020,5,22,4,0,9,10,24,41,45,15,129,25.8,9,45,36,3,2,0
1097,2020-05-26,2020,5,26,1,0,15,25,34,39,42,4,155,31.0,15,42,27,3,2,1
1098,2020-05-29,2020,5,29,4,0,4,27,30,34,45,20,140,28.0,4,45,41,2,3,1
1099,2020-06-02,2020,6,2,1,0,5,15,29,41,46,14,136,27.2,5,46,41,4,1,1
1100,2020-06-05,2020,6,5,4,0,14,23,28,40,48,3,153,30.6,14,48,34,1,4,0
1101,2020-06-09,2020,6,9,1,0,5,37,43,49,50,3,184,36.8,5,50,45,4,1,0
1102,2020-06-12,2020,6,12,4,0,9,27,38,43,48,15,165,33.0,9,48,39,3,2,0
1103,2020-06-16,2020,6,16,1,0,4,26,27,29,41,15,127,25.4,4,41,37,3,2,0
1104,2020-06-19,2020,6,19,4,0,21,28,29,33,48,7,159,31.8,21,48,27,3,2,0
1105,2020-06-23,2020,6,23,1,0,2,7,16,36,47,18,108,21.6,2,47,45,2,3,1
1106,2020-06-26,2020,6,26,4,0,11,20,21,34,50,7,136,27.2,11,50,39,2,3,0
1107,2020-06-30,2020,6,30,1,0,2,11,27,36,39,3,115,23.0,2,39,37,3,2,0
1108,2020-07-03,2020,7,3,4,0,2,7,15,25,41,1,90,18.0,2,41,39,4,1,0
1109,2020-07-07,2020,7,7,1,0,2,7,13,20,45,18,87,17.4,2,45,43,3,2,1
1110,2020-07-10,2020,7,10,4,0,11,16,44,46,50,1,167,33.4,11,50,39,1,4,0
1111,2020-07-14,2020,7,14,1,0,20,21,28,48,49,3,166,33.2,20,49,29,2,3,0
1112,2020-07-17,2020,7,17,4,0,12,15,24,30,38,6,119,23.8,12,38,26,1,4,1
1113,2020-07-21,2020,7,21,1,0,17,20,22,32,41,3,132,26.4,17,41,24,2,3,0
1114,2020-07-24,2020,7,24,4,0,4,6,11,27,34,10,82,16.4,4,34,30,2,3,1
1115,2020-07-28,2020,7,28,1,0,3,28,30,38,40,8,139,27.8,3,40,37,1,4,1
1116,2020-07-31,2020,7,31,4,0,6,18,30,46,48,11,148,29.6,6,48,42,0,5,0
1117,2020-08-04,2020,8,4,1,0,4,28,34,38,47,16,151,30.2,4,47,43,1,4,1
1118,2020-08-07,2020,8,7,4,0,11,30,42,45,48,12,176,35.2,11,48,37,2,3,1
1119,2020-08-11,2020,8,11,1,0,27,29,39,40,42,6,177,35.4,27,42,15,3,2,1
1120,2020-08-14,2020,8,14,4,0,10,11,16,25,30,1,92,18.4,10,30,20,2,3,0
1121,2020-08-18,2020,8,18,1,0,6,22,30,39,49,2,146,29.2,6,49,43,2,3,1
1122,2020-08-21,2020,8,21,4,0,13,32,33,40,41,1,159,31.8,13,41,28,3,2,0
1123,2020-08-25,2020,8,25,1,0,7,20,32,34,48,1,141,28.2,7,48,41,1,4,0
1124,2020-08-28,2020,8,28,4,0,8,10,17,44,45,12,124,24.8,8,45,37,2,3,1
1125,2020-09-01,2020,9,1,1,0,16,21,22,36,39,5,134,26.8,16,39,23,2,3,0
1126,2020-09-04,2020,9,4,4,0,2,3,11,12,43,13,71,14.2,2,43,41,3,2,0
1127,2020-09-08,2020,9,8,1,0,12,13,14,36,50,6,125,25.0,12,50,38,1,4,1
1128,2020-09-11,2020,9,11,4,0,1,4,10,12,49,18,76,15.2,1,49,48,2,3,1
1129,2020-09-15,2020,9,15,1,0,3,18,32,40,46,7,139,27.8,3,46,43,1,4,0
1130,2020-09-18,2020,9,18,4,0,8,19,24,29,44,8,124,24.8,8,44,36,2,3,1
1131,2020-09-22,2020,9,22,1,0,3,10,28,31,41,7,113,22.6,3,41,38,3,2,0
1132,2020-09-25,2020,9,25,4,0,2,17,18,27,37,4,101,20.2,2,37,35,3,2,1
1133,2020-09-29,2020,9,29,1,0,7,12,16,28,38,13,101,20.2,7,38,31,1,4,0
1134,2020-10-02,2020,10,2,4,0,8,10,23,41,50,9,132,26.4,8,50,42,2,3,0
1135,2020-10-06,2020,10,6,1,0,6,21,25,29,33,9,114,22.8,6,33,27,4,1,0
1136,2020-10-09,2020,10,9,4,0,8,21,38,41,50,4,158,31.6,8,50,42,2,3,1
1137,2020-10-13,2020,10,13,1,0,13,15,20,27,28,7,103,20.6,13,28,15,3,2,0
1138,2020-10-16,2020,10,16,4,0,1,7,18,37,48,13,111,22.2,1,48,47,3,2,0
1139,2020-10-20,2020,10,20,1,0,15,20,29,32,45,4,141,28.2,15,45,30,3,2,1
1140,2020-10-23,2020,10,23,4,0,3,6,36,41,43,17,129,25.8,3,43,40,3,2,0
1141,2020-10-27,2020,10,27,1,0,19,25,41,45,46,12,176,35.2,19,46,27,4,1,1
1142,2020-10-30,2020,10,30,4,0,4,27,36,46,49,16,162,32.4,4,49,45,2,3,1
1143,2020-11-03,2020,11,3,1,0,1,2,25,36,39,12,103,20.6,1,39,38,3,2,1
1144,2020-11-06,2020,11,6,4,0,6,9,33,40,44,11,132,26.4,6,44,38,2,3,0
1145,2020-11-10,2020,11,10,1,0,6,23,30,35,36,14,130,26.0,6,36,30,2,3,1
1146,2020-11-13,2020,11,13,4,0,1,11,16,19,24,19,71,14.2,1,24,23,3,2,0
1147,2020-11-17,2020,11,17,1,0,11,12,36,37,38,12,134,26.8,11,38,27,2,3,1
1148,2020-11-20,2020,11,20,4,0,7,10,13,22,50,12,102,20.4,7,50,43,2,3,1
1149,2020-11-24,2020,11,24,1,0,13,15,30,43,47,18,148,29.6,13,47,34,4,1,1
1150,2020-11-27,2020,11,27,4,0,13,29,34,36,49,18,161,32.2,13,49,36,3,2,1
1151,2020-12-01,2020,12,1,1,0,5,6,7,8,9,10,35,7.0,5,9,4,3,2,1
1152,2020-12-04,2020,12,4,4,0,13,15,24,30,50,9,132,26.4,13,50,37,2,3,0
1153,2020-12-08,2020,12,8,1,0,6,16,35,37,40,2,134,26.8,6,40,34,2,3,1
1154,2020-12-11,2020,12,11,4,0,13,18,25,36,49,19,141,28.2,13,49,36,3,2,0
1155,2020-12-15,2020,12,15,1,0,3,7,13,34,50,6,107,21.4,3,50,47,3,2,1
1156,2020-12-18,2020,12,18,4,0,20,22,24,28,47,14,141,28.2,20,47,27,1,4,1
1157,2020-12-22,2020,12,22,1,0,9,12,15,27,42,14,105,21.0,9,42,33,3,2,1
1158,2020-12-29,2020,12,29,1,0,15,17,24,28,30,19,114,22.8,15,30,15,2,3,0
1159,2021-01-01,2021,1,1,4,0,1,7,24,30,44,1,106,21.2,1,44,43,2,3,0
1160,2021-01-05,2021,1,5,1,0,4,17,42,46,48,14,157,31.4,4,48,44,1,4,1
1161,2021-01-08,2021,1,8,4,0,11,16,28,32,41,6,128,25.6,11,41,30,2,3,1
1162,2021-01-12,2021,1,12,1,0,11,13,28,36,37,15,125,25.0,11,37,26,3,2,0
1163,2021-01-15,2021,1,15,4,0,24,31,40,45,48,20,188,37.6,24,48,24,2,3,1
1164,2021-01-19,2021,1,19,1,0,13,16,28,42,45,11,144,28.8,13,45,32,2,3,0
1165,2021-01-22,2021,1,22,4,0,11,14,36,37,44,19,142,28.4,11,44,33,2,3,0
1166,2021-01-26,2021,1,26,1,0,4,8,12,15,19,17,58,11.6,4,19,15,2,3,0
1167,2021-01-29,2021,1,29,4,0,2,11,16,22,47,19,98,19.6,2,47,45,2,3,0
1168,2021-02-02,2021,2,2,1,0,6,13,22,34,49,10,124,24.8,6,49,43,2,3,1
1169,2021-02-05,2021,2,5,4,0,8,16,19,20,50,18,113,22.6,8,50,42,1,4,1
1170,2021-02-09,2021,2,9,1,0,4,7,15,30,32,10,88,17.6,4,32,28,2,3,1
1171,2021-02-12,2021,2,12,4,0,3,15,35,39,41,5,133,26.6,3,41,38,5,0,0
1172,2021-02-16,2021,2,16,1,0,5,18,31,36,45,8,135,27.0,5,45,40,3,2,1
1173,2021-02-19,2021,2,19,4,0,3,17,20,25,47,3,112,22.4,3,47,44,4,1,0
1174,2021-02-23,2021,2,23,1,0,8,13,25,32,42,16,120,24.0,8,42,34,2,3,1
1175,2021-02-26,2021,2,26,4,0,1,3,7,41,44,11,96,19.2,1,44,43,4,1,0
1176,2021-03-02,2021,3,2,1,0,1,11,21,32,42,11,107,21.4,1,42,41,3,2,0
1177,2021-03-05,2021,3,5,4,0,6,15,39,40,48,17,148,29.6,6,48,42,2,3,0
1178,2021-03-09,2021,3,9,1,0,28,30,36,37,41,7,172,34.4,28,41,13,2,3,0
1179,2021-03-12,2021,3,12,4,0,7,15,29,34,39,2,124,24.8,7,39,32,4,1,1
1180,2021-03-16,2021,3,16,1,0,11,20,21,32,36,18,120,24.0,11,36,25,2,3,1
1181,2021-03-19,2021,3,19,4,0,5,16,27,32,46,18,126,25.2,5,46,41,2,3,1
1182,2021-03-23,2021,3,23,1,0,7,9,10,18,34,16,78,15.6,7,34,27,2,3,1
1183,2021-03-26,2021,3,26,4,0,5,25,27,42,47,15,146,29.2,5,47,42,4,1,0
1184,2021-03-30,2021,3,30,1,0,7,16,24,25,38,9,110,22.0,7,38,31,2,3,0
1185,2021-04-02,2021,4,2,4,0,4,8,15,25,26,17,78,15.6,4,26,22,2,3,0
1186,2021-04-06,2021,4,6,1,0,3,13,21,42,45,8,124,24.8,3,45,42,4,1,1
1187,2021-04-09,2021,4,9,4,0,18,31,39,45,46,17,179,35.8,18,46,28,3,2,0
1188,2021-04-13,2021,4,13,1,0,6,8,22,31,42,15,109,21.8,6,42,36,1,4,0
1189,2021-04-16,2021,4,16,4,0,2,5,12,25,49,20,93,18.6,2,49,47,3,2,1
1190,2021-04-20,2021,4,20,1,0,3,5,12,32,49,19,101,20.2,3,49,46,3,2,0
1191,2021-04-23,2021,4,23,4,0,5,14,19,30,35,12,103,20.6,5,35,30,3,2,1
1192,2021-04-27,2021,4,27,1,0,1,8,22,29,49,18,109,21.8,1,49,48,3,2,1
1193,2021-04-30,2021,4,30,4,0,6,12,22,38,45,4,123,24.6,6,45,39,1,4,1
1194,2021-05-04,2021,5,4,1,0,3,9,17,25,39,13,93,18.6,3,39,36,5,0,0
1195,2021-05-07,2021,5,7,4,0,4,7,19,20,49,19,99,19.8,4,49,45,3,2,0
1196,2021-05-11,2021,5,11,1,0,4,10,17,29,38,20,98,19.6,4,38,34,2,3,1
1197,2021-05-14,2021,5,14,4,0,3,16,28,31,48,11,126,25.2,3,48,45,2,3,0
1198,2021-05-18,2021,5,18,1,0,4,11,30,35,45,12,125,25.0,4,45,41,3,2,1
1199,2021-05-21,2021,5,21,4,0,19,21,24,45,50,5,159,31.8,19,50,31,3,2,0
1200,2021-05-25,2021,5,25,1,0,3,4,8,25,44,15,84,16.8,3,44,41,2,3,0
1201,2021-05-28,2021,5,28,4,0,31,33,36,38,44,4,182,36.4,31,44,13,2,3,1
1202,2021-06-01,2021,6,1,1,0,3,5,23,37,42,11,110,22.0,3,42,39,4,1,0
1203,2021-06-04,2021,6,4,4,0,17,34,37,39,44,10,171,34.2,17,44,27,3,2,1
1204,2021-06-08,2021,6,8,1,0,1,3,17,28,50,7,99,19.8,1,50,49,3,2,0
1205,2021-06-11,2021,6,11,4,0,9,12,27,37,48,7,133,26.6,9,48,39,3,2,0
1206,2021-06-15,2021,6,15,1,0,13,23,24,27,44,10,131,26.2,13,44,31,3,2,1
1207,2021-06-18,2021,6,18,4,0,3,8,19,28,49,11,107,21.4,3,49,46,3,2,0
1208,2021-06-22,2021,6,22,1,0,3,11,24,33,41,16,112,22.4,3,41,38,4,1,1
1209,2021-06-25,2021,6,25,4,0,4,16,34,36,46,6,136,27.2,4,46,42,0,5,1
1210,2021-06-29,2021,6,29,1,0,6,35,41,43,45,4,170,34.0,6,45,39,4,1,1
1211,2021-07-02,2021,7,2,4,0,20,30,34,38,43,7,165,33.0,20,43,23,1,4,0
1212,2021-07-06,2021,7,6,1,0,1,16,18,26,39,8,100,20.0,1,39,38,2,3,1
1213,2021-07-09,2021,7,9,4,0,3,12,29,31,38,15,113,22.6,3,38,35,3,2,0
1214,2021-07-13,2021,7,13,1,0,2,28,29,38,42,2,139,27.8,2,42,40,1,4,1
1215,2021-07-16,2021,7,16,4,0,20,22,25,41,45,5,153,30.6,20,45,25,3,2,0
1216,2021-07-20,2021,7,20,1,0,7,32,33,40,42,6,154,30.8,7,42,35,2,3,1
1217,2021-07-23,2021,7,23,4,0,21,45,47,48,49,18,210,42.0,21,49,28,4,1,1
1218,2021-07-27,2021,7,27,1,0,5,12,15,28,29,14,89,17.8,5,29,24,3,2,1
1219,2021-07-30,2021,7,30,4,0,4,12,27,35,50,1,128,25.6,4,50,46,2,3,0
1220,2021-08-03,2021,8,3,1,0,8,16,18,30,34,4,106,21.2,8,34,26,0,5,1
1221,2021-08-06,2021,8,6,4,0,7,13,18,20,25,6,83,16.6,7,25,18,3,2,1
1222,2021-08-10,2021,8,10,1,0,1,4,12,13,33,6,63,12.6,1,33,32,3,2,1
1223,2021-08-13,2021,8,13,4,0,5,23,41,42,50,2,161,32.2,5,50,45,3,2,1
1224,2021-08-17,2021,8,17,1,0,10,18,23,30,48,1,129,25.8,10,48,38,1,4,0
1225,2021-08-20,2021,8,20,4,0,6,21,33,37,50,18,147,29.4,6,50,44,3,2,1
1226,2021-08-24,2021,8,24,1,0,21,23,34,35,41,9,154,30.8,21,41,20,4,1,0
1227,2021-08-27,2021,8,27,4,0,6,10,11,45,47,13,119,23.8,6,47,41,3,2,0
1228,2021-08-31,2021,8,31,1,0,9,10,35,42,48,20,144,28.8,9,48,39,2,3,1
1229,2021-09-03,2021,9,3,4,0,2,9,18,42,43,8,114,22.8,2,43,41,2,3,1
1230,2021-09-07,2021,9,7,1,0,2,11,13,19,40,2,85,17.0,2,40,38,3,2,1
1231,2021-09-10,2021,9,10,4,0,8,12,17,28,43,13,108,21.6,8,43,35,2,3,0
1232,2021-09-14,2021,9,14,1,0,16,18,23,31,35,10,123,24.6,16,35,19,3,2,1
1233,2021-09-17,2021,9,17,4,0,8,10,17,26,39,14,100,20.0,8,39,31,2,3,1
1234,2021-09-21,2021,9,21,1,0,18,26,41,44,47,4,176,35.2,18,47,29,2,3,1
1235,2021-09-24,2021,9,24,4,0,14,17,24,31,43,15,129,25.8,14,43,29,3,2,0
1236,2021-09-28,2021,9,28,1,0,13,15,20,28,29,15,105,21.0,13,29,16,3,2,0
1237,2021-10-01,2021,10,1,4,0,24,25,38,40,49,2,176,35.2,24,49,25,2,3,1
1238,2021-10-05,2021,10,5,1,0,2,13,20,42,47,3,124,24.8,2,47,45,2,3,0
1239,2021-10-08,2021,10,8,4,0,4,14,18,24,38,9,98,19.6,4,38,34,0,5,0
1240,2021-10-12,2021,10,12,1,0,23,30,32,36,39,12,160,32.0,23,39,16,2,3,1
1241,2021-10-15,2021,10,15,4,0,15,30,44,45,48,15,182,36.4,15,48,33,2,3,0
1242,2021-10-19,2021,10,19,1,0,15,19,21,24,41,2,120,24.0,15,41,26,4,1,1
1243,2021-10-22,2021,10,22,4,0,3,8,17,40,47,13,115,23.0,3,47,44,3,2,0
1244,2021-10-26,2021,10,26,1,0,8,15,19,27,49,4,118,23.6,8,49,41,4,1,1
1245,2021-10-29,2021,10,29,4,0,29,42,45,47,49,8,212,42.4,29,49,20,4,1,1
1246,2021-11-02,2021,11,2,1,0,11,24,25,26,38,20,124,24.8,11,38,27,2,3,1
1247,2021-11-05,2021,11,5,4,0,9,15,38,40,42,2,144,28.8,9,42,33,2,3,1
1248,2021-11-09,2021,11,9,1,0,13,15,32,43,44,3,147,29.4,13,44,31,3,2,0
1249,2021-11-12,2021,11,12,4,0,2,24,27,41,49,17,143,28.6,2,49,47,3,2,0
1250,2021-11-16,2021,11,16,1,0,8,9,36,42,50,4,145,29.0,8,50,42,1,4,1
1251,2021-11-19,2021,11,19,4,0,4,16,39,40,50,9,149,29.8,4,50,46,1,4,0
1252,2021-11-23,2021,11,23,1,0,3,18,21,24,28,1,94,18.8,3,28,25,2,3,0
1253,2021-11-26,2021,11,26,4,0,5,7,11,19,38,14,80,16.0,5,38,33,4,1,1
1254,2021-11-30,2021,11,30,1,0,2,17,22,31,35,4,107,21.4,2,35,33,3,2,1
1255,2021-12-03,2021,12,3,4,0,9,19,20,30,31,10,109,21.8,9,31,22,3,2,1
1256,2021-12-07,2021,12,7,1,0,4,7,17,19,23,14,70,14.0,4,23,19,4,1,1
1257,2021-12-10,2021,12,10,4,0,23,24,27,48,49,3,171,34.2,23,49,26,3,2,0
1258,2021-12-14,2021,12,14,1,0,5,19,30,37,43,16,134,26.8,5,43,38,4,1,1
1259,2021-12-17,2021,12,17,4,0,19,28,34,38,48,4,167,33.4,19,48,29,1,4,1
1260,2021-12-21,2021,12,21,1,0,13,35,46,47,50,5,191,38.2,13,50,37,3,2,0
1261,2021-12-24,2021,12,24,4,0,6,10,11,29,41,16,97,19.4,6,41,35,3,2,1
1262,2021-12-28,2021,12,28,1,0,2,13,16,49,50,18,130,26.0,2,50,48,2,3,1
1263,2021-12-31,2021,12,31,4,0,27,30,33,38,49,5,177,35.4,27,49,22,3,2,0
1264,2022-01-04,2022,1,4,1,0,3,19,38,45,46,19,151,30.2,3,46,43,3,2,0
1265,2022-01-07,2022,1,7,4,0,10,12,37,42,43,2,144,28.8,10,43,33,2,3,1
1266,2022-01-11,2022,1,11,1,0,20,23,27,38,45,17,153,30.6,20,45,25,3,2,0
1267,2022-01-14,2022,1,14,4,0,12,22,26,29,49,20,138,27.6,12,49,37,2,3,1
1268,2022-01-18,2022,1,18,1,0,9,36,44,45,46,16,180,36.0,9,46,37,2,3,1
1269,2022-01-21,2022,1,21,4,0,10,14,19,34,37,12,114,22.8,10,37,27,2,3,1
1270,2022-01-25,2022,1,25,1,0,3,11,29,32,36,8,111,22.2,3,36,33,3,2,1
1271,2022-01-28,2022,1,28,4,0,1,12,21,26,48,18,108,21.6,1,48,47,2,3,1
1272,2022-02-01,2022,2,1,1,0,31,33,37,40,43,1,184,36.8,31,43,12,4,1,0
1273,2022-02-04,2022,2,4,4,0,2,10,11,23,24,11,70,14.0,2,24,22,2,3,0
1274,2022-02-08,2022,2,8,1,0,1,4,14,39,49,13,107,21.4,1,49,48,3,2,0
1275,2022-02-11,2022,2,11,4,0,9,18,34,36,49,12,146,29.2,9,49,40,2,3,1
1276,2022-02-15,2022,2,15,1,0,2,9,26,27,32,17,96,19.2,2,32,30,2,3,0
1277,2022-02-18,2022,2,18,4,0,2,15,31,47,48,15,143,28.6,2,48,46,3,2,0
1278,2022-02-22,2022,2,22,1,0,18,29,31,32,49,1,159,31.8,18,49,31,3,2,0
1279,2022-02-25,2022,2,25,4,0,6,12,26,40,45,1,129,25.8,6,45,39,1,4,0
1280,2022-03-01,2022,3,1,1,0,4,15,26,38,39,19,122,24.4,4,39,35,2,3,0
1281,2022-03-04,2022,3,4,4,0,9,17,33,46,49,5,154,30.8,9,49,40,4,1,0
1282,2022-03-08,2022,3,8,1,0,8,14,21,40,43,5,126,25.2,8,43,35,2,3,0
1283,2022-03-11,2022,3,11,4,0,5,11,24,37,47,2,124,24.8,5,47,42,4,1,1
1284,2022-03-15,2022,3,15,1,0,19,24,37,38,41,16,159,31.8,19,41,22,3,2,1
1285,2022-03-18,2022,3,18,4,0,3,12,15,19,22,8,71,14.2,3,22,19,3,2,1
1286,2022-03-22,2022,3,22,1,0,20,30,35,43,48,19,176,35.2,20,48,28,2,3,0
1287,2022-03-25,2022,3,25,4,0,15,28,32,43,50,17,168,33.6,15,50,35,2,3,0
1288,2022-03-29,2022,3,29,1,0,1,20,35,42,46,2,144,28.8,1,46,45,2,3,1
1289,2022-04-01,2022,4,1,4,0,11,17,21,37,47,7,133,26.6,11,47,36,5,0,0
1290,2022-04-05,2022,4,5,1,0,18,36,38,42,50,17,184,36.8,18,50,32,0,5,0
1291,2022-04-08,2022,4,8,4,0,7,12,13,16,38,16,86,17.2,7,38,31,2,3,1
1292,2022-04-12,2022,4,12,1,0,11,15,28,34,42,5,130,26.0,11,42,31,2,3,0
1293,2022-04-15,2022,4,15,4,0,4,10,12,35,39,4,100,20.0,4,39,35,2,3,1
1294,2022-04-19,2022,4,19,1,0,12,25,26,28,43,8,134,26.8,12,43,31,2,3,1
1295,2022-04-22,2022,4,22,4,0,13,20,30,38,42,9,143,28.6,13,42,29,1,4,0
1296,2022-04-26,2022,4,26,1,0,2,20,38,43,46,9,149,29.8,2,46,44,1,4,0
1297,2022-04-29,2022,4,29,4,0,5,10,25,34,50,16,124,24.8,5,50,45,2,3,1
1298,2022-05-03,2022,5,3,1,0,24,26,35,39,44,20,168,33.6,24,44,20,2,3,1
1299,2022-05-06,2022,5,6,4,0,4,14,30,34,38,14,120,24.0,4,38,34,0,5,1
1300,2022-05-10,2022,5,10,1,0,22,38,42,48,49,16,199,39.8,22,49,27,1,4,1
1301,2022-05-13,2022,5,13,4,0,9,14,15,35,49,13,122,24.4,9,49,40,4,1,0
1302,2022-05-17,2022,5,17,1,0,15,24,32,35,46,11,152,30.4,15,46,31,2,3,0
1303,2022-05-20,2022,5,20,4,0,2,14,19,24,39,9,98,19.6,2,39,37,2,3,0
1304,2022-05-24,2022,5,24,1,0,7,16,21,22,32,12,98,19.6,7,32,25,2,3,1
1305,2022-05-27,2022,5,27,4,0,7,24,26,27,50,18,134,26.8,7,50,43,2,3,1
1306,2022-05-31,2022,5,31,1,0,1,5,17,24,33,13,80,16.0,1,33,32,4,1,0
1307,2022-06-03,2022,6,3,4,0,12,17,20,21,33,6,103,20.6,12,33,21,3,2,1
1308,2022-06-07,2022,6,7,1,0,4,7,35,41,46,4,133,26.6,4,46,42,3,2,1
1309,2022-06-10,2022,6,10,4,0,12,25,26,27,49,13,139,27.8,12,49,37,3,2,0
1310,2022-06-14,2022,6,14,1,0,5,23,26,46,48,16,148,29.6,5,48,43,2,3,1
1311,2022-06-17,2022,6,17,4,0,4,22,32,46,48,16,152,30.4,4,48,44,0,5,1
1312,2022-06-21,2022,6,21,1,0,2,6,18,40,50,16,116,23.2,2,50,48,0,5,1
1313,2022-06-24,2022,6,24,4,0,4,13,25,38,44,13,124,24.8,4,44,40,2,3,0
1314,2022-06-28,2022,6,28,1,0,9,12,28,29,50,13,128,25.6,9,50,41,2,3,0
1315,2022-07-01,2022,7,1,4,0,6,8,13,21,28,1,76,15.2,6,28,22,2,3,0
1316,2022-07-05,2022,7,5,1,0,13,14,16,18,31,19,92,18.4,13,31,18,2,3,0
1317,2022-07-08,2022,7,8,4,0,4,9,19,21,37,15,90,18.0,4,37,33,4,1,0
1318,2022-07-12,2022,7,12,1,0,1,17,21,47,48,15,134,26.8,1,48,47,4,1,0
1319,2022-07-15,2022,7,15,4,0,3,9,36,44,50,16,142,28.4,3,50,47,2,3,1
1320,2022-07-19,2022,7,19,1,0,14,18,29,46,47,16,154,30.8,14,47,33,2,3,1
1321,2022-07-22,2022,7,22,4,0,5,18,19,20,48,1,110,22.0,5,48,43,2,3,0
1322,2022-07-26,2022,7,26,1,0,4,6,9,41,50,13,110,22.0,4,50,46,2,3,0
1323,2022-07-29,2022,7,29,4,0,7,14,28,32,36,8,117,23.4,7,36,29,1,4,1
1324,2022-08-02,2022,8,2,1,0,13,14,20,43,45,1,135,27.0,13,45,32,3,2,0
1325,2022-08-05,2022,8,5,4,0,16,18,21,32,44,18,131,26.2,16,44,28,1,4,1
1326,2022-08-09,2022,8,9,1,0,6,26,39,42,43,1,156,31.2,6,43,37,2,3,0
1327,2022-08-12,2022,8,12,4,0,24,30,38,39,44,16,175,35.0,24,44,20,1,4,1
1328,2022-08-16,2022,8,16,1,0,21,33,40,42,48,2,184,36.8,21,48,27,2,3,1
1329,2022-08-19,2022,8,19,4,0,23,36,39,40,43,3,181,36.2,23,43,20,3,2,0
1330,2022-08-23,2022,8,23,1,0,10,11,17,29,40,15,107,21.4,10,40,30,3,2,0
1331,2022-08-26,2022,8,26,4,0,3,11,17,23,45,15,99,19.8,3,45,42,5,0,0
1332,2022-08-30,2022,8,30,1,0,1,7,10,27,35,17,80,16.0,1,35,34,4,1,0
1333,2022-09-02,2022,9,2,4,0,1,12,18,20,41,5,92,18.4,1,41,40,2,3,0
1334,2022-09-06,2022,9,6,1,0,2,8,26,31,34,5,101,20.2,2,34,32,1,4,0
1335,2022-09-09,2022,9,9,4,0,9,14,22,35,47,4,127,25.4,9,47,38,3,2,1
1336,2022-09-13,2022,9,13,1,0,1,10,11,20,33,11,75,15.0,1,33,32,3,2,0
1337,2022-09-16,2022,9,16,4,0,7,16,27,28,29,17,107,21.4,7,29,22,3,2,0
1338,2022-09-20,2022,9,20,1,0,13,16,23,45,47,17,144,28.8,13,47,34,4,1,0
1339,2022-09-23,2022,9,23,4,0,9,25,42,46,47,16,169,33.8,9,47,38,3,2,1
1340,2022-09-27,2022,9,27,1,0,4,32,39,40,46,6,161,32.2,4,46,42,1,4,1
1341,2022-09-30,2022,9,30,4,0,7,27,29,35,50,3,148,29.6,7,50,43,4,1,0
1342,2022-10-04,2022,10,4,1,0,23,24,27,38,41,2,153,30.6,23,41,18,3,2,1
1343,2022-10-07,2022,10,7,4,0,3,12,16,33,45,15,109,21.8,3,45,42,3,2,0
1344,2022-10-11,2022,10,11,1,0,2,12,25,29,34,16,102,20.4,2,34,32,2,3,1
1345,2022-10-14,2022,10,14,4,0,6,17,22,33,37,2,115,23.0,6,37,31,3,2,1
1346,2022-10-18,2022,10,18,1,0,6,7,14,29,48,13,104,20.8,6,48,42,2,3,0
1347,2022-10-21,2022,10,21,4,0,16,18,26,35,41,3,136,27.2,16,41,25,2,3,0
1348,2022-10-25,2022,10,25,1,0,20,23,27,39,46,6,155,31.0,20,46,26,3,2,1
1349,2022-10-28,2022,10,28,4,0,15,25,30,32,40,9,142,28.4,15,40,25,2,3,0
1350,2022-11-01,2022,11,1,1,0,3,6,22,29,47,19,107,21.4,3,47,44,3,2,0
1351,2022-11-04,2022,11,4,4,0,1,8,29,35,40,15,113,22.6,1,40,39,3,2,0
1352,2022-11-08,2022,11,8,1,0,7,8,9,10,17,17,51,10.2,7,17,10,3,2,0
1353,2022-11-11,2022,11,11,4,0,1,28,34,35,39,18,137,27.4,1,39,38,3,2,1
1354,2022-11-15,2022,11,15,1,0,5,7,16,36,41,2,105,21.0,5,41,36,3,2,1
1355,2022-11-18,2022,11,18,4,0,13,24,29,47,50,5,163,32.6,13,50,37,3,2,0
1356,2022-11-22,2022,11,22,1,0,5,18,21,37,38,19,119,23.8,5,38,33,3,2,0
1357,2022-11-25,2022,11,25,4,0,7,16,26,34,40,11,123,24.6,7,40,33,1,4,0
1358,2022-11-29,2022,11,29,1,0,4,6,8,33,38,5,89,17.8,4,38,34,1,4,0
1359,2022-12-02,2022,12,2,4,0,12,14,28,31,34,5,119,23.8,12,34,22,1,4,0
1360,2022-12-06,2022,12,6,1,0,1,9,10,47,50,11,117,23.4,1,50,49,3,2,0
1361,2022-12-09,2022,12,9,4,0,2,9,17,45,48,14,121,24.2,2,48,46,3,2,1
1362,2022-12-13,2022,12,13,1,0,16,23,36,43,46,17,164,32.8,16,46,30,2,3,0
1363,2022-12-16,2022,12,16,4,0,26,28,36,43,48,11,181,36.2,26,48,22,1,4,0
1364,2022-12-20,2022,12,20,1,0,4,9,19,24,29,2,85,17.0,4,29,25,3,2,1
1365,2022-12-23,2022,12,23,4,0,3,12,13,18,46,1,92,18.4,3,46,43,2,3,0
1366,2022-12-27,2022,12,27,1,0,3,19,24,28,45,12,119,23.8,3,45,42,3,2,1
1367,2022-12-30,2022,12,30,4,0,5,8,27,33,48,7,121,24.2,5,48,43,3,2,0
1368,2023-01-03,2023,1,3,1,0,2,21,33,39,42,11,137,27.4,2,42,40,3,2,0
1369,2023-01-06,2023,1,6,4,0,6,20,31,37,46,4,140,28.0,6,46,40,2,3,1
1370,2023-01-10,2023,1,10,1,0,8,22,27,37,50,9,144,28.8,8,50,42,2,3,0
1371,2023-01-13,2023,1,13,4,0,12,19,25,29,41,2,126,25.2,12,41,29,4,1,1
1372,2023-01-17,2023,1,17,1,0,1,9,37,38,39,5,124,24.8,1,39,38,4,1,0
1373,2023-01-20,2023,1,20,4,0,5,12,15,39,47,8,118,23.6,5,47,42,4,1,1
1374,2023-01-24,2023,1,24,1,0,3,10,32,40,48,2,133,26.6,3,48,45,1,4,1
1375,2023-01-27,2023,1,27,4,0,27,34,36,40,50,2,187,37.4,27,50,23,1,4,1
1376,2023-01-31,2023,1,31,1,0,12,14,17,29,50,20,122,24.4,12,50,38,2,3,1
1377,2023-02-03,2023,2,3,4,0,17,32,35,42,43,6,169,33.8,17,43,26,3,2,1
1378,2023-02-07,2023,2,7,1,0,3,4,23,32,49,8,111,22.2,3,49,46,3,2,1
1379,2023-02-10,2023,2,10,4,0,3,5,21,42,46,6,117,23.4,3,46,43,3,2,1
1380,2023-02-14,2023,2,14,1,0,8,14,18,21,49,11,110,22.0,8,49,41,2,3,0
1381,2023-02-17,2023,2,17,4,0,1,2,4,19,24,19,50,10.0,1,24,23,2,3,0
1382,2023-02-21,2023,2,21,1,0,10,18,22,36,48,2,134,26.8,10,48,38,0,5,1
1383,2023-02-24,2023,2,24,4,0,7,23,31,38,43,11,142,28.4,7,43,36,4,1,0
1384,2023-02-28,2023,2,28,1,0,2,14,21,22,40,19,99,19.8,2,40,38,1,4,0
1385,2023-03-03,2023,3,3,4,0,18,20,41,47,50,14,176,35.2,18,50,32,2,3,1
1386,2023-03-07,2023,3,7,1,0,8,14,15,27,49,16,113,22.6,8,49,41,3,2,1
1387,2023-03-10,2023,3,10,4,0,12,19,22,27,37,6,117,23.4,12,37,25,3,2,1
1388,2023-03-14,2023,3,14,1,0,8,20,29,42,44,16,143,28.6,8,44,36,1,4,1
1389,2023-03-17,2023,3,17,4,0,21,22,27,41,43,5,154,30.8,21,43,22,4,1,0
1390,2023-03-21,2023,3,21,1,0,7,22,28,34,41,10,132,26.4,7,41,34,2,3,1
1391,2023-03-24,2023,3,24,4,0,6,27,33,45,46,14,157,31.4,6,46,40,3,2,1
1392,2023-03-28,2023,3,28,1,0,10,22,27,42,49,19,150,30.0,10,49,39,2,3,0
1393,2023-03-31,2023,3,31,4,0,7,20,41,42,49,7,159,31.8,7,49,42,3,2,0
1394,2023-04-04,2023,4,4,1,0,15,18,29,33,35,12,130,26.0,15,35,20,4,1,1
1395,2023-04-07,2023,4,7,4,0,9,15,21,22,26,13,93,18.6,9,26,17,3,2,0
1396,2023-04-11,2023,4,11,1,0,4,30,38,43,49,19,164,32.8,4,49,45,2,3,0
1397,2023-04-14,2023,4,14,4,0,16,20,33,37,44,16,150,30.0,16,44,28,2,3,1
1398,2023-04-18,2023,4,18,1,0,3,5,8,15,25,16,56,11.2,3,25,22,4,1,1
1399,2023-04-21,2023,4,21,4,0,2,3,6,12,49,10,72,14.4,2,49,47,2,3,1
1400,2023-04-25,2023,4,25,1,0,10,12,13,23,47,16,105,21.0,10,47,37,3,2,1
1401,2023-04-28,2023,4,28,4,0,20,21,28,35,44,11,148,29.6,20,44,24,2,3,0
1402,2023-05-02,2023,5,2,1,0,13,16,17,41,43,18,130,26.0,13,43,30,4,1,1
1403,2023-05-05,2023,5,5,4,0,2,20,24,29,43,20,118,23.6,2,43,41,2,3,1
1404,2023-05-09,2023,5,9,1,0,2,4,16,17,34,19,73,14.6,2,34,32,1,4,0
1405,2023-05-12,2023,5,12,4,0,5,11,30,40,47,18,133,26.6,5,47,42,3,2,1
1406,2023-05-16,2023,5,16,1,0,1,5,14,36,45,19,101,20.2,1,45,44,3,2,0
1407,2023-05-19,2023,5,19,4,0,3,16,22,42,49,19,132,26.4,3,49,46,2,3,0
1408,2023-05-23,2023,5,23,1,0,20,24,26,28,38,13,136,27.2,20,38,18,0,5,0
1409,2023-05-26,2023,5,26,4,0,4,9,21,22,41,7,97,19.4,4,41,37,3,2,0
1410,2023-05-30,2023,5,30,1,0,3,7,38,48,50,16,146,29.2,3,50,47,2,3,1
1411,2023-06-02,2023,6,2,4,0,1,4,5,12,25,14,47,9.4,1,25,24,3,2,1
1412,2023-06-06,2023,6,6,1,0,3,9,15,38,44,12,109,21.8,3,44,41,3,2,1
1413,2023-06-09,2023,6,9,4,0,5,17,22,27,37,2,108,21.6,5,37,32,4,1,1
1414,2023-06-13,2023,6,13,1,0,10,28,31,35,42,1,146,29.2,10,42,32,2,3,0
1415,2023-06-16,2023,6,16,4,0,13,21,26,30,50,2,140,28.0,13,50,37,2,3,1
1416,2023-06-20,2023,6,20,1,0,20,24,33,44,48,6,169,33.8,20,48,28,1,4,1
1417,2023-06-23,2023,6,23,4,0,19,37,41,43,47,16,187,37.4,19,47,28,5,0,1
1418,2023-06-27,2023,6,27,1,0,7,21,33,45,46,12,152,30.4,7,46,39,4,1,1
1419,2023-06-30,2023,6,30,4,0,9,17,27,36,37,16,126,25.2,9,37,28,4,1,1
1420,2023-07-04,2023,7,4,1,0,13,29,30,31,47,8,150,30.0,13,47,34,4,1,1
1421,2023-07-07,2023,7,7,4,0,8,21,25,26,29,18,109,21.8,8,29,21,3,2,1
1422,2023-07-11,2023,7,11,1,0,10,19,20,22,48,19,119,23.8,10,48,38,1,4,0
1423,2023-07-14,2023,7,14,4,0,1,22,31,32,41,9,127,25.4,1,41,40,3,2,0
1424,2023-07-18,2023,7,18,1,0,5,21,33,45,50,5,154,30.8,5,50,45,4,1,0
1425,2023-07-21,2023,7,21,4,0,19,21,25,31,48,20,144,28.8,19,48,29,4,1,1
1426,2023-07-25,2023,7,25,1,0,14,24,25,44,48,4,155,31.0,14,48,34,1,4,1
1427,2023-07-28,2023,7,28,4,0,2,6,11,20,47,7,86,17.2,2,47,45,2,3,0
1428,2023-08-01,2023,8,1,1,0,1,16,30,38,46,10,131,26.2,1,46,45,1,4,1
1429,2023-08-04,2023,8,4,4,0,19,27,28,37,43,4,154,30.8,19,43,24,4,1,1
1430,2023-08-08,2023,8,8,1,0,17,18,26,39,46,4,146,29.2,17,46,29,2,3,1
1431,2023-08-11,2023,8,11,4,0,30,35,42,43,44,5,194,38.8,30,44,14,2,3,0
1432,2023-08-15,2023,8,15,1,0,7,9,16,34,38,11,104,20.8,7,38,31,2,3,0
1433,2023-08-18,2023,8,18,4,0,1,3,6,7,16,1,33,6.6,1,16,15,3,2,0
1434,2023-08-22,2023,8,22,1,0,5,10,16,19,29,10,79,15.8,5,29,24,3,2,1
1435,2023-08-25,2023,8,25,4,0,3,4,7,13,24,5,51,10.2,3,24,21,3,2,0
1436,2023-08-29,2023,8,29,1,0,8,23,31,36,44,17,142,28.4,8,44,36,2,3,0
1437,2023-09-01,2023,9,1,4,0,1,3,8,33,49,4,94,18.8,1,49,48,4,1,1
1438,2023-09-05,2023,9,5,1,0,4,12,18,24,50,12,108,21.6,4,50,46,0,5,1
1439,2023-09-08,2023,9,8,4,0,5,8,14,35,36,12,98,19.6,5,36,31,2,3,1
1440,2023-09-12,2023,9,12,1,0,3,15,18,36,45,20,117,23.4,3,45,42,3,2,1
1441,2023-09-15,2023,9,15,4,0,3,21,28,35,46,19,133,26.6,3,46,43,3,2,0
1442,2023-09-19,2023,9,19,1,0,15,18,36,43,46,18,158,31.6,15,46,31,2,3,1
1443,2023-09-22,2023,9,22,4,0,8,9,19,26,27,5,89,17.8,8,27,19,3,2,0
1444,2023-09-26,2023,9,26,1,0,8,22,25,35,44,2,134,26.8,8,44,36,2,3,1
1445,2023-09-29,2023,9,29,4,0,6,14,27,31,47,14,125,25.0,6,47,41,3,2,1
1446,2023-10-03,2023,10,3,1,0,3,8,15,24,45,14,95,19.0,3,45,42,3,2,1
1447,2023-10-06,2023,10,6,4,0,19,21,25,41,49,9,155,31.0,19,49,30,5,0,0
1448,2023-10-10,2023,10,10,1,0,7,15,19,20,49,10,110,22.0,7,49,42,4,1,1
1449,2023-10-13,2023,10,13,4,0,9,11,39,41,44,19,144,28.8,9,44,35,4,1,0
1450,2023-10-17,2023,10,17,1,0,5,18,29,36,49,18,137,27.4,5,49,44,3,2,1
1451,2023-10-20,2023,10,20,4,0,3,7,13,18,42,12,83,16.6,3,42,39,3,2,1
1452,2023-10-24,2023,10,24,1,0,1,10,33,37,46,4,127,25.4,1,46,45,3,2,1
1453,2023-10-27,2023,10,27,4,0,16,17,21,31,36,15,121,24.2,16,36,20,3,2,0
1454,2023-10-31,2023,10,31,1,0,10,15,19,36,48,4,128,25.6,10,48,38,2,3,1
1455,2023-11-03,2023,11,3,4,0,1,8,24,26,31,2,90,18.0,1,31,30,2,3,1
1456,2023-11-07,2023,11,7,1,0,3,13,28,31,40,15,115,23.0,3,40,37,3,2,0
1457,2023-11-10,2023,11,10,4,0,3,18,21,37,46,3,125,25.0,3,46,43,3,2,0
1458,2023-11-14,2023,11,14,1,0,10,24,30,33,44,20,141,28.2,10,44,34,1,4,1
1459,2023-11-17,2023,11,17,4,0,4,20,24,30,42,8,120,24.0,4,42,38,0,5,1
1460,2023-11-21,2023,11,21,1,0,3,13,24,45,49,10,134,26.8,3,49,46,4,1,1
1461,2023-11-24,2023,11,24,4,0,21,32,40,41,47,4,181,36.2,21,47,26,3,2,1
1462,2023-11-28,2023,11,28,1,0,4,17,25,26,46,5,118,23.6,4,46,42,2,3,0
1463,2023-12-01,2023,12,1,4,0,16,18,44,46,48,8,172,34.4,16,48,32,0,5,1
1464,2023-12-05,2023,12,5,1,0,19,20,21,30,39,12,129,25.8,19,39,20,3,2,1
1465,2023-12-08,2023,12,8,4,0,2,22,24,32,33,1,113,22.6,2,33,31,1,4,0
1466,2023-12-12,2023,12,12,1,0,7,9,15,38,41,17,110,22.0,7,41,34,4,1,0
1467,2023-12-15,2023,12,15,4,0,16,24,34,38,44,13,156,31.2,16,44,28,0,5,0
1468,2023-12-19,2023,12,19,1,0,4,17,25,28,35,2,109,21.8,4,35,31,3,2,1
1469,2023-12-22,2023,12,22,4,0,24,27,29,34,38,16,152,30.4,24,38,14,2,3,1
1470,2023-12-26,2023,12,26,1,0,6,29,30,34,38,12,137,27.4,6,38,32,1,4,1
1471,2023-12-29,2023,12,29,4,0,17,21,38,48,49,15,173,34.6,17,49,32,3,2,0
1472,2024-01-02,2024,1,2,1,0,9,20,23,46,50,5,148,29.6,9,50,41,2,3,0
1473,2024-01-05,2024,1,5,4,0,2,18,31,43,50,7,144,28.8,2,50,48,2,3,0
1474,2024-01-09,2024,1,9,1,0,12,20,24,33,43,19,132,26.4,12,43,31,2,3,0
1475,2024-01-12,2024,1,12,4,0,15,29,36,45,49,5,174,34.8,15,49,34,4,1,0
1476,2024-01-16,2024,1,16,1,0,5,29,40,42,47,6,163,32.6,5,47,42,3,2,1
1477,2024-01-19,2024,1,19,4,0,11,18,20,41,46,15,136,27.2,11,46,35,2,3,0
1478,2024-01-23,2024,1,23,1,0,9,16,21,26,39,16,111,22.2,9,39,30,3,2,1
1479,2024-01-26,2024,1,26,4,0,1,6,13,20,21,12,61,12.2,1,21,20,3,2,1
1480,2024-01-30,2024,1,30,1,0,1,8,30,39,44,3,122,24.4,1,44,43,2,3,0
1481,2024-02-02,2024,2,2,4,0,21,35,37,43,46,19,182,36.4,21,46,25,4,1,0
1482,2024-02-06,2024,2,6,1,0,2,6,10,18,28,15,64,12.8,2,28,26,0,5,0
1483,2024-02-09,2024,2,9,4,0,8,16,24,29,36,17,113,22.6,8,36,28,1,4,0
1484,2024-02-13,2024,2,13,1,0,13,15,30,32,46,17,136,27.2,13,46,33,2,3,0
1485,2024-02-16,2024,2,16,4,0,18,33,35,46,48,16,180,36.0,18,48,30,2,3,1
1486,2024-02-20,2024,2,20,1,0,4,13,16,21,32,4,86,17.2,4,32,28,2,3,1
1487,2024-02-23,2024,2,23,4,0,3,19,22,35,38,17,117,23.4,3,38,35,3,2,0
1488,2024-02-27,2024,2,27,1,0,12,13,33,39,43,4,140,28.0,12,43,31,4,1,1
1489,2024-03-01,2024,3,1,4,0,10,30,35,42,46,10,163,32.6,10,46,36,1,4,1
1490,2024-03-05,2024,3,5,1,0,2,4,23,27,31,4,87,17.4,2,31,29,3,2,1
1491,2024-03-08,2024,3,8,4,0,7,18,19,27,28,14,99,19.8,7,28,21,3,2,1
1492,2024-03-12,2024,3,12,1,0,2,18,21,47,48,9,136,27.2,2,48,46,2,3,0
1493,2024-03-15,2024,3,15,4,0,4,9,20,22,33,20,88,17.6,4,33,29,2,3,1
1494,2024-03-19,2024,3,19,1,0,7,15,19,26,36,15,103,20.6,7,36,29,3,2,0
1495,2024-03-22,2024,3,22,4,0,9,10,36,43,44,7,142,28.4,9,44,35,2,3,0
1496,2024-03-26,2024,3,26,1,0,11,15,35,41,45,12,147,29.4,11,45,34,5,0,1
1497,2024-03-29,2024,3,29,4,0,1,13,24,25,35,4,98,19.6,1,35,34,4,1,1
1498,2024-04-02,2024,4,2,1,0,13,20,28,39,47,18,147,29.4,13,47,34,3,2,1
1499,2024-04-05,2024,4,5,4,0,6,8,16,28,36,18,94,18.8,6,36,30,0,5,1
1500,2024-04-09,2024,4,9,1,0,5,7,31,36,42,10,121,24.2,5,42,37,3,2,1
1501,2024-04-12,2024,4,12,4,0,22,26,42,43,45,20,178,35.6,22,45,23,2,3,1
1502,2024-04-16,2024,4,16,1,0,6,14,26,32,41,3,119,23.8,6,41,35,1,4,0
1503,2024-04-19,2024,4,19,4,0,4,17,18,44,48,19,131,26.2,4,48,44,1,4,0
1504,2024-04-23,2024,4,23,1,0,13,20,26,37,42,7,138,27.6,13,42,29,2,3,0
1505,2024-04-26,2024,4,26,4,0,5,12,13,17,32,12,79,15.8,5,32,27,3,2,1
1506,2024-04-30,2024,4,30,1,0,5,8,14,33,36,2,96,19.2,5,36,31,2,3,1
1507,2024-05-03,2024,5,3,4,0,28,31,33,37,44,2,173,34.6,28,44,16,3,2,1
1508,2024-05-07,2024,5,7,1,0,2,4,10,39,40,11,95,19.0,2,40,38,1,4,0
1509,2024-05-10,2024,5,10,4,0,9,21,33,43,44,10,150,30.0,9,44,35,4,1,1
1510,2024-05-14,2024,5,14,1,0,4,9,39,41,44,19,137,27.4,4,44,40,3,2,0
1511,2024-05-17,2024,5,17,4,0,18,22,23,31,32,18,126,25.2,18,32,14,2,3,1
1512,2024-05-21,2024,5,21,1,0,3,9,16,26,38,8,92,18.4,3,38,35,2,3,1
1513,2024-05-24,2024,5,24,4,0,4,14,16,18,25,11,77,15.4,4,25,21,1,4,0
1514,2024-05-28,2024,5,28,1,0,2,3,23,39,45,14,112,22.4,2,45,43,4,1,1
1515,2024-05-31,2024,5,31,4,0,17,20,22,35,43,7,137,27.4,17,43,26,3,2,0
1516,2024-06-04,2024,6,4,1,0,4,15,38,41,42,17,140,28.0,4,42,38,2,3,0
1517,2024-06-07,2024,6,7,4,0,6,9,17,37,41,19,110,22.0,6,41,35,4,1,0
1518,2024-06-11,2024,6,11,1,0,12,22,25,43,50,16,152,30.4,12,50,38,2,3,1
1519,2024-06-14,2024,6,14,4,0,19,24,40,45,49,7,177,35.4,19,49,30,3,2,0
1520,2024-06-18,2024,6,18,1,0,9,13,18,45,49,2,134,26.8,9,49,40,4,1,1
1521,2024-06-21,2024,6,21,4,0,9,29,30,33,49,10,150,30.0,9,49,40,4,1,1
1522,2024-06-25,2024,6,25,1,0,3,32,40,42,49,5,166,33.2,3,49,46,2,3,0
1523,2024-06-28,2024,6,28,4,0,19,22,31,40,47,5,159,31.8,19,47,28,3,2,0
1524,2024-07-02,2024,7,2,1,0,6,15,20,32,42,5,115,23.0,6,42,36,1,4,0
1525,2024-07-05,2024,7,5,4,0,18,19,22,38,49,15,146,29.2,18,49,31,2,3,0
1526,2024-07-09,2024,7,9,1,0,2,7,19,31,45,4,104,20.8,2,45,43,4,1,1
1527,2024-07-12,2024,7,12,4,0,5,10,26,37,44,15,122,24.4,5,44,39,2,3,0
1528,2024-07-16,2024,7,16,1,0,2,10,22,48,49,7,131,26.2,2,49,47,1,4,0
1529,2024-07-19,2024,7,19,4,0,2,6,9,31,37,6,85,17.0,2,37,35,3,2,1
1530,2024-07-23,2024,7,23,1,0,3,11,16,26,48,7,104,20.8,3,48,45,2,3,0
1531,2024-07-26,2024,7,26,4,0,6,9,12,38,39,17,104,20.8,6,39,33,2,3,0
1532,2024-07-30,2024,7,30,1,0,7,15,20,32,46,4,120,24.0,7,46,39,2,3,1
1533,2024-08-02,2024,8,2,4,0,2,5,10,31,32,11,80,16.0,2,32,30,2,3,0
1534,2024-08-06,2024,8,6,1,0,5,31,34,40,46,10,156,31.2,5,46,41,2,3,1
1535,2024-08-09,2024,8,9,4,0,7,13,28,37,44,6,129,25.8,7,44,37,3,2,1
1536,2024-08-13,2024,8,13,1,0,6,34,35,42,46,11,163,32.6,6,46,40,1,4,0
1537,2024-08-16,2024,8,16,4,0,9,14,15,22,36,1,96,19.2,9,36,27,2,3,0
1538,2024-08-20,2024,8,20,1,0,5,7,13,23,40,7,88,17.6,5,40,35,4,1,0
1539,2024-08-23,2024,8,23,4,0,20,22,37,39,40,7,158,31.6,20,40,20,2,3,0
1540,2024-08-27,2024,8,27,1,0,13,35,39,42,49,2,178,35.6,13,49,36,4,1,1
1541,2024-08-30,2024,8,30,4,0,8,27,33,43,48,14,159,31.8,8,48,40,3,2,1
1542,2024-09-03,2024,9,3,1,0,2,9,30,38,47,2,126,25.2,2,47,45,2,3,1
1543,2024-09-06,2024,9,6,4,0,10,17,23,44,46,4,140,28.0,10,46,36,2,3,1
1544,2024-09-10,2024,9,10,1,0,16,17,18,47,48,6,146,29.2,16,48,32,2,3,1
1545,2024-09-13,2024,9,13,4,0,2,10,25,37,43,7,117,23.4,2,43,41,3,2,0
1546,2024-09-17,2024,9,17,1,0,23,26,43,44,49,16,185,37.0,23,49,26,3,2,1
1547,2024-09-20,2024,9,20,4,0,6,12,16,18,47,19,99,19.8,6,47,41,1,4,0
1548,2024-09-24,2024,9,24,1,0,19,23,30,31,38,19,141,28.2,19,38,19,3,2,0
1549,2024-09-27,2024,9,27,4,0,12,22,29,43,47,10,153,30.6,12,47,35,3,2,1
1550,2024-10-01,2024,10,1,1,0,3,10,14,25,39,1,91,18.2,3,39,36,3,2,0
1551,2024-10-04,2024,10,4,4,0,2,8,24,42,48,17,124,24.8,2,48,46,0,5,0
1552,2024-10-08,2024,10,8,1,0,3,13,31,37,40,9,124,24.8,3,40,37,4,1,0
1553,2024-10-11,2024,10,11,4,0,3,8,13,46,48,11,118,23.6,3,48,45,2,3,0
1554,2024-10-15,2024,10,15,1,0,14,32,35,39,44,17,164,32.8,14,44,30,2,3,0
1555,2024-10-18,2024,10,18,4,0,4,12,28,33,48,14,125,25.0,4,48,44,1,4,1
1556,2024-10-22,2024,10,22,1,0,2,23,27,45,49,12,146,29.2,2,49,47,4,1,1
1557,2024-10-25,2024,10,25,4,0,10,38,39,42,49,17,178,35.6,10,49,39,2,3,0
1558,2024-10-29,2024,10,29,1,0,1,19,30,37,40,16,127,25.4,1,40,39,3,2,1
1559,2024-11-01,2024,11,1,4,0,3,12,17,29,38,18,99,19.8,3,38,35,3,2,1
1560,2024-11-05,2024,11,5,1,0,10,14,20,36,43,17,123,24.6,10,43,33,1,4,0
1561,2024-11-08,2024,11,8,4,0,4,5,29,35,45,7,118,23.6,4,45,41,4,1,0
1562,2024-11-12,2024,11,12,1,0,4,5,18,39,42,14,108,21.6,4,42,38,2,3,1
1563,2024-11-15,2024,11,15,4,0,5,18,21,23,31,18,98,19.6,5,31,26,4,1,1
1564,2024-11-19,2024,11,19,1,0,3,11,17,21,37,6,89,17.8,3,37,34,5,0,1
1565,2024-11-22,2024,11,22,4,0,15,17,19,43,49,8,143,28.6,15,49,34,5,0,1
1566,2024-11-26,2024,11,26,1,0,12,18,22,36,38,12,126,25.2,12,38,26,0,5,1
1567,2024-11-29,2024,11,29,4,0,5,16,27,32,40,1,120,24.0,5,40,35,2,3,0
1568,2024-12-03,2024,12,3,1,0,6,9,11,23,27,10,76,15.2,6,27,21,4,1,1
1569,2024-12-06,2024,12,6,4,0,5,15,19,32,35,11,106,21.2,5,35,30,4,1,0
1570,2024-12-10,2024,12,10,1,0,1,6,29,39,44,17,119,23.8,1,44,43,3,2,0
1571,2024-12-13,2024,12,13,4,0,3,28,39,40,49,14,159,31.8,3,49,46,3,2,1
1572,2024-12-17,2024,12,17,1,0,12,21,28,32,40,12,133,26.6,12,40,28,1,4,1
1573,2024-12-20,2024,12,20,4,0,1,16,20,41,48,8,126,25.2,1,48,47,2,3,1
1574,2024-12-24,2024,12,24,1,0,5,7,8,12,18,9,50,10.0,5,18,13,2,3,0
1575,2024-12-27,2024,12,27,4,0,6,10,23,30,47,18,116,23.2,6,47,41,2,3,1
1576,2024-12-31,2024,12,31,1,0,1,26,31,32,47,2,137,27.4,1,47,46,3,2,1
1577,2025-01-03,2025,1,3,4,0,6,9,10,25,47,1,97,19.4,6,47,41,3,2,0
1578,2025-01-07,2025,1,7,1,0,9,12,27,39,42,18,129,25.8,9,42,33,3,2,1
1579,2025-01-10,2025,1,10,4,0,10,14,33,44,47,2,148,29.6,10,47,37,2,3,1
1580,2025-01-14,2025,1,14,1,0,20,23,30,34,44,7,151,30.2,20,44,24,1,4,0
1581,2025-01-17,2025,1,17,4,0,4,11,27,39,40,8,121,24.2,4,40,36,3,2,1
1582,2025-01-21,2025,1,21,1,0,1,2,15,23,37,4,78,15.6,1,37,36,4,1,1
1583,2025-01-24,2025,1,24,4,0,12,15,24,43,49,18,143,28.6,12,49,37,3,2,1
1584,2025-01-28,2025,1,28,1,0,17,21,26,42,43,14,149,29.8,17,43,26,3,2,1
1585,2025-01-31,2025,1,31,4,0,3,27,36,40,47,15,153,30.6,3,47,44,3,2,0
1586,2025-02-04,2025,2,4,1,0,19,23,27,41,49,8,159,31.8,19,49,30,5,0,1
1587,2025-02-07,2025,2,7,4,0,7,30,34,42,49,1,162,32.4,7,49,42,2,3,0
1588,2025-02-11,2025,2,11,1,0,7,15,21,23,33,13,99,19.8,7,33,26,5,0,0
1589,2025-02-14,2025,2,14,4,0,2,8,25,37,44,18,116,23.2,2,44,42,2,3,1
1590,2025-02-18,2025,2,18,1,0,16,19,34,36,43,16,148,29.6,16,43,27,2,3,1
1591,2025-02-21,2025,2,21,4,0,2,3,15,17,42,5,79,15.8,2,42,40,3,2,0
1592,2025-02-25,2025,2,25,1,0,18,23,27,34,44,18,146,29.2,18,44,26,2,3,1
1593,2025-02-28,2025,2,28,4,0,11,19,20,21,44,6,115,23.0,11,44,33,3,2,1
1594,2025-03-04,2025,3,4,1,0,20,23,35,43,50,15,171,34.2,20,50,30,3,2,0
1595,2025-03-07,2025,3,7,4,0,12,13,16,28,46,3,115,23.0,12,46,34,1,4,0
1596,2025-03-11,2025,3,11,1,0,8,28,30,44,48,2,158,31.6,8,48,40,0,5,1
1597,2025-03-14,2025,3,14,4,0,7,32,38,45,46,2,168,33.6,7,46,39,2,3,1
1598,2025-03-18,2025,3,18,1,0,15,22,29,35,43,10,144,28.8,15,43,28,4,1,1
1599,2025-03-21,2025,3,21,4,0,9,16,24,32,50,19,131,26.2,9,50,41,1,4,0
1600,2025-03-25,2025,3,25,1,0,22,32,38,39,40,10,171,34.2,22,40,18,1,4,1
1601,2025-03-28,2025,3,28,4,0,1,6,13,14,35,3,69,13.8,1,35,34,3,2,0
1602,2025-04-01,2025,4,1,1,0,1,6,12,13,36,7,68,13.6,1,36,35,2,3,0
1603,2025-04-04,2025,4,4,4,0,8,20,35,36,38,2,137,27.4,8,38,30,1,4,1
1604,2025-04-08,2025,4,8,1,0,1,16,23,37,42,6,119,23.8,1,42,41,3,2,1
1605,2025-04-11,2025,4,11,4,0,5,12,14,22,48,18,101,20.2,5,48,43,1,4,1
1606,2025-04-15,2025,4,15,1,0,19,24,38,40,41,2,162,32.4,19,41,22,2,3,1
1607,2025-04-18,2025,4,18,4,0,15,17,22,33,45,12,132,26.4,15,45,30,4,1,1
1608,2025-04-22,2025,4,22,1,0,18,32,33,38,43,9,164,32.8,18,43,25,2,3,0
1609,2025-04-25,2025,4,25,4,0,5,9,13,46,47,11,120,24.0,5,47,42,4,1,0
1610,2025-04-29,2025,4,29,1,0,5,14,32,33,45,13,129,25.8,5,45,40,3,2,0
1611,2025-05-02,2025,5,2,4,0,2,6,17,37,47,9,109,21.8,2,47,45,3,2,0
1612,2025-05-06,2025,5,6,1,0,19,20,32,35,37,19,143,28.6,19,37,18,3,2,0
1613,2025-05-09,2025,5,9,4,0,5,6,14,38,50,10,113,22.6,5,50,45,1,4,1
1614,2025-05-13,2025,5,13,1,0,11,21,29,37,39,12,137,27.4,11,39,28,5,0,1
1615,2025-05-16,2025,5,16,4,0,9,16,20,28,39,19,112,22.4,9,39,30,2,3,0
1616,2025-05-20,2025,5,20,1,0,13,26,31,32,47,18,149,29.8,13,47,34,3,2,1
1617,2025-05-23,2025,5,23,4,0,1,17,18,27,49,15,112,22.4,1,49,48,4,1,0
1618,2025-05-27,2025,5,27,1,0,13,22,33,38,50,15,156,31.2,13,50,37,2,3,0
1619,2025-05-30,2025,5,30,4,0,10,13,34,43,46,1,146,29.2,10,46,36,2,3,0
1620,2025-06-03,2025,6,3,1,0,5,26,40,47,50,14,168,33.6,5,50,45,2,3,1
1621,2025-06-06,2025,6,6,4,0,9,24,34,41,44,2,152,30.4,9,44,35,2,3,1
1622,2025-06-10,2025,6,10,1,0,5,11,23,29,48,1,116,23.2,5,48,43,4,1,0
1623,2025-06-13,2025,6,13,4,0,1,21,34,46,47,12,149,29.8,1,47,46,3,2,1
1624,2025-06-17,2025,6,17,1,0,5,23,26,38,43,4,135,27.0,5,43,38,3,2,1
1625,2025-06-20,2025,6,20,4,0,22,23,25,29,42,8,141,28.2,22,42,20,3,2,1
1626,2025-06-24,2025,6,24,1,0,2,22,27,36,39,19,126,25.2,2,39,37,2,3,0
1627,2025-06-27,2025,6,27,4,0,11,23,32,41,47,17,154,30.8,11,47,36,4,1,0
1628,2025-07-01,2025,7,1,1,0,8,9,26,30,31,8,104,20.8,8,31,23,2,3,1
1629,2025-07-04,2025,7,4,4,0,15,16,22,30,32,7,115,23.0,15,32,17,1,4,0
1630,2025-07-08,2025,7,8,1,0,14,19,37,44,48,17,162,32.4,14,48,34,2,3,0
1631,2025-07-11,2025,7,11,4,0,1,7,8,15,20,15,51,10.2,1,20,19,3,2,0
1632,2025-07-15,2025,7,15,1,0,5,21,26,28,39,6,119,23.8,5,39,34,3,2,1
1633,2025-07-18,2025,7,18,4,0,10,15,26,31,41,5,123,24.6,10,41,31,3,2,0
1634,2025-07-22,2025,7,22,1,0,3,8,10,27,49,1,97,19.4,3,49,46,3,2,0
1635,2025-07-25,2025,7,25,4,0,3,29,35,39,42,5,148,29.6,3,42,39,4,1,0
1636,2025-07-29,2025,7,29,1,0,4,17,20,24,30,19,95,19.0,4,30,26,1,4,0
1637,2025-08-01,2025,8,1,4,0,5,31,33,34,40,13,143,28.6,5,40,35,3,2,0
1638,2025-08-05,2025,8,5,1,0,10,32,34,40,48,14,164,32.8,10,48,38,0,5,1
1639,2025-08-08,2025,8,8,4,0,13,26,39,41,48,18,167,33.4,13,48,35,3,2,1
1640,2025-08-12,2025,8,12,1,0,8,10,20,41,48,4,127,25.4,8,48,40,1,4,1
1641,2025-08-15,2025,8,15,4,0,4,11,19,32,33,12,99,19.8,4,33,29,3,2,1
1642,2025-08-19,2025,8,19,1,0,2,10,22,27,40,17,101,20.2,2,40,38,1,4,0
1643,2025-08-22,2025,8,22,4,0,4,10,27,37,50,18,128,25.6,4,50,46,2,3,1
1644,2025-08-26,2025,8,26,1,0,13,19,24,44,50,15,150,30.0,13,50,37,2,3,0
1645,2025-08-29,2025,8,29,4,0,12,14,29,45,50,15,150,30.0,12,50,38,2,3,0
1646,2025-09-02,2025,9,2,1,0,20,31,33,34,50,6,168,33.6,20,50,30,2,3,1
1647,2025-09-05,2025,9,5,4,0,22,30,33,35,38,20,158,31.6,22,38,16,2,3,1
1648,2025-09-09,2025,9,9,1,0,21,28,40,43,45,13,177,35.4,21,45,24,3,2,0
1649,2025-09-12,2025,9,12,4,0,17,23,25,26,37,18,128,25.6,17,37,20,4,1,1
1650,2025-09-16,2025,9,16,1,0,22,24,26,33,35,7,140,28.0,22,35,13,2,3,0
1651,2025-09-19,2025,9,19,4,0,2,16,24,41,47,19,130,26.0,2,47,45,2,3,0
1652,2025-09-23,2025,9,23,1,0,10,23,32,43,45,18,153,30.6,10,45,35,3,2,1
1653,2025-09-26,2025,9,26,4,0,3,13,19,24,40,12,99,19.8,3,40,37,3,2,1
1654,2025-09-30,2025,9,30,1,0,14,22,25,37,46,4,144,28.8,14,46,32,2,3,1
1655,2025-10-03,2025,10,3,4,0,12,14,33,41,44,10,144,28.8,12,44,32,2,3,1
1656,2025-10-07,2025,10,7,1,0,13,18,21,23,24,16,99,19.8,13,24,11,3,2,1
1657,2025-10-10,2025,10,10,4,0,6,10,40,44,50,11,150,30.0,6,50,44,0,5,0
1658,2025-10-14,2025,10,14,1,0,5,25,31,40,41,20,142,28.4,5,41,36,4,1,1
1659,2025-10-17,2025,10,17,4,0,18,27,29,32,45,16,151,30.2,18,45,27,3,2,1
1660,2025-10-21,2025,10,21,1,0,7,10,16,21,30,11,84,16.8,7,30,23,2,3,0
1661,2025-10-24,2025,10,24,4,0,15,18,24,32,44,20,133,26.6,15,44,29,1,4,1
1662,2025-10-28,2025,10,28,1,0,2,13,31,32,42,1,120,24.0,2,42,40,2,3,0
1663,2025-10-31,2025,10,31,4,0,19,24,25,30,49,6,147,29.4,19,49,30,3,2,1
1664,2025-11-04,2025,11,4,1,0,5,20,22,28,46,1,121,24.2,5,46,41,1,4,0
1665,2025-11-07,2025,11,7,4,0,7,33,40,41,49,10,170,34.0,7,49,42,4,1,1
1666,2025-11-11,2025,11,11,1,0,9,13,17,47,49,8,135,27.0,9,49,40,5,0,1
1667,2025-11-14,2025,11,14,4,0,16,28,32,36,48,13,160,32.0,16,48,32,0,5,0
1668,2025-11-18,2025,11,18,1,0,23,30,42,45,50,19,190,38.0,23,50,27,2,3,0
1669,2025-11-21,2025,11,21,4,0,1,28,39,49,50,6,167,33.4,1,50,49,3,2,1
1670,2025-11-25,2025,11,25,1,0,15,24,28,31,37,16,135,27.0,15,37,22,3,2,1
1671,2025-11-28,2025,11,28,4,0,3,17,28,29,34,1,111,22.2,3,34,31,3,2,0
1672,2025-12-02,2025,12,2,1,0,16,21,33,39,46,12,155,31.0,16,46,30,3,2,1
1673,2025-12-05,2025,12,5,4,0,12,20,27,35,46,9,140,28.0,12,46,34,2,3,0
1674,2025-12-09,2025,12,9,1,0,11,36,41,43,46,8,177,35.4,11,46,35,3,2,1
1675,2025-12-12,2025,12,12,4,0,17,18,30,42,50,3,157,31.4,17,50,33,1,4,0
1676,2025-12-16,2025,12,16,1,0,11,17,18,35,50,7,131,26.2,11,50,39,3,2,0
1677,2025-12-19,2025,12,19,4,0,2,11,15,16,30,15,74,14.8,2,30,28,2,3,0
1678,2025-12-23,2025,12,23,1,0,3,12,29,46,49,3,139,27.8,3,49,46,3,2,0
1679,2025-12-26,2025,12,26,4,0,18,20,35,46,48,2,167,33.4,18,48,30,1,4,1
1680,2025-12-30,2025,12,30,1,0,6,13,14,42,45,11,120,24.0,6,45,39,2,3,0
1681,2026-01-02,2026,1,2,4,0,17,18,35,38,39,9,147,29.4,17,39,22,3,2,0
1682,2026-01-06,2026,1,6,1,0,9,12,13,30,34,2,98,19.6,9,34,25,2,3,1
1683,2026-01-09,2026,1,9,4,0,11,20,35,42,50,7,158,31.6,11,50,39,2,3,0
1684,2026-01-13,2026,1,13,1,0,21,32,33,39,50,3,175,35.0,21,50,29,3,2,0
1685,2026-01-16,2026,1,16,4,0,8,22,36,39,47,20,152,30.4,8,47,39,2,3,1
1686,2026-01-20,2026,1,20,1,0,2,3,16,17,35,5,73,14.6,2,35,33,3,2,0
1687,2026-01-23,2026,1,23,4,0,4,16,24,29,31,15,104,20.8,4,31,27,2,3,0
1688,2026-01-27,2026,1,27,1,0,11,13,28,43,48,3,143,28.6,11,48,37,3,2,0
1689,2026-01-30,2026,1,30,4,0,19,26,31,33,39,2,148,29.6,19,39,20,4,1,1
1690,2026-02-03,2026,2,3,1,0,2,11,20,40,49,2,122,24.4,2,49,47,2,3,1
1691,2026-02-06,2026,2,6,4,0,6,13,21,28,31,5,99,19.8,6,31,25,3,2,0
1692,2026-02-10,2026,2,10,1,0,17,23,25,39,49,11,153,30.6,17,49,32,5,0,0
1693,2026-02-13,2026,2,13,4,0,4,10,23,26,37,20,100,20.0,4,37,33,2,3,1
1694,2026-02-17,2026,2,17,1,0,5,15,23,24,42,5,109,21.8,5,42,37,3,2,0
1695,2026-02-20,2026,2,20,4,0,17,19,25,28,35,17,124,24.8,17,35,18,4,1,0
1696,2026-02-24,2026,2,24,1,0,19,23,33,34,41,9,150,30.0,19,41,22,4,1,0
1697,2026-02-27,2026,2,27,4,0,11,14,24,32,43,2,124,24.8,11,43,32,2,3,1
1698,2026-03-03,2026,3,3,1,0,1,9,29,38,43,15,120,24.0,1,43,42,4,1,0
1699,2026-03-06,2026,3,6,4,0,10,11,15,18,50,11,104,20.8,10,50,40,2,3,0
1700,2026-03-10,2026,3,10,1,0,1,5,13,20,25,14,64,12.8,1,25,24,4,1,1
1701,2026-03-13,2026,3,13,4,0,1,3,27,45,50,17,126,25.2,1,50,49,4,1,0
1702,2026-03-17,2026,3,17,1,0,10,13,40,47,48,5,158,31.6,10,48,38,2,3,0
1703,2026-03-20,2026,3,20,4,0,5,8,11,17,41,2,82,16.4,5,41,36,4,1,1
1704,2026-03-24,2026,3,24,1,0,11,13,19,22,39,1,104,20.8,11,39,28,4,1,0
1705,2026-03-27,2026,3,27,4,0,6,12,25,28,36,15,107,21.4,6,36,30,1,4,0
1706,2026-03-31,2026,3,31,1,0,5,13,15,24,43,6,100,20.0,5,43,38,4,1,1
1707,2026-04-03,2026,4,3,4,0,1,14,25,29,41,18,110,22.0,1,41,40,4,1,1
1708,2026-04-07,2026,4,7,1,0,16,17,18,22,41,10,114,22.8,16,41,25,2,3,1
1709,2026-04-10,2026,4,10,4,0,27,36,38,40,48,17,189,37.8,27,48,21,1,4,0
1710,2026-04-14,2026,4,14,1,0,2,6,16,30,31,6,85,17.0,2,31,29,1,4,1
1711,2026-04-17,2026,4,17,4,0,17,26,39,43,45,2,170,34.0,17,45,28,4,1,1
1712,2026-04-21,2026,4,21,1,0,5,13,31,32,47,3,128,25.6,5,47,42,4,1,0
1713,2026-04-24,2026,4,24,4,0,16,19,24,25,41,20,125,25.0,16,41,25,3,2,1
1714,2026-04-28,2026,4,28,1,0,5,17,38,44,47,2,151,30.2,5,47,42,3,2,1
1715,2026-05-01,2026,5,1,4,0,15,17,27,29,35,12,123,24.6,15,35,20,5,0,1
1716,2026-05-05,2026,5,5,1,0,1,4,5,22,28,5,60,12.0,1,28,27,2,3,0
1717,2026-05-08,2026,5,8,4,0,1,32,40,43,48,9,164,32.8,1,48,47,2,3,0
1718,2026-05-12,2026,5,12,1,0,25,30,32,33,46,6,166,33.2,25,46,21,2,3,1
1719,2026-05-15,2026,5,15,4,0,20,24,29,38,39,11,150,30.0,20,39,19,2,3,0
1720,2026-05-19,2026,5,19,1,0,19,24,29,47,48,4,167,33.4,19,48,29,3,2,1
1721,2026-05-22,2026,5,22,4,0,6,8,16,22,25,18,77,15.4,6,25,19,1,4,1
1722,2026-05-26,2026,5,26,1,0,1,9,30,31,47,3,118,23.6,1,47,46,4,1,0
1723,2026-05-29,2026,5,29,4,0,9,14,16,25,30,14,94,18.8,9,30,21,2,3,1
1724,2026-06-02,2026,6,2,1,0,2,10,22,28,49,7,111,22.2,2,49,47,1,4,0
1725,2026-06-05,2026,6,5,4,0,2,16,33,37,43,6,131,26.2,2,43,41,3,2,1
1726,2026-06-09,2026,6,9,1,0,5,8,12,19,48,1,92,18.4,5,48,43,2,3,0
1727,2026-06-12,2026,6,12,4,0,7,23,27,30,45,6,132,26.4,7,45,38,4,1,1
1728,2026-06-16,2026,6,16,1,0,2,19,20,40,43,11,124,24.8,2,43,41,2,3,0
1729,2026-06-19,2026,6,19,4,0,9,10,27,37,44,13,127,25.4,9,44,35,3,2,0
1730,2026-06-23,2026,6,23,1,0,16,25,32,33,50,11,156,31.2,16,50,34,2,3,0
1731,2026-06-26,2026,6,26,4,0,17,26,37,40,45,13,165,33.0,17,45,28,3,2,0
1732,2026-06-30,2026,6,30,1,0,21,26,40,42,44,15,173,34.6,21,44,23,1,4,0
1733,2026-07-03,2026,7,3,4,0,9,14,27,32,34,15,116,23.2,9,34,25,2,3,0
1734,2026-07-07,2026,7,7,1,0,16,18,21,29,47,11,131,26.2,16,47,31,3,2,0
1735,2026-07-10,2026,7,10,4,0,2,12,13,20,23,12,70,14.0,2,23,21,2,3,1
1736,2026-07-14,2026,7,14,1,0,9,13,21,36,40,4,119,23.8,9,40,31,3,2,1
1737,2026-07-17,2026,7,17,4,0,6,9,31,37,42,4,125,25.0,6,42,36,3,2,1
1738,2026-07-21,2026,7,21,1,0,15,40,41,47,50,16,193,38.6,15,50,35,3,2,1
1739,2026-07-24,2026,7,24,4,0,4,8,13,22,38,1,85,17.0,4,38,34,1,4,0
1740,2026-07-28,2026,7,28,1,0,3,12,27,36,47,15,125,25.0,3,47,44,3,2,0
1741,2026-07-31,2026,7,31,4,0,10,11,37,45,46,11,149,29.8,10,46,36,3,2,0
1742,2026-08-04,2026,8,4,1,0,16,24,29,34,38,15,141,28.2,16,38,22,1,4,0
1743,2026-08-07,2026,8,7,4,0,8,22,31,39,40,5,140,28.0,8,40,32,2,3,0
1744,2026-08-11,2026,8,11,1,0,3,14,26,40,48,10,131,26.2,3,48,45,1,4,1
1745,2010-01-01,2010,1,1,4,0,17,21,24,32,37,10,131,26.2,17,37,20,3,2,1
1746,2010-01-05,2010,1,5,1,0,1,8,31,43,44,11,127,25.4,1,44,43,3,2,0
1747,2010-01-08,2010,1,8,4,0,6,15,27,39,45,19,132,26.4,6,45,39,4,1,0
1748,2010-01-12,2010,1,12,1,0,10,11,18,30,35,7,104,20.8,10,35,25,2,3,0
1749,2010-01-15,2010,1,15,4,0,1,5,21,42,44,8,113,22.6,1,44,43,3,2,1
1750,2010-01-19,2010,1,19,1,0,10,16,18,21,38,18,103,20.6,10,38,28,1,4,1
1751,2010-01-22,2010,1,22,4,0,7,11,18,19,34,7,89,17.8,7,34,27,3,2,0
1752,2010-01-26,2010,1,26,1,0,2,3,15,21,36,19,77,15.4,2,36,34,3,2,0
1753,2010-01-29,2010,1,29,4,0,2,6,39,42,43,3,132,26.4,2,43,41,2,3,0
1754,2010-02-02,2010,2,2,1,0,7,25,33,38,42,8,145,29.0,7,42,35,3,2,1
1755,2010-02-05,2010,2,5,4,0,1,8,21,29,39,20,98,19.6,1,39,38,4,1,1
1756,2010-02-09,2010,2,9,1,0,10,18,26,36,45,19,135,27.0,10,45,35,1,4,0
1757,2010-02-12,2010,2,12,4,0,6,32,36,38,45,1,157,31.4,6,45,39,1,4,0
1758,2010-02-16,2010,2,16,1,0,22,23,30,33,44,9,152,30.4,22,44,22,2,3,0
1759,2010-02-19,2010,2,19,4,0,7,8,10,22,35,4,82,16.4,7,35,28,2,3,1
1760,2010-02-23,2010,2,23,1,0,4,12,18,34,41,14,109,21.8,4,41,37,1,4,1
1761,2010-02-26,2010,2,26,4,0,4,9,14,23,37,8,87,17.4,4,37,33,3,2,1
1762,2010-03-02,2010,3,2,1,0,1,12,15,36,43,6,107,21.4,1,43,42,3,2,1
1763,2010-03-05,2010,3,5,4,0,10,11,12,22,38,10,93,18.6,10,38,28,1,4,1
1764,2010-03-09,2010,3,9,1,0,3,6,11,28,45,15,93,18.6,3,45,42,3,2,0
1765,2010-03-12,2010,3,12,4,0,8,14,18,22,28,10,90,18.0,8,28,20,0,5,1
1766,2010-03-16,2010,3,16,1,0,16,32,40,42,45,16,175,35.0,16,45,29,1,4,1
1767,2010-03-19,2010,3,19,4,0,7,11,33,44,45,3,140,28.0,7,45,38,4,1,0
1768,2010-03-23,2010,3,23,1,0,1,6,9,10,15,11,41,8.2,1,15,14,3,2,0
1769,2010-03-26,2010,3,26,4,0,25,30,33,36,44,15,168,33.6,25,44,19,2,3,0
1770,2010-03-30,2010,3,30,1,0,9,27,30,35,42,17,143,28.6,9,42,33,3,2,0
1771,2010-04-06,2010,4,6,1,0,2,13,19,38,42,16,114,22.8,2,42,40,2,3,1
1772,2010-04-09,2010,4,9,4,0,2,16,27,30,31,15,106,21.2,2,31,29,2,3,0
1773,2010-04-13,2010,4,13,1,0,15,18,28,42,45,5,148,29.6,15,45,30,2,3,0
1774,2010-04-16,2010,4,16,4,0,7,19,21,37,40,18,124,24.8,7,40,33,4,1,1
1775,2010-04-20,2010,4,20,1,0,7,20,26,32,39,3,124,24.8,7,39,32,2,3,0
1776,2010-04-23,2010,4,23,4,0,12,18,43,44,45,5,162,32.4,12,45,33,2,3,0
1777,2010-04-27,2010,4,27,1,0,13,14,23,24,27,1,101,20.2,13,27,14,3,2,0
1778,2010-04-30,2010,4,30,4,0,1,11,30,35,44,15,121,24.2,1,44,43,3,2,0
1779,2010-05-04,2010,5,4,1,0,9,17,28,36,43,4,133,26.6,9,43,34,3,2,1
1780,2010-05-07,2010,5,7,4,0,10,18,25,26,34,15,113,22.6,10,34,24,1,4,0
1781,2010-05-11,2010,5,11,1,0,4,14,17,42,44,13,121,24.2,4,44,40,1,4,0
1782,2010-05-14,2010,5,14,4,0,6,8,15,32,42,7,103,20.6,6,42,36,1,4,0
1783,2010-05-18,2010,5,18,1,0,6,17,25,29,42,6,119,23.8,6,42,36,3,2,1
1784,2010-05-21,2010,5,21,4,0,2,14,25,30,40,2,111,22.2,2,40,38,1,4,1
1785,2010-05-25,2010,5,25,1,0,4,15,21,30,32,8,102,20.4,4,32,28,2,3,1
1786,2010-05-28,2010,5,28,4,0,2,9,24,26,42,2,103,20.6,2,42,40,1,4,1
1787,2010-06-01,2010,6,1,1,0,2,5,12,23,45,15,87,17.4,2,45,43,3,2,0
1788,2010-06-04,2010,6,4,4,0,1,16,20,27,33,13,97,19.4,1,33,32,3,2,0
1789,2010-06-08,2010,6,8,1,0,7,8,23,30,39,6,107,21.4,7,39,32,3,2,1
1790,2010-06-11,2010,6,11,4,0,12,14,18,23,42,13,109,21.8,12,42,30,1,4,0
1791,2010-06-15,2010,6,15,1,0,13,25,34,40,41,7,153,30.6,13,41,28,3,2,0
1792,2010-06-18,2010,6,18,4,0,6,8,9,11,22,15,56,11.2,6,22,16,2,3,0
1793,2010-06-22,2010,6,22,1,0,16,23,36,40,45,19,160,32.0,16,45,29,2,3,0
1794,2010-06-25,2010,6,25,4,0,13,23,31,40,42,11,149,29.8,13,42,29,3,2,0
1795,2010-06-29,2010,6,29,1,0,5,8,9,23,35,9,80,16.0,5,35,30,4,1,0
1796,2010-07-02,2010,7,2,4,0,2,6,7,9,31,7,55,11.0,2,31,29,3,2,0
1797,2010-07-06,2010,7,6,1,0,7,8,21,39,41,9,116,23.2,7,41,34,4,1,0
1798,2010-07-09,2010,7,9,4,0,12,15,18,20,25,13,90,18.0,12,25,13,2,3,0
1799,2010-07-13,2010,7,13,1,0,5,11,13,20,30,15,79,15.8,5,30,25,3,2,0
1800,2010-07-16,2010,7,16,4,0,13,20,42,44,45,12,164,32.8,13,45,32,2,3,1
1801,2010-07-20,2010,7,20,1,0,1,21,27,32,36,9,117,23.4,1,36,35,3,2,0
1802,2010-07-23,2010,7,23,4,0,18,23,24,33,37,15,135,27.0,18,37,19,3,2,0
1803,2010-07-27,2010,7,27,1,0,2,7,19,24,30,20,82,16.4,2,30,28,2,3,1
1804,2010-07-30,2010,7,30,4,0,2,9,21,25,37,12,94,18.8,2,37,35,4,1,1
1805,2010-08-03,2010,8,3,1,0,1,6,15,35,44,20,101,20.2,1,44,43,3,2,1
1806,2010-08-06,2010,8,6,4,0,1,3,13,22,29,18,68,13.6,1,29,28,4,1,1
1807,2010-08-10,2010,8,10,1,0,9,19,31,33,45,16,137,27.4,9,45,36,5,0,1
1808,2010-08-13,2010,8,13,4,0,8,9,10,31,39,12,97,19.4,8,39,31,3,2,1
1809,2010-08-17,2010,8,17,1,0,11,17,30,35,45,20,138,27.6,11,45,34,4,1,1
1810,2010-08-20,2010,8,20,4,0,15,21,24,32,44,11,136,27.2,15,44,29,2,3,0
1811,2010-08-24,2010,8,24,1,0,6,23,27,33,44,16,133,26.6,6,44,38,3,2,1
1812,2010-08-27,2010,8,27,4,0,7,8,26,36,42,20,119,23.8,7,42,35,1,4,1
1813,2010-08-31,2010,8,31,1,0,12,27,37,41,44,20,161,32.2,12,44,32,3,2,1
1814,2010-09-03,2010,9,3,4,0,12,17,37,41,43,8,150,30.0,12,43,31,4,1,1
1815,2010-09-07,2010,9,7,1,0,3,25,37,42,44,10,151,30.2,3,44,41,3,2,1
1816,2010-09-10,2010,9,10,4,0,1,17,19,33,38,1,108,21.6,1,38,37,4,1,0
1817,2010-09-14,2010,9,14,1,0,3,23,29,33,40,2,128,25.6,3,40,37,4,1,1
1818,2010-09-17,2010,9,17,4,0,2,19,28,42,44,5,135,27.0,2,44,42,1,4,0
1819,2010-09-21,2010,9,21,1,0,31,33,36,40,42,13,182,36.4,31,42,11,2,3,0
1820,2010-09-24,2010,9,24,4,0,1,5,10,16,19,8,51,10.2,1,19,18,3,2,1
1821,2010-09-28,2010,9,28,1,0,1,3,4,5,40,15,53,10.6,1,40,39,3,2,0
1822,2010-10-01,2010,10,1,4,0,16,22,28,30,31,20,127,25.4,16,31,15,1,4,1
1823,2010-10-05,2010,10,5,1,0,3,15,25,32,38,4,113,22.6,3,38,35,3,2,1
1824,2010-10-08,2010,10,8,4,0,3,7,16,21,40,3,87,17.4,3,40,37,3,2,0
1825,2010-10-12,2010,10,12,1,0,1,17,18,19,44,14,99,19.8,1,44,43,3,2,1
1826,2010-10-15,2010,10,15,4,0,4,14,26,34,44,12,122,24.4,4,44,40,0,5,1
1827,2010-10-19,2010,10,19,1,0,9,11,17,35,38,16,110,22.0,9,38,29,4,1,1
1828,2010-10-22,2010,10,22,4,0,10,15,16,22,36,1,99,19.8,10,36,26,1,4,0
1829,2010-10-26,2010,10,26,1,0,13,28,32,35,36,8,144,28.8,13,36,23,2,3,1
1830,2010-10-29,2010,10,29,4,0,10,31,32,39,45,10,157,31.4,10,45,35,3,2,1
1831,2010-11-02,2010,11,2,1,0,12,13,21,22,29,9,97,19.4,12,29,17,3,2,0
1832,2010-11-05,2010,11,5,4,0,1,4,25,26,32,10,88,17.6,1,32,31,2,3,1
1833,2010-11-09,2010,11,9,1,0,6,22,29,35,45,8,137,27.4,6,45,39,3,2,1
1834,2010-11-12,2010,11,12,4,0,4,8,11,16,40,17,79,15.8,4,40,36,1,4,0
1835,2010-11-16,2010,11,16,1,0,4,28,32,38,40,2,142,28.4,4,40,36,0,5,1
1836,2010-11-19,2010,11,19,4,0,1,17,19,26,32,4,95,19.0,1,32,31,3,2,1
1837,2010-11-23,2010,11,23,1,0,2,9,10,33,43,6,97,19.4,2,43,41,3,2,1
1838,2010-11-26,2010,11,26,4,0,12,17,22,25,34,19,110,22.0,12,34,22,2,3,0
1839,2010-11-30,2010,11,30,1,0,3,6,11,12,25,9,57,11.4,3,25,22,3,2,0
1840,2010-12-03,2010,12,3,4,0,19,24,37,43,45,10,168,33.6,19,45,26,4,1,1
1841,2010-12-07,2010,12,7,1,0,12,28,30,44,45,9,159,31.8,12,45,33,1,4,0
1842,2010-12-10,2010,12,10,4,0,6,13,18,24,41,7,102,20.4,6,41,35,2,3,0
1843,2010-12-14,2010,12,14,1,0,12,30,31,32,35,4,140,28.0,12,35,23,2,3,1
1844,2010-12-17,2010,12,17,4,0,1,7,8,17,30,17,63,12.6,1,30,29,3,2,0
1845,2010-12-21,2010,12,21,1,0,19,25,31,39,40,14,154,30.8,19,40,21,4,1,1
1846,2010-12-24,2010,12,24,4,0,26,30,31,33,40,3,160,32.0,26,40,14,2,3,0
1847,2010-12-28,2010,12,28,1,0,5,6,7,9,17,11,44,8.8,5,17,12,4,1,0
1848,2010-12-31,2010,12,31,4,0,3,21,23,32,35,7,114,22.8,3,35,32,4,1,0
1849,2011-01-04,2011,1,4,1,0,2,12,18,30,38,10,100,20.0,2,38,36,0,5,1
1850,2011-01-07,2011,1,7,4,0,9,12,26,29,34,12,110,22.0,9,34,25,2,3,1
1851,2011-01-11,2011,1,11,1,0,14,15,22,27,37,7,115,23.0,14,37,23,3,2,0
1852,2011-01-14,2011,1,14,4,0,8,16,21,36,42,4,123,24.6,8,42,34,1,4,1
1853,2011-01-18,2011,1,18,1,0,5,10,36,41,44,18,136,27.2,5,44,39,2,3,1
1854,2011-01-21,2011,1,21,4,0,6,13,18,19,22,10,78,15.6,6,22,16,2,3,1
1855,2011-01-25,2011,1,25,1,0,3,9,12,18,38,9,80,16.0,3,38,35,2,3,0
1856,2011-01-28,2011,1,28,4,0,5,9,11,22,37,7,84,16.8,5,37,32,4,1,0
1857,2011-02-01,2011,2,1,1,0,2,5,29,39,41,7,116,23.2,2,41,39,4,1,0
1858,2011-02-04,2011,2,4,4,0,11,12,16,31,37,3,107,21.4,11,37,26,3,2,0
1859,2011-02-08,2011,2,8,1,0,14,20,22,34,35,8,125,25.0,14,35,21,1,4,1
1860,2011-02-11,2011,2,11,4,0,14,25,27,31,34,10,131,26.2,14,34,20,3,2,1
1861,2011-02-15,2011,2,15,1,0,1,17,23,41,42,17,124,24.8,1,42,41,4,1,0
1862,2011-02-18,2011,2,18,4,0,2,7,12,17,31,17,69,13.8,2,31,29,3,2,0
1863,2011-02-22,2011,2,22,1,0,4,10,12,33,35,16,94,18.8,4,35,31,2,3,1
1864,2011-02-25,2011,2,25,4,0,3,24,31,37,41,2,136,27.2,3,41,38,4,1,1
1865,2011-03-01,2011,3,1,1,0,1,7,24,28,37,15,97,19.4,1,37,36,3,2,0
1866,2011-03-04,2011,3,4,4,0,7,13,18,34,44,20,116,23.2,7,44,37,2,3,1
1867,2011-03-08,2011,3,8,1,0,17,21,31,34,41,4,144,28.8,17,41,24,4,1,1
1868,2011-03-11,2011,3,11,4,0,5,34,39,43,45,8,166,33.2,5,45,40,4,1,1
1869,2011-03-15,2011,3,15,1,0,12,22,32,36,43,10,145,29.0,12,43,31,1,4,1
1870,2011-03-18,2011,3,18,4,0,8,28,36,40,42,4,154,30.8,8,42,34,0,5,1
1871,2011-03-22,2011,3,22,1,0,8,15,24,39,41,8,127,25.4,8,41,33,3,2,1
1872,2011-03-25,2011,3,25,4,0,13,16,25,36,39,8,129,25.8,13,39,26,3,2,1
1873,2011-03-29,2011,3,29,1,0,3,15,17,24,38,13,97,19.4,3,38,35,3,2,0
1874,2011-04-01,2011,4,1,4,0,1,12,23,36,42,18,114,22.8,1,42,41,2,3,1
1875,2011-04-05,2011,4,5,1,0,16,23,25,33,34,9,131,26.2,16,34,18,3,2,0
1876,2011-04-08,2011,4,8,4,0,1,14,37,39,40,3,131,26.2,1,40,39,3,2,0
1877,2011-04-12,2011,4,12,1,0,7,20,27,35,37,10,126,25.2,7,37,30,4,1,1
1878,2011-04-15,2011,4,15,4,0,8,15,18,25,37,5,103,20.6,8,37,29,3,2,0
1879,2011-04-19,2011,4,19,1,0,8,14,15,16,38,2,91,18.2,8,38,30,1,4,1
1880,2011-04-26,2011,4,26,1,0,12,16,25,37,45,7,135,27.0,12,45,33,3,2,0
1881,2011-04-29,2011,4,29,4,0,1,15,39,41,45,7,141,28.2,1,45,44,5,0,0
1882,2011-05-03,2011,5,3,1,0,8,10,11,33,34,17,96,19.2,8,34,26,2,3,0
1883,2011-05-06,2011,5,6,4,0,4,9,20,38,45,2,116,23.2,4,45,41,2,3,1
1884,2011-05-10,2011,5,10,1,0,1,17,31,41,43,1,133,26.6,1,43,42,5,0,0
1885,2011-05-13,2011,5,13,4,0,4,10,11,32,38,6,95,19.0,4,38,34,1,4,1
1886,2011-05-17,2011,5,17,1,0,13,16,24,26,27,10,106,21.2,13,27,14,2,3,1
1887,2011-05-20,2011,5,20,4,0,3,7,10,31,42,6,93,18.6,3,42,39,3,2,1
1888,2011-05-24,2011,5,24,1,0,13,16,21,41,45,18,136,27.2,13,45,32,4,1,1
1889,2011-05-27,2011,5,27,4,0,7,16,22,34,45,17,124,24.8,7,45,38,2,3,0
1890,2011-05-31,2011,5,31,1,0,7,8,13,33,35,17,96,19.2,7,35,28,4,1,0
1891,2011-06-03,2011,6,3,4,0,6,30,31,33,36,16,136,27.2,6,36,30,2,3,1
1892,2011-06-07,2011,6,7,1,0,10,16,24,32,35,7,117,23.4,10,35,25,1,4,0
1893,2011-06-10,2011,6,10,4,0,13,24,26,30,42,16,135,27.0,13,42,29,1,4,1
1894,2011-06-14,2011,6,14,1,0,11,16,34,39,40,11,140,28.0,11,40,29,2,3,0
1895,2011-06-17,2011,6,17,4,0,15,23,33,44,45,6,160,32.0,15,45,30,4,1,1
1896,2011-06-21,2011,6,21,1,0,2,8,28,30,35,13,103,20.6,2,35,33,1,4,0
1897,2011-06-24,2011,6,24,4,0,6,18,28,31,36,20,119,23.8,6,36,30,1,4,1
1898,2011-06-28,2011,6,28,1,0,2,16,25,37,41,12,121,24.2,2,41,39,3,2,1
1899,2011-07-01,2011,7,1,4,0,2,9,31,35,37,4,114,22.8,2,37,35,4,1,1
1900,2011-07-05,2011,7,5,1,0,2,30,31,34,42,5,139,27.8,2,42,40,1,4,0
1901,2011-07-08,2011,7,8,4,0,5,22,30,32,33,18,122,24.4,5,33,28,2,3,1
1902,2011-07-12,2011,7,12,1,0,10,16,28,34,45,6,133,26.6,10,45,35,1,4,1
1903,2011-07-15,2011,7,15,4,0,9,16,19,24,28,19,96,19.2,9,28,19,2,3,0
1904,2011-07-19,2011,7,19,1,0,2,14,15,18,29,20,78,15.6,2,29,27,2,3,1
1905,2011-07-22,2011,7,22,4,0,13,22,25,26,35,13,121,24.2,13,35,22,3,2,0
1906,2011-07-26,2011,7,26,1,0,18,26,28,34,36,3,142,28.4,18,36,18,0,5,0
1907,2011-07-29,2011,7,29,4,0,7,12,23,40,42,2,124,24.8,7,42,35,2,3,1
1908,2011-08-02,2011,8,2,1,0,3,9,16,27,31,13,86,17.2,3,31,28,4,1,0
1909,2011-08-05,2011,8,5,4,0,5,9,10,21,44,10,89,17.8,5,44,39,3,2,1
1910,2011-08-09,2011,8,9,1,0,31,37,38,43,45,15,194,38.8,31,45,14,4,1,0
1911,2011-08-12,2011,8,12,4,0,2,8,39,41,43,16,133,26.6,2,43,41,3,2,1
1912,2011-08-16,2011,8,16,1,0,3,10,16,21,22,9,72,14.4,3,22,19,2,3,0
1913,2011-08-19,2011,8,19,4,0,5,14,19,21,28,11,87,17.4,5,28,23,3,2,0
1914,2011-08-23,2011,8,23,1,0,4,17,20,22,31,13,94,18.8,4,31,27,2,3,0
1915,2011-08-26,2011,8,26,4,0,10,18,20,36,39,13,123,24.6,10,39,29,1,4,0
1916,2011-08-30,2011,8,30,1,0,4,5,19,37,38,15,103,20.6,4,38,34,3,2,0
1917,2011-09-02,2011,9,2,4,0,15,25,34,43,45,1,162,32.4,15,45,30,4,1,0
1918,2011-09-06,2011,9,6,1,0,1,2,5,30,40,3,78,15.6,1,40,39,2,3,0
1919,2011-09-09,2011,9,9,4,0,10,18,23,36,40,4,127,25.4,10,40,30,1,4,1
1920,2011-09-13,2011,9,13,1,0,5,11,17,28,44,20,105,21.0,5,44,39,3,2,1
1921,2011-09-16,2011,9,16,4,0,2,3,4,28,38,20,75,15.0,2,38,36,1,4,1
1922,2011-09-20,2011,9,20,1,0,8,10,23,31,38,8,110,22.0,8,38,30,2,3,1
1923,2011-09-23,2011,9,23,4,0,5,22,24,25,27,5,103,20.6,5,27,22,3,2,0
1924,2011-09-27,2011,9,27,1,0,1,7,8,22,40,18,78,15.6,1,40,39,2,3,1
1925,2011-09-30,2011,9,30,4,0,11,21,24,28,35,17,119,23.8,11,35,24,3,2,0
1926,2011-10-04,2011,10,4,1,0,8,10,26,40,42,4,126,25.2,8,42,34,0,5,1
1927,2011-10-07,2011,10,7,4,0,33,36,38,40,44,4,191,38.2,33,44,11,1,4,1
1928,2011-10-11,2011,10,11,1,0,8,10,24,39,43,8,124,24.8,8,43,35,2,3,1
1929,2011-10-14,2011,10,14,4,0,15,20,21,31,35,5,122,24.4,15,35,20,4,1,0
1930,2011-10-18,2011,10,18,1,0,2,8,12,15,32,13,69,13.8,2,32,30,1,4,0
1931,2011-10-21,2011,10,21,4,0,2,16,23,39,42,9,122,24.4,2,42,40,2,3,0
1932,2011-10-25,2011,10,25,1,0,11,12,20,35,38,1,116,23.2,11,38,27,2,3,0
1933,2011-10-28,2011,10,28,4,0,3,15,36,37,41,6,132,26.4,3,41,38,4,1,1
1934,2011-11-01,2011,11,1,1,0,13,23,34,39,43,7,152,30.4,13,43,30,4,1,0
1935,2011-11-04,2011,11,4,4,0,9,25,31,34,42,10,141,28.2,9,42,33,3,2,1
1936,2011-11-08,2011,11,8,1,0,8,10,11,15,45,20,89,17.8,8,45,37,3,2,1
1937,2011-11-11,2011,11,11,4,0,1,6,7,10,35,14,59,11.8,1,35,34,3,2,1
1938,2011-11-15,2011,11,15,1,0,8,18,30,38,44,5,138,27.6,8,44,36,0,5,0
1939,2011-11-18,2011,11,18,4,0,9,24,36,37,45,14,151,30.2,9,45,36,3,2,1
1940,2011-11-22,2011,11,22,1,0,5,24,29,34,44,18,136,27.2,5,44,39,2,3,1
1941,2011-11-25,2011,11,25,4,0,23,26,29,41,44,14,163,32.6,23,44,21,3,2,1
1942,2011-11-29,2011,11,29,1,0,12,27,28,32,34,5,133,26.6,12,34,22,1,4,0
1943,2011-12-02,2011,12,2,4,0,5,6,25,38,40,16,114,22.8,5,40,35,2,3,1
1944,2011-12-06,2011,12,6,1,0,6,15,16,28,41,1,106,21.2,6,41,35,2,3,0
1945,2011-12-09,2011,12,9,4,0,1,3,18,36,37,11,95,19.0,1,37,36,3,2,0
1946,2011-12-13,2011,12,13,1,0,14,16,22,32,35,13,119,23.8,14,35,21,1,4,0
1947,2011-12-16,2011,12,16,4,0,14,26,28,33,45,11,146,29.2,14,45,31,2,3,0
1948,2011-12-20,2011,12,20,1,0,20,21,25,37,40,5,143,28.6,20,40,20,3,2,0
1949,2011-12-23,2011,12,23,4,0,7,13,21,22,40,20,103,20.6,7,40,33,3,2,1
1950,2011-12-27,2011,12,27,1,0,10,12,17,24,26,3,89,17.8,10,26,16,1,4,0
1951,2011-12-30,2011,12,30,4,0,11,15,20,33,37,16,116,23.2,11,37,26,4,1,1
1952,2012-01-03,2012,1,3,1,0,3,5,8,17,41,6,74,14.8,3,41,38,4,1,1
1953,2012-01-06,2012,1,6,4,0,1,21,29,32,34,20,117,23.4,1,34,33,3,2,1
1954,2012-01-10,2012,1,10,1,0,18,20,24,26,40,13,128,25.6,18,40,22,0,5,0
1955,2012-01-13,2012,1,13,4,0,15,20,23,25,40,10,123,24.6,15,40,25,3,2,1
1956,2012-01-17,2012,1,17,1,0,13,19,26,43,45,9,146,29.2,13,45,32,4,1,0
1957,2012-01-20,2012,1,20,4,0,10,15,22,29,35,18,111,22.2,10,35,25,3,2,1
1958,2012-01-24,2012,1,24,1,0,4,7,11,26,36,5,84,16.8,4,36,32,2,3,0
1959,2012-01-27,2012,1,27,4,0,2,7,28,36,39,5,112,22.4,2,39,37,2,3,0
1960,2012-01-31,2012,1,31,1,0,12,15,25,32,41,15,125,25.0,12,41,29,3,2,0
1961,2012-02-03,2012,2,3,4,0,7,9,14,15,43,15,88,17.6,7,43,36,4,1,0
1962,2012-02-07,2012,2,7,1,0,2,11,14,38,45,13,110,22.0,2,45,43,2,3,0
1963,2012-02-10,2012,2,10,4,0,6,19,23,29,35,3,112,22.4,6,35,29,4,1,0
1964,2012-02-14,2012,2,14,1,0,20,30,31,32,44,17,157,31.4,20,44,24,1,4,0
1965,2012-02-17,2012,2,17,4,0,8,26,31,38,45,7,148,29.6,8,45,37,2,3,0
1966,2012-02-21,2012,2,21,1,0,25,27,28,32,43,18,155,31.0,25,43,18,3,2,1
1967,2012-02-24,2012,2,24,4,0,17,21,26,40,45,15,149,29.8,17,45,28,3,2,0
1968,2012-02-28,2012,2,28,1,0,16,24,26,32,45,1,143,28.6,16,45,29,1,4,0
1969,2012-03-02,2012,3,2,4,0,13,24,41,43,45,19,166,33.2,13,45,32,4,1,0
1970,2012-03-06,2012,3,6,1,0,1,35,36,37,45,7,154,30.8,1,45,44,4,1,0
1971,2012-03-09,2012,3,9,4,0,2,21,22,29,40,11,114,22.8,2,40,38,2,3,0
1972,2012-03-13,2012,3,13,1,0,3,6,26,32,37,4,104,20.8,3,37,34,2,3,1
1973,2012-03-16,2012,3,16,4,0,14,18,37,41,44,3,154,30.8,14,44,30,2,3,0
1974,2012-03-20,2012,3,20,1,0,9,14,21,28,44,12,116,23.2,9,44,35,2,3,1
1975,2012-03-23,2012,3,23,4,0,6,15,23,39,45,19,128,25.6,6,45,39,4,1,0
1976,2012-03-27,2012,3,27,1,0,8,11,23,44,45,2,131,26.2,8,45,37,3,2,1
1977,2012-03-30,2012,3,30,4,0,3,5,10,18,39,18,75,15.0,3,39,36,3,2,1
1978,2012-04-03,2012,4,3,1,0,4,11,12,17,42,15,86,17.2,4,42,38,2,3,0
1979,2012-04-10,2012,4,10,1,0,13,28,30,41,43,11,155,31.0,13,43,30,3,2,0
1980,2012-04-13,2012,4,13,4,0,2,9,23,43,44,17,121,24.2,2,44,42,3,2,0
1981,2012-04-17,2012,4,17,1,0,14,15,29,30,34,7,122,24.4,14,34,20,2,3,0
1982,2012-04-20,2012,4,20,4,0,13,20,24,25,29,11,111,22.2,13,29,16,3,2,0
1983,2012-04-24,2012,4,24,1,0,3,5,22,31,45,5,106,21.2,3,45,42,4,1,0
1984,2012-04-27,2012,4,27,4,0,4,6,12,23,38,18,83,16.6,4,38,34,1,4,1
1985,2012-05-01,2012,5,1,1,0,12,17,24,30,36,14,119,23.8,12,36,24,1,4,1
1986,2012-05-04,2012,5,4,4,0,1,6,16,34,40,18,97,19.4,1,40,39,1,4,1
1987,2012-05-08,2012,5,8,1,0,4,9,10,16,20,4,59,11.8,4,20,16,1,4,1
1988,2012-05-11,2012,5,11,4,0,6,7,17,20,23,17,73,14.6,6,23,17,3,2,0
1989,2012-05-15,2012,5,15,1,0,4,7,8,19,25,12,63,12.6,4,25,21,3,2,1
1990,2012-05-18,2012,5,18,4,0,2,14,20,32,36,1,104,20.8,2,36,34,0,5,0
1991,2012-05-22,2012,5,22,1,0,1,3,22,31,38,11,95,19.0,1,38,37,3,2,0
1992,2012-05-25,2012,5,25,4,0,1,9,19,26,32,17,87,17.4,1,32,31,3,2,0
1993,2012-05-29,2012,5,29,1,0,2,6,8,30,44,10,90,18.0,2,44,42,0,5,1
1994,2012-06-01,2012,6,1,4,0,9,12,15,28,32,14,96,19.2,9,32,23,2,3,1
1995,2012-06-05,2012,6,5,1,0,9,10,26,32,33,7,110,22.0,9,33,24,2,3,0
1996,2012-06-08,2012,6,8,4,0,14,15,32,36,40,7,137,27.4,14,40,26,1,4,0
1997,2012-06-12,2012,6,12,1,0,2,16,22,36,43,19,119,23.8,2,43,41,1,4,0
1998,2012-06-15,2012,6,15,4,0,2,21,22,24,41,17,110,22.0,2,41,39,2,3,0
1999,2012-06-19,2012,6,19,1,0,12,21,27,36,45,17,141,28.2,12,45,33,3,2,0
2000,2012-06-22,2012,6,22,4,0,3,7,17,21,27,2,75,15.0,3,27,24,5,0,1
2001,2012-06-26,2012,6,26,1,0,2,17,22,39,44,20,124,24.8,2,44,42,2,3,1
2002,2012-06-29,2012,6,29,4,0,2,4,6,19,31,20,62,12.4,2,31,29,2,3,1
2003,2012-07-03,2012,7,3,1,0,16,19,37,38,39,13,149,29.8,16,39,23,3,2,0
2004,2012-07-06,2012,7,6,4,0,3,10,12,34,36,17,95,19.0,3,36,33,1,4,0
2005,2012-07-10,2012,7,10,1,0,8,9,15,23,36,11,91,18.2,8,36,28,3,2,0
2006,2012-07-13,2012,7,13,4,0,4,11,16,27,38,17,96,19.2,4,38,34,2,3,0
2007,2012-07-17,2012,7,17,1,0,1,4,20,23,34,16,82,16.4,1,34,33,2,3,1
2008,2012-07-20,2012,7,20,4,0,5,20,24,33,41,3,123,24.6,5,41,36,3,2,0
2009,2012-07-24,2012,7,24,1,0,2,5,7,15,21,6,50,10.0,2,21,19,4,1,1
2010,2012-07-27,2012,7,27,4,0,6,8,15,18,38,15,85,17.0,6,38,32,1,4,0
2011,2012-07-31,2012,7,31,1,0,7,14,23,27,32,20,103,20.6,7,32,25,3,2,1
2012,2012-08-03,2012,8,3,4,0,2,10,22,35,41,16,110,22.0,2,41,39,2,3,1
2013,2012-08-07,2012,8,7,1,0,13,20,21,26,44,8,124,24.8,13,44,31,2,3,1
2014,2012-08-10,2012,8,10,4,0,2,9,26,27,45,1,109,21.8,2,45,43,3,2,0
2015,2012-08-14,2012,8,14,1,0,5,21,26,28,33,19,113,22.6,5,33,28,3,2,0
2016,2012-08-17,2012,8,17,4,0,13,15,19,40,42,12,129,25.8,13,42,29,3,2,1
2017,2012-08-21,2012,8,21,1,0,14,16,19,38,43,3,130,26.0,14,43,29,2,3,0
2018,2012-08-24,2012,8,24,4,0,3,9,14,24,26,3,76,15.2,3,26,23,2,3,0
2019,2012-08-28,2012,8,28,1,0,1,7,8,11,40,1,67,13.4,1,40,39,3,2,0
2020,2012-08-31,2012,8,31,4,0,5,7,9,20,29,20,70,14.0,5,29,24,4,1,1
2021,2012-09-04,2012,9,4,1,0,6,15,19,30,45,14,115,23.0,6,45,39,3,2,1
2022,2012-09-07,2012,9,7,4,0,9,14,17,34,41,17,115,23.0,9,41,32,3,2,0
2023,2012-09-11,2012,9,11,1,0,13,32,34,36,45,10,160,32.0,13,45,32,2,3,1
2024,2012-09-14,2012,9,14,4,0,15,18,26,33,41,7,133,26.6,15,41,26,3,2,0
2025,2012-09-18,2012,9,18,1,0,1,27,37,40,42,16,147,29.4,1,42,41,3,2,1
2026,2012-09-21,2012,9,21,4,0,13,16,24,39,43,4,135,27.0,13,43,30,3,2,1
2027,2012-09-25,2012,9,25,1,0,2,28,32,34,45,17,141,28.2,2,45,43,1,4,0
2028,2012-09-28,2012,9,28,4,0,1,6,7,40,41,17,95,19.0,1,41,40,3,2,0
2029,2012-10-02,2012,10,2,1,0,11,18,23,31,45,13,128,25.6,11,45,34,4,1,0
2030,2012-10-05,2012,10,5,4,0,1,9,11,39,40,18,100,20.0,1,40,39,4,1,1
2031,2012-10-09,2012,10,9,1,0,3,5,6,22,26,17,62,12.4,3,26,23,2,3,0
2032,2012-10-12,2012,10,12,4,0,5,10,17,35,41,16,108,21.6,5,41,36,4,1,1
2033,2012-10-16,2012,10,16,1,0,7,9,11,29,41,8,97,19.4,7,41,34,5,0,1
2034,2012-10-19,2012,10,19,4,0,14,17,23,35,39,3,128,25.6,14,39,25,4,1,0
2035,2012-10-23,2012,10,23,1,0,8,23,24,31,42,6,128,25.6,8,42,34,2,3,1
2036,2012-10-26,2012,10,26,4,0,1,8,12,19,34,18,74,14.8,1,34,33,2,3,1
2037,2012-10-30,2012,10,30,1,0,5,16,20,41,42,20,124,24.8,5,42,37,2,3,1
2038,2012-11-02,2012,11,2,4,0,4,11,25,26,41,12,107,21.4,4,41,37,3,2,1
2039,2012-11-06,2012,11,6,1,0,9,17,18,37,41,9,122,24.4,9,41,32,4,1,0
2040,2012-11-09,2012,11,9,4,0,7,14,17,27,40,16,105,21.0,7,40,33,3,2,1
2041,2012-11-13,2012,11,13,1,0,5,7,13,18,19,8,62,12.4,5,19,14,4,1,1
2042,2012-11-16,2012,11,16,4,0,1,4,6,14,15,12,40,8.0,1,15,14,2,3,1
2043,2012-11-20,2012,11,20,1,0,3,17,26,28,33,1,107,21.4,3,33,30,3,2,0
2044,2012-11-23,2012,11,23,4,0,5,33,34,37,42,5,151,30.2,5,42,37,3,2,0
2045,2012-11-27,2012,11,27,1,0,9,17,30,34,44,18,134,26.8,9,44,35,2,3,1
2046,2012-11-30,2012,11,30,4,0,6,25,33,42,44,14,150,30.0,6,44,38,2,3,1
2047,2012-12-04,2012,12,4,1,0,5,11,20,34,45,20,115,23.0,5,45,40,3,2,1
2048,2012-12-07,2012,12,7,4,0,4,17,33,42,45,10,141,28.2,4,45,41,3,2,1
2049,2012-12-11,2012,12,11,1,0,11,16,25,28,33,1,113,22.6,11,33,22,3,2,0
2050,2012-12-14,2012,12,14,4,0,5,13,20,29,35,14,102,20.4,5,35,30,4,1,1
2051,2012-12-18,2012,12,18,1,0,13,34,36,37,39,16,159,31.8,13,39,26,3,2,1
2052,2012-12-21,2012,12,21,4,0,13,14,19,23,37,3,106,21.2,13,37,24,4,1,0
2053,2012-12-28,2012,12,28,4,0,1,12,14,32,36,16,95,19.0,1,36,35,1,4,1
2054,2013-01-01,2013,1,1,1,0,1,4,13,21,30,18,69,13.8,1,30,29,3,2,1
2055,2013-01-04,2013,1,4,4,0,10,18,21,38,44,4,131,26.2,10,44,34,1,4,1
2056,2013-01-08,2013,1,8,1,0,8,11,12,23,24,16,78,15.6,8,24,16,2,3,1
2057,2013-01-11,2013,1,11,4,0,1,4,14,20,33,4,72,14.4,1,33,32,2,3,1
2058,2013-01-15,2013,1,15,1,0,12,17,22,36,37,2,124,24.8,12,37,25,2,3,1
2059,2013-01-18,2013,1,18,4,0,13,19,29,35,39,11,135,27.0,13,39,26,5,0,0
2060,2013-01-22,2013,1,22,1,0,3,10,11,28,31,16,83,16.6,3,31,28,3,2,1
2061,2013-01-25,2013,1,25,4,0,7,15,20,23,25,12,90,18.0,7,25,18,4,1,1
2062,2013-01-29,2013,1,29,1,0,9,21,29,37,38,14,134,26.8,9,38,29,4,1,1
2063,2013-02-01,2013,2,1,4,0,23,27,32,43,44,20,169,33.8,23,44,21,3,2,1
2064,2013-02-05,2013,2,5,1,0,5,18,22,28,29,20,102,20.4,5,29,24,2,3,1
2065,2013-02-08,2013,2,8,4,0,22,25,36,38,44,3,165,33.0,22,44,22,1,4,0
2066,2013-02-12,2013,2,12,1,0,2,20,38,39,45,5,144,28.8,2,45,43,2,3,0
2067,2013-02-15,2013,2,15,4,0,3,13,26,28,34,3,104,20.8,3,34,31,2,3,0
2068,2013-02-19,2013,2,19,1,0,1,5,6,31,42,20,85,17.0,1,42,41,3,2,1
2069,2013-02-22,2013,2,22,4,0,4,16,28,32,42,19,122,24.4,4,42,38,0,5,0
2070,2013-02-26,2013,2,26,1,0,1,7,14,21,32,7,75,15.0,1,32,31,3,2,0
2071,2013-03-01,2013,3,1,4,0,13,30,33,35,45,3,156,31.2,13,45,32,4,1,0
2072,2013-03-05,2013,3,5,1,0,9,12,22,26,38,4,107,21.4,9,38,29,1,4,1
2073,2013-03-08,2013,3,8,4,0,8,19,24,34,37,15,122,24.4,8,37,29,2,3,0
2074,2013-03-12,2013,3,12,1,0,1,6,26,35,42,6,110,22.0,1,42,41,2,3,1
2075,2013-03-15,2013,3,15,4,0,22,23,29,35,38,7,147,29.4,22,38,16,3,2,0
2076,2013-03-19,2013,3,19,1,0,5,7,11,25,35,18,83,16.6,5,35,30,5,0,1
2077,2013-03-22,2013,3,22,4,0,1,5,7,9,14,15,36,7.2,1,14,13,4,1,0
2078,2013-03-26,2013,3,26,1,0,1,18,31,37,40,13,127,25.4,1,40,39,3,2,0
2079,2013-04-02,2013,4,2,1,0,4,6,8,11,13,13,42,8.4,4,13,9,2,3,0
2080,2013-04-05,2013,4,5,4,0,4,9,17,22,23,6,75,15.0,4,23,19,3,2,1
2081,2013-04-09,2013,4,9,1,0,8,9,20,38,39,19,114,22.8,8,39,31,2,3,0
2082,2013-04-12,2013,4,12,4,0,5,12,36,37,40,7,130,26.0,5,40,35,2,3,0
2083,2013-04-16,2013,4,16,1,0,8,12,29,32,44,19,125,25.0,8,44,36,1,4,0
2084,2013-04-19,2013,4,19,4,0,10,13,26,28,39,2,116,23.2,10,39,29,2,3,1
2085,2013-04-23,2013,4,23,1,0,8,12,15,21,26,17,82,16.4,8,26,18,2,3,0
2086,2013-04-26,2013,4,26,4,0,13,16,30,43,44,9,146,29.2,13,44,31,2,3,0
2087,2013-04-30,2013,4,30,1,0,12,24,28,31,32,2,127,25.4,12,32,20,1,4,1
2088,2013-05-03,2013,5,3,4,0,10,19,21,27,40,3,117,23.4,10,40,30,3,2,0
2089,2013-05-07,2013,5,7,1,0,4,5,21,37,38,6,105,21.0,4,38,34,3,2,1
2090,2013-05-10,2013,5,10,4,0,2,4,16,18,26,5,66,13.2,2,26,24,0,5,0
2091,2013-05-14,2013,5,14,1,0,1,13,19,29,37,1,99,19.8,1,37,36,5,0,0
2092,2013-05-17,2013,5,17,4,0,13,19,20,22,43,2,117,23.4,13,43,30,3,2,1
2093,2013-05-21,2013,5,21,1,0,10,11,17,37,44,18,119,23.8,10,44,34,3,2,1
2094,2013-05-24,2013,5,24,4,0,3,10,15,30,38,3,96,19.2,3,38,35,2,3,0
2095,2013-05-28,2013,5,28,1,0,25,26,29,31,34,14,145,29.0,25,34,9,3,2,1
2096,2013-05-31,2013,5,31,4,0,3,7,19,34,44,2,107,21.4,3,44,41,3,2,1
2097,2013-06-04,2013,6,4,1,0,17,25,28,34,40,12,144,28.8,17,40,23,2,3,1
2098,2013-06-07,2013,6,7,4,0,14,15,19,35,38,4,121,24.2,14,38,24,3,2,1
2099,2013-06-11,2013,6,11,1,0,6,17,22,34,36,20,115,23.0,6,36,30,1,4,1
2100,2013-06-14,2013,6,14,4,0,15,23,31,32,35,9,136,27.2,15,35,20,4,1,0
2101,2013-06-18,2013,6,18,1,0,1,5,13,14,16,3,49,9.8,1,16,15,3,2,0
2102,2013-06-21,2013,6,21,4,0,7,26,35,36,42,18,146,29.2,7,42,35,2,3,1
2103,2013-06-25,2013,6,25,1,0,2,6,18,30,34,12,90,18.0,2,34,32,0,5,1
2104,2013-06-28,2013,6,28,4,0,3,9,27,32,41,1,112,22.4,3,41,38,4,1,0
2105,2013-07-02,2013,7,2,1,0,7,12,13,18,20,1,70,14.0,7,20,13,2,3,0
2106,2013-07-05,2013,7,5,4,0,6,25,26,42,44,12,143,28.6,6,44,38,1,4,1
2107,2013-07-09,2013,7,9,1,0,1,6,26,30,37,10,100,20.0,1,37,36,2,3,1
2108,2013-07-12,2013,7,12,4,0,7,15,30,33,43,12,128,25.6,7,43,36,4,1,1
2109,2013-07-16,2013,7,16,1,0,5,7,8,31,37,18,88,17.6,5,37,32,4,1,1
2110,2013-07-19,2013,7,19,4,0,6,12,28,33,42,16,121,24.2,6,42,36,1,4,1
2111,2013-07-23,2013,7,23,1,0,6,8,12,19,36,6,81,16.2,6,36,30,1,4,1
2112,2013-07-26,2013,7,26,4,0,1,5,8,21,30,16,65,13.0,1,30,29,3,2,1
2113,2013-07-30,2013,7,30,1,0,3,4,5,20,44,9,76,15.2,3,44,41,2,3,0
2114,2013-08-02,2013,8,2,4,0,1,2,13,29,34,18,79,15.8,1,34,33,3,2,1
2115,2013-08-06,2013,8,6,1,0,10,12,25,37,41,3,125,25.0,10,41,31,3,2,0
2116,2013-08-09,2013,8,9,4,0,10,22,23,31,45,16,131,26.2,10,45,35,3,2,1
2117,2013-08-13,2013,8,13,1,0,12,15,32,42,44,16,145,29.0,12,44,32,1,4,1
2118,2013-08-16,2013,8,16,4,0,13,15,18,21,45,9,112,22.4,13,45,32,4,1,0
2119,2013-08-20,2013,8,20,1,0,10,18,35,41,43,16,147,29.4,10,43,33,3,2,1
2120,2013-08-23,2013,8,23,4,0,3,10,22,25,27,3,87,17.4,3,27,24,3,2,0
2121,2013-08-27,2013,8,27,1,0,4,23,24,35,43,20,129,25.8,4,43,39,3,2,1
2122,2013-08-30,2013,8,30,4,0,9,13,17,38,41,1,118,23.6,9,41,32,4,1,0
2123,2013-09-03,2013,9,3,1,0,17,28,32,33,36,14,146,29.2,17,36,19,2,3,1
2124,2013-09-06,2013,9,6,4,0,15,16,24,29,40,10,124,24.8,15,40,25,2,3,1
2125,2013-09-10,2013,9,10,1,0,6,13,16,22,32,1,89,17.8,6,32,26,1,4,0
2126,2013-09-13,2013,9,13,4,0,8,19,27,30,40,18,124,24.8,8,40,32,2,3,1
2127,2013-09-17,2013,9,17,1,0,11,18,22,27,29,11,107,21.4,11,29,18,3,2,0
2128,2013-09-20,2013,9,20,4,0,15,22,29,30,38,13,134,26.8,15,38,23,2,3,0
2129,2013-09-24,2013,9,24,1,0,6,23,25,26,43,2,123,24.6,6,43,37,3,2,1
2130,2013-09-27,2013,9,27,4,0,6,13,21,28,31,3,99,19.8,6,31,25,3,2,0
2131,2013-10-01,2013,10,1,1,0,1,19,24,35,37,7,116,23.2,1,37,36,4,1,0
2132,2013-10-04,2013,10,4,4,0,3,7,11,24,28,12,73,14.6,3,28,25,3,2,1
2133,2013-10-08,2013,10,8,1,0,31,39,42,43,45,10,200,40.0,31,45,14,4,1,1
2134,2013-10-11,2013,10,11,4,0,16,18,20,29,36,14,119,23.8,16,36,20,1,4,1
2135,2013-10-15,2013,10,15,1,0,27,32,35,41,45,5,180,36.0,27,45,18,4,1,0
2136,2013-10-18,2013,10,18,4,0,1,17,19,20,34,1,91,18.2,1,34,33,3,2,0
2137,2013-10-22,2013,10,22,1,0,9,15,19,24,30,20,97,19.4,9,30,21,3,2,1
2138,2013-10-25,2013,10,25,4,0,8,24,27,28,35,12,122,24.4,8,35,27,2,3,1
2139,2013-10-29,2013,10,29,1,0,6,16,35,36,43,18,136,27.2,6,43,37,2,3,1
2140,2013-11-01,2013,11,1,4,0,6,15,16,37,44,6,118,23.6,6,44,38,2,3,1
2141,2013-11-05,2013,11,5,1,0,12,26,32,42,43,10,155,31.0,12,43,31,1,4,1
2142,2013-11-08,2013,11,8,4,0,11,20,22,30,43,6,126,25.2,11,43,32,2,3,1
2143,2013-11-12,2013,11,12,1,0,2,15,22,33,35,16,107,21.4,2,35,33,3,2,1
2144,2013-11-15,2013,11,15,4,0,3,31,35,37,45,4,151,30.2,3,45,42,5,0,1
2145,2013-11-19,2013,11,19,1,0,13,19,20,24,26,4,102,20.4,13,26,13,2,3,1
2146,2013-11-22,2013,11,22,4,0,11,15,16,20,31,9,93,18.6,11,31,20,3,2,0
2147,2013-11-26,2013,11,26,1,0,5,16,19,33,34,2,107,21.4,5,34,29,3,2,1
2148,2013-11-29,2013,11,29,4,0,11,12,17,18,27,13,85,17.0,11,27,16,3,2,0
2149,2013-12-03,2013,12,3,1,0,12,17,26,27,30,1,112,22.4,12,30,18,2,3,0
2150,2013-12-06,2013,12,6,4,0,13,15,21,28,31,19,108,21.6,13,31,18,4,1,0
2151,2013-12-10,2013,12,10,1,0,1,16,21,31,37,18,106,21.2,1,37,36,4,1,1
2152,2013-12-13,2013,12,13,4,0,1,11,18,30,41,15,101,20.2,1,41,40,3,2,0
2153,2013-12-17,2013,12,17,1,0,2,7,11,26,33,6,79,15.8,2,33,31,3,2,1
2154,2013-12-20,2013,12,20,4,0,10,12,16,28,37,10,103,20.6,10,37,27,1,4,1
2155,2013-12-24,2013,12,24,1,0,1,16,23,41,44,9,125,25.0,1,44,43,3,2,0
2156,2013-12-27,2013,12,27,4,0,4,16,19,34,39,16,112,22.4,4,39,35,2,3,1
2157,2013-12-31,2013,12,31,1,0,6,14,20,31,34,12,105,21.0,6,34,28,1,4,1
2158,2014-01-03,2014,1,3,4,0,10,11,19,23,28,3,91,18.2,10,28,18,3,2,0
2159,2014-01-07,2014,1,7,1,0,28,37,39,43,44,18,191,38.2,28,44,16,3,2,1
2160,2014-01-10,2014,1,10,4,0,4,7,24,36,39,7,110,22.0,4,39,35,2,3,0
2161,2014-01-14,2014,1,14,1,0,31,34,37,42,43,8,187,37.4,31,43,12,3,2,1
2162,2014-01-17,2014,1,17,4,0,10,16,23,26,33,1,108,21.6,10,33,23,2,3,0
2163,2014-01-21,2014,1,21,1,0,1,6,9,15,39,9,70,14.0,1,39,38,4,1,0
2164,2014-01-24,2014,1,24,4,0,10,15,20,33,38,7,116,23.2,10,38,28,2,3,0
2165,2014-01-28,2014,1,28,1,0,1,8,22,40,43,13,114,22.8,1,43,42,2,3,0
2166,2014-01-31,2014,1,31,4,0,10,20,25,26,42,14,123,24.6,10,42,32,1,4,1
2167,2014-02-04,2014,2,4,1,0,4,20,21,29,40,10,114,22.8,4,40,36,2,3,1
2168,2014-02-07,2014,2,7,4,0,7,13,20,21,36,9,97,19.4,7,36,29,3,2,0
2169,2014-02-11,2014,2,11,1,0,3,7,10,13,40,5,73,14.6,3,40,37,3,2,0
2170,2014-02-14,2014,2,14,4,0,6,9,18,21,24,8,78,15.6,6,24,18,2,3,1
2171,2014-02-18,2014,2,18,1,0,2,26,36,42,43,3,149,29.8,2,43,41,1,4,0
2172,2014-02-21,2014,2,21,4,0,2,8,19,38,44,11,111,22.2,2,44,42,1,4,0
2173,2014-02-25,2014,2,25,1,0,4,7,12,27,44,17,94,18.8,4,44,40,2,3,0
2174,2014-02-28,2014,2,28,4,0,11,14,32,42,45,18,144,28.8,11,45,34,2,3,1
2175,2014-03-04,2014,3,4,1,0,2,7,26,28,30,4,93,18.6,2,30,28,1,4,1
2176,2014-03-07,2014,3,7,4,0,16,18,22,37,38,3,131,26.2,16,38,22,1,4,0
2177,2014-03-11,2014,3,11,1,0,9,19,21,25,37,16,111,22.2,9,37,28,5,0,1
2178,2014-03-14,2014,3,14,4,0,3,15,29,34,44,7,125,25.0,3,44,41,3,2,0
2179,2014-03-18,2014,3,18,1,0,1,13,17,32,35,13,98,19.6,1,35,34,4,1,0
2180,2014-03-21,2014,3,21,4,0,7,8,14,18,38,14,85,17.0,7,38,31,1,4,1
2181,2014-03-25,2014,3,25,1,0,2,17,19,29,34,3,101,20.2,2,34,32,3,2,0
2182,2014-03-28,2014,3,28,4,0,2,3,7,35,41,16,88,17.6,2,41,39,4,1,1
2183,2014-04-01,2014,4,1,1,0,14,17,24,27,34,4,116,23.2,14,34,20,2,3,1
2184,2014-04-04,2014,4,4,4,0,3,16,22,24,44,15,109,21.8,3,44,41,1,4,0
2185,2014-04-08,2014,4,8,1,0,1,2,10,33,45,18,91,18.2,1,45,44,3,2,1
2186,2014-04-11,2014,4,11,4,0,17,23,33,41,42,18,156,31.2,17,42,25,4,1,1
2187,2014-04-15,2014,4,15,1,0,2,6,10,11,37,14,66,13.2,2,37,35,2,3,1
2188,2014-04-22,2014,4,22,1,0,3,22,28,30,42,11,125,25.0,3,42,39,1,4,0
2189,2014-04-25,2014,4,25,4,0,13,15,28,29,30,7,115,23.0,13,30,17,3,2,0
2190,2014-04-29,2014,4,29,1,0,12,20,31,40,44,14,147,29.4,12,44,32,1,4,1
2191,2014-05-02,2014,5,2,4,0,11,14,24,36,41,11,126,25.2,11,41,30,2,3,0
2192,2014-05-06,2014,5,6,1,0,4,15,26,37,40,20,122,24.4,4,40,36,2,3,1
2193,2014-05-09,2014,5,9,4,0,1,5,22,26,34,16,88,17.6,1,34,33,2,3,1
2194,2014-05-13,2014,5,13,1,0,1,4,20,24,38,20,87,17.4,1,38,37,1,4,1
2195,2014-05-16,2014,5,16,4,0,8,22,25,34,37,5,126,25.2,8,37,29,2,3,0
2196,2014-05-20,2014,5,20,1,0,3,8,21,35,45,7,112,22.4,3,45,42,4,1,0
2197,2014-05-23,2014,5,23,4,0,12,22,40,42,43,12,159,31.8,12,43,31,1,4,1
2198,2014-05-27,2014,5,27,1,0,4,11,24,26,31,10,96,19.2,4,31,27,2,3,1
2199,2014-05-30,2014,5,30,4,0,1,3,35,40,43,17,122,24.4,1,43,42,4,1,0
2200,2014-06-03,2014,6,3,1,0,23,28,30,41,43,12,165,33.0,23,43,20,3,2,1
2201,2014-06-06,2014,6,6,4,0,4,10,16,29,42,11,101,20.2,4,42,38,1,4,0
2202,2014-06-10,2014,6,10,1,0,11,15,24,28,35,13,113,22.6,11,35,24,3,2,0
2203,2014-06-13,2014,6,13,4,0,12,18,21,27,34,10,112,22.4,12,34,22,2,3,1
2204,2014-06-17,2014,6,17,1,0,2,3,7,19,25,11,56,11.2,2,25,23,4,1,0
2205,2014-06-20,2014,6,20,4,0,25,27,36,37,39,4,164,32.8,25,39,14,4,1,1
2206,2014-06-24,2014,6,24,1,0,4,5,6,12,30,16,57,11.4,4,30,26,1,4,1
2207,2014-06-27,2014,6,27,4,0,11,12,14,30,32,2,99,19.8,11,32,21,1,4,1
2208,2014-07-01,2014,7,1,1,0,1,10,19,21,31,11,82,16.4,1,31,30,4,1,0
2209,2014-07-04,2014,7,4,4,0,4,19,25,31,36,3,115,23.0,4,36,32,3,2,0
2210,2014-07-08,2014,7,8,1,0,12,19,27,37,43,9,138,27.6,12,43,31,4,1,0
2211,2014-07-11,2014,7,11,4,0,6,13,27,33,35,15,114,22.8,6,35,29,4,1,0
2212,2014-07-15,2014,7,15,1,0,22,24,29,36,43,13,154,30.8,22,43,21,2,3,0
2213,2014-07-18,2014,7,18,4,0,14,17,19,22,35,17,107,21.4,14,35,21,3,2,0
2214,2014-07-22,2014,7,22,1,0,9,21,27,39,43,3,139,27.8,9,43,34,5,0,0
2215,2014-07-25,2014,7,25,4,0,9,13,28,40,45,12,135,27.0,9,45,36,3,2,1
2216,2014-07-29,2014,7,29,1,0,1,9,23,29,42,13,104,20.8,1,42,41,4,1,0
2217,2014-08-01,2014,8,1,4,0,7,14,15,35,39,4,110,22.0,7,39,32,4,1,1
2218,2014-08-05,2014,8,5,1,0,14,32,35,37,40,3,158,31.6,14,40,26,2,3,0
2219,2014-08-08,2014,8,8,4,0,10,23,35,37,39,12,144,28.8,10,39,29,4,1,1
2220,2014-08-12,2014,8,12,1,0,10,17,26,29,31,4,113,22.6,10,31,21,3,2,1
2221,2014-08-15,2014,8,15,4,0,19,31,40,41,43,13,174,34.8,19,43,24,4,1,0
2222,2014-08-19,2014,8,19,1,0,6,18,22,26,35,5,107,21.4,6,35,29,1,4,0
2223,2014-08-22,2014,8,22,4,0,5,8,21,34,35,7,103,20.6,5,35,30,3,2,0
2224,2014-08-26,2014,8,26,1,0,4,12,28,29,36,3,109,21.8,4,36,32,1,4,0
2225,2014-08-29,2014,8,29,4,0,15,23,30,41,43,13,152,30.4,15,43,28,4,1,0
2226,2014-09-02,2014,9,2,1,0,11,21,36,39,44,2,151,30.2,11,44,33,3,2,1
2227,2014-09-05,2014,9,5,4,0,1,8,24,33,43,11,109,21.8,1,43,42,3,2,0
2228,2014-09-09,2014,9,9,1,0,2,4,18,19,29,6,72,14.4,2,29,27,2,3,1
2229,2014-09-12,2014,9,12,4,0,3,21,26,27,36,18,113,22.6,3,36,33,3,2,1
2230,2014-09-16,2014,9,16,1,0,7,12,28,43,44,8,134,26.8,7,44,37,2,3,1
2231,2014-09-19,2014,9,19,4,0,9,13,25,28,34,3,109,21.8,9,34,25,3,2,0
2232,2014-09-23,2014,9,23,1,0,7,10,21,22,34,3,94,18.8,7,34,27,2,3,0
2233,2014-09-26,2014,9,26,4,0,1,3,6,34,37,1,81,16.2,1,37,36,3,2,0
2234,2014-09-30,2014,9,30,1,0,18,27,37,39,41,6,162,32.4,18,41,23,4,1,1
2235,2014-10-03,2014,10,3,4,0,20,34,38,42,43,13,177,35.4,20,43,23,1,4,0
2236,2014-10-07,2014,10,7,1,0,6,11,20,36,45,12,118,23.6,6,45,39,2,3,1
2237,2014-10-10,2014,10,10,4,0,4,9,14,17,26,2,70,14.0,4,26,22,2,3,1
2238,2014-10-14,2014,10,14,1,0,7,21,38,39,43,5,148,29.6,7,43,36,4,1,0
2239,2014-10-17,2014,10,17,4,0,6,17,22,27,35,7,107,21.4,6,35,29,3,2,0
2240,2014-10-21,2014,10,21,1,0,26,28,30,31,32,18,147,29.4,26,32,6,1,4,1
2241,2014-10-24,2014,10,24,4,0,7,21,31,37,44,10,140,28.0,7,44,37,4,1,1
2242,2014-10-28,2014,10,28,1,0,9,10,17,23,33,18,92,18.4,9,33,24,4,1,1
2243,2014-10-31,2014,10,31,4,0,4,16,21,35,36,6,112,22.4,4,36,32,2,3,1
2244,2014-11-04,2014,11,4,1,0,12,17,19,24,36,11,108,21.6,12,36,24,2,3,0
2245,2014-11-07,2014,11,7,4,0,8,14,33,41,44,9,140,28.0,8,44,36,2,3,0
2246,2014-11-11,2014,11,11,1,0,3,4,18,22,40,7,87,17.4,3,40,37,1,4,0
2247,2014-11-14,2014,11,14,4,0,3,14,27,29,45,19,118,23.6,3,45,42,4,1,0
2248,2014-11-18,2014,11,18,1,0,15,18,22,24,41,1,120,24.0,15,41,26,2,3,0
2249,2014-11-21,2014,11,21,4,0,7,10,12,32,40,14,101,20.2,7,40,33,1,4,1
2250,2014-11-25,2014,11,25,1,0,8,19,24,37,40,7,128,25.6,8,40,32,2,3,0
2251,2014-11-28,2014,11,28,4,0,21,28,33,40,43,10,165,33.0,21,43,22,3,2,1
2252,2014-12-02,2014,12,2,1,0,19,25,26,40,43,12,153,30.6,19,43,24,3,2,1
2253,2014-12-05,2014,12,5,4,0,14,20,26,28,39,12,127,25.4,14,39,25,1,4,1
2254,2014-12-09,2014,12,9,1,0,13,22,35,36,43,15,149,29.8,13,43,30,3,2,0
2255,2014-12-12,2014,12,12,4,0,26,33,34,36,38,2,167,33.4,26,38,12,1,4,1
2256,2014-12-16,2014,12,16,1,0,9,10,11,15,34,2,79,15.8,9,34,25,3,2,1
2257,2014-12-19,2014,12,19,4,0,7,9,10,29,45,7,100,20.0,7,45,38,4,1,0
2258,2014-12-23,2014,12,23,1,0,2,25,31,32,36,3,126,25.2,2,36,34,2,3,0
2259,2014-12-26,2014,12,26,4,0,10,12,13,30,45,11,110,22.0,10,45,35,2,3,0
2260,2014-12-30,2014,12,30,1,0,8,15,25,31,40,13,119,23.8,8,40,32,3,2,0
2261,2015-01-02,2015,1,2,4,0,1,14,21,41,43,16,120,24.0,1,43,42,4,1,1
2262,2015-01-06,2015,1,6,1,0,2,9,14,18,20,20,63,12.6,2,20,18,1,4,1
2263,2015-01-09,2015,1,9,4,0,2,13,15,17,31,5,78,15.6,2,31,29,4,1,0
2264,2015-01-13,2015,1,13,1,0,3,9,15,18,35,17,80,16.0,3,35,32,4,1,0
2265,2015-01-16,2015,1,16,4,0,5,7,14,29,42,4,97,19.4,5,42,37,3,2,1
2266,2015-01-20,2015,1,20,1,0,3,4,23,31,35,5,96,19.2,3,35,32,4,1,0
2267,2015-01-23,2015,1,23,4,0,1,8,11,29,34,13,83,16.6,1,34,33,3,2,0
2268,2015-01-27,2015,1,27,1,0,12,26,28,31,35,13,132,26.4,12,35,23,2,3,0
2269,2015-01-30,2015,1,30,4,0,4,23,25,43,45,17,140,28.0,4,45,41,4,1,0
2270,2015-02-03,2015,2,3,1,0,11,12,25,41,42,20,131,26.2,11,42,31,3,2,1
2271,2015-02-06,2015,2,6,4,0,17,23,36,38,42,2,156,31.2,17,42,25,2,3,1
2272,2015-02-10,2015,2,10,1,0,10,20,27,31,33,6,121,24.2,10,33,23,3,2,1
2273,2015-02-13,2015,2,13,4,0,6,11,20,27,37,20,101,20.2,6,37,31,3,2,1
2274,2015-02-17,2015,2,17,1,0,1,5,9,18,40,17,73,14.6,1,40,39,3,2,0
2275,2015-02-20,2015,2,20,4,0,2,11,12,19,40,12,84,16.8,2,40,38,2,3,1
2276,2015-02-24,2015,2,24,1,0,13,14,18,25,39,20,109,21.8,13,39,26,3,2,1
2277,2015-02-27,2015,2,27,4,0,4,9,27,31,41,11,112,22.4,4,41,37,4,1,0
2278,2015-03-03,2015,3,3,1,0,1,27,30,33,38,9,129,25.8,1,38,37,3,2,0
2279,2015-03-06,2015,3,6,4,0,10,21,23,25,45,9,124,24.8,10,45,35,4,1,0
2280,2015-03-10,2015,3,10,1,0,24,26,27,31,33,18,141,28.2,24,33,9,3,2,1
2281,2015-03-13,2015,3,13,4,0,18,19,20,22,43,6,122,24.4,18,43,25,2,3,1
2282,2015-03-17,2015,3,17,1,0,12,15,26,34,41,16,128,25.6,12,41,29,2,3,1
2283,2015-03-20,2015,3,20,4,0,11,17,27,34,42,9,131,26.2,11,42,31,3,2,0
2284,2015-03-24,2015,3,24,1,0,5,17,21,25,36,16,104,20.8,5,36,31,4,1,1
2285,2015-03-27,2015,3,27,4,0,8,23,33,35,40,17,139,27.8,8,40,32,3,2,0
2286,2015-03-31,2015,3,31,1,0,5,6,20,26,27,15,84,16.8,5,27,22,2,3,0
2287,2015-04-07,2015,4,7,1,0,5,16,22,24,40,7,107,21.4,5,40,35,1,4,0
2288,2015-04-10,2015,4,10,4,0,12,13,17,22,28,18,92,18.4,12,28,16,2,3,1
2289,2015-04-14,2015,4,14,1,0,20,22,23,29,33,19,127,25.4,20,33,13,3,2,0
2290,2015-04-17,2015,4,17,4,0,5,6,26,31,41,16,109,21.8,5,41,36,3,2,1
2291,2015-04-21,2015,4,21,1,0,7,9,22,28,35,15,101,20.2,7,35,28,3,2,0
2292,2015-04-24,2015,4,24,4,0,4,13,20,31,38,1,106,21.2,4,38,34,2,3,0
2293,2015-04-28,2015,4,28,1,0,11,27,37,39,44,3,158,31.6,11,44,33,4,1,0
2294,2015-05-01,2015,5,1,4,0,4,8,20,35,45,16,112,22.4,4,45,41,2,3,1
2295,2015-05-05,2015,5,5,1,0,4,8,18,22,38,15,90,18.0,4,38,34,0,5,0
2296,2015-05-08,2015,5,8,4,0,2,22,37,38,43,15,142,28.4,2,43,41,2,3,0
2297,2015-05-12,2015,5,12,1,0,18,21,24,28,41,15,132,26.4,18,41,23,2,3,0
2298,2015-05-15,2015,5,15,4,0,8,26,40,44,45,7,163,32.6,8,45,37,1,4,0
2299,2015-05-19,2015,5,19,1,0,3,21,25,26,36,1,111,22.2,3,36,33,3,2,0
2300,2015-05-22,2015,5,22,4,0,9,31,32,40,41,10,153,30.6,9,41,32,3,2,1
2301,2015-05-26,2015,5,26,1,0,12,13,20,31,36,19,112,22.4,12,36,24,2,3,0
2302,2015-05-29,2015,5,29,4,0,4,12,17,25,29,5,87,17.4,4,29,25,3,2,0
2303,2015-06-02,2015,6,2,1,0,6,8,11,19,22,17,66,13.2,6,22,16,2,3,0
2304,2015-06-05,2015,6,5,4,0,5,9,21,25,35,4,95,19.0,5,35,30,5,0,1
2305,2015-06-09,2015,6,9,1,0,2,8,16,18,30,12,74,14.8,2,30,28,0,5,1
2306,2015-06-12,2015,6,12,4,0,21,26,28,30,44,10,149,29.8,21,44,23,1,4,1
2307,2015-06-16,2015,6,16,1,0,10,13,15,22,30,1,90,18.0,10,30,20,2,3,0
2308,2015-06-19,2015,6,19,4,0,1,22,29,34,35,15,121,24.2,1,35,34,3,2,0
2309,2015-06-23,2015,6,23,1,0,4,11,19,24,42,6,100,20.0,4,42,38,2,3,1
2310,2015-06-26,2015,6,26,4,0,11,12,24,27,32,20,106,21.2,11,32,21,2,3,1
2311,2015-06-30,2015,6,30,1,0,12,15,25,39,44,19,135,27.0,12,44,32,3,2,0
2312,2015-07-03,2015,7,3,4,0,2,9,19,24,26,14,80,16.0,2,26,24,2,3,1
2313,2015-07-07,2015,7,7,1,0,11,16,20,22,38,5,107,21.4,11,38,27,1,4,0
2314,2015-07-10,2015,7,10,4,0,10,11,14,19,34,14,88,17.6,10,34,24,2,3,1
2315,2015-07-14,2015,7,14,1,0,8,12,15,25,36,10,96,19.2,8,36,28,2,3,1
2316,2015-07-17,2015,7,17,4,0,8,23,24,42,44,4,141,28.2,8,44,36,1,4,1
2317,2015-07-21,2015,7,21,1,0,4,18,19,21,29,17,91,18.2,4,29,25,3,2,0
2318,2015-07-24,2015,7,24,4,0,12,34,35,38,39,3,158,31.6,12,39,27,2,3,0
2319,2015-07-28,2015,7,28,1,0,6,21,23,36,43,18,129,25.8,6,43,37,3,2,1
2320,2015-07-31,2015,7,31,4,0,4,9,28,35,38,14,114,22.8,4,38,34,2,3,1
2321,2015-08-04,2015,8,4,1,0,4,7,8,26,36,13,81,16.2,4,36,32,1,4,0
2322,2015-08-07,2015,8,7,4,0,9,10,19,28,45,12,111,22.2,9,45,36,3,2,1
2323,2015-08-11,2015,8,11,1,0,11,14,20,24,44,16,113,22.6,11,44,33,1,4,1
2324,2015-08-14,2015,8,14,4,0,2,17,26,32,43,11,120,24.0,2,43,41,2,3,0
2325,2015-08-18,2015,8,18,1,0,6,20,30,40,43,13,139,27.8,6,43,37,1,4,0
2326,2015-08-21,2015,8,21,4,0,8,14,23,26,45,1,116,23.2,8,45,37,2,3,0
2327,2015-08-25,2015,8,25,1,0,2,11,19,20,31,10,83,16.6,2,31,29,3,2,1
2328,2015-08-28,2015,8,28,4,0,10,16,18,20,31,17,95,19.0,10,31,21,1,4,0
2329,2015-09-01,2015,9,1,1,0,23,30,31,44,45,7,173,34.6,23,45,22,3,2,0
2330,2015-09-04,2015,9,4,4,0,1,25,29,43,44,13,142,28.4,1,44,43,4,1,0
2331,2015-09-08,2015,9,8,1,0,1,12,13,14,23,20,63,12.6,1,23,22,3,2,1
2332,2015-09-11,2015,9,11,4,0,2,6,22,23,41,9,94,18.8,2,41,39,2,3,0
2333,2015-09-15,2015,9,15,1,0,5,19,21,42,43,17,130,26.0,5,43,38,4,1,0
2334,2015-09-18,2015,9,18,4,0,5,17,25,40,45,6,132,26.4,5,45,40,4,1,1
2335,2015-09-22,2015,9,22,1,0,2,21,22,25,31,19,101,20.2,2,31,29,3,2,0
2336,2015-09-25,2015,9,25,4,0,14,20,21,26,32,12,113,22.6,14,32,18,1,4,1
2337,2015-09-29,2015,9,29,1,0,10,11,12,24,35,19,92,18.4,10,35,25,2,3,0
2338,2015-10-02,2015,10,2,4,0,6,9,14,32,43,1,104,20.8,6,43,37,2,3,0
2339,2015-10-06,2015,10,6,1,0,24,35,38,42,44,9,183,36.6,24,44,20,1,4,0
2340,2015-10-09,2015,10,9,4,0,14,17,32,41,43,5,147,29.4,14,43,29,3,2,0
2341,2015-10-13,2015,10,13,1,0,7,11,14,23,34,3,89,17.8,7,34,27,3,2,0
2342,2015-10-16,2015,10,16,4,0,28,34,41,42,45,8,190,38.0,28,45,17,2,3,1
2343,2015-10-20,2015,10,20,1,0,13,14,17,35,44,6,123,24.6,13,44,31,3,2,1
2344,2015-10-23,2015,10,23,4,0,1,5,27,33,37,10,103,20.6,1,37,36,5,0,1
2345,2015-10-27,2015,10,27,1,0,5,13,18,27,41,3,104,20.8,5,41,36,4,1,0
2346,2015-10-30,2015,10,30,4,0,3,6,18,40,44,12,111,22.2,3,44,41,1,4,1
2347,2015-11-03,2015,11,3,1,0,1,7,10,37,45,3,100,20.0,1,45,44,4,1,0
2348,2015-11-06,2015,11,6,4,0,19,24,30,40,42,10,155,31.0,19,42,23,1,4,1
2349,2015-11-10,2015,11,10,1,0,6,21,22,28,43,2,120,24.0,6,43,37,2,3,1
2350,2015-11-13,2015,11,13,4,0,2,11,16,31,45,20,105,21.0,2,45,43,3,2,1
2351,2015-11-17,2015,11,17,1,0,17,29,35,38,40,13,159,31.8,17,40,23,3,2,0
2352,2015-11-20,2015,11,20,4,0,10,16,29,37,41,7,133,26.6,10,41,31,3,2,0
2353,2015-11-24,2015,11,24,1,0,30,33,34,44,45,8,186,37.2,30,45,15,2,3,1
2354,2015-11-27,2015,11,27,4,0,1,19,28,42,44,18,134,26.8,1,44,43,2,3,1
2355,2015-12-01,2015,12,1,1,0,4,10,18,23,34,1,89,17.8,4,34,30,1,4,0
2356,2015-12-04,2015,12,4,4,0,7,18,34,35,41,1,135,27.0,7,41,34,3,2,0
2357,2015-12-08,2015,12,8,1,0,7,10,12,24,26,7,79,15.8,7,26,19,1,4,0
2358,2015-12-11,2015,12,11,4,0,1,3,5,11,38,13,58,11.6,1,38,37,4,1,0
2359,2015-12-15,2015,12,15,1,0,4,11,18,20,42,12,95,19.0,4,42,38,1,4,1
2360,2015-12-18,2015,12,18,4,0,3,35,40,43,45,5,166,33.2,3,45,42,4,1,0
2361,2015-12-22,2015,12,22,1,0,3,8,16,38,43,9,108,21.6,3,43,40,2,3,0
2362,2015-12-29,2015,12,29,1,0,5,7,14,25,30,3,81,16.2,5,30,25,3,2,0
2363,2016-01-01,2016,1,1,4,0,13,17,24,34,40,18,128,25.6,13,40,27,2,3,1
2364,2016-01-05,2016,1,5,1,0,24,29,38,39,45,18,175,35.0,24,45,21,3,2,1
2365,2016-01-08,2016,1,8,4,0,15,17,38,39,43,11,152,30.4,15,43,28,4,1,0
2366,2016-01-12,2016,1,12,1,0,10,16,27,29,36,13,118,23.6,10,36,26,2,3,0
2367,2016-01-15,2016,1,15,4,0,4,9,19,31,32,1,95,19.0,4,32,28,3,2,0
2368,2016-01-19,2016,1,19,1,0,1,4,9,35,39,5,88,17.6,1,39,38,4,1,0
2369,2016-01-22,2016,1,22,4,0,1,5,15,23,43,11,87,17.4,1,43,42,5,0,0
2370,2016-01-26,2016,1,26,1,0,3,12,16,27,37,12,95,19.0,3,37,34,3,2,1
2371,2016-01-29,2016,1,29,4,0,5,14,20,24,28,5,91,18.2,5,28,23,1,4,0
2372,2016-02-02,2016,2,2,1,0,7,8,32,35,44,9,126,25.2,7,44,37,2,3,0
2373,2016-02-05,2016,2,5,4,0,6,15,16,31,40,9,108,21.6,6,40,34,2,3,0
2374,2016-02-09,2016,2,9,1,0,14,21,41,42,43,4,161,32.2,14,43,29,3,2,1
2375,2016-02-12,2016,2,12,4,0,9,32,40,42,44,19,167,33.4,9,44,35,1,4,0
2376,2016-02-16,2016,2,16,1,0,5,9,11,14,42,7,81,16.2,5,42,37,3,2,0
2377,2016-02-19,2016,2,19,4,0,12,14,15,23,41,18,105,21.0,12,41,29,3,2,1
2378,2016-02-23,2016,2,23,1,0,3,15,16,23,24,3,81,16.2,3,24,21,3,2,0
2379,2016-02-26,2016,2,26,4,0,5,12,35,36,38,17,126,25.2,5,38,33,2,3,0
2380,2016-03-01,2016,3,1,1,0,4,8,15,17,27,1,71,14.2,4,27,23,3,2,0
2381,2016-03-04,2016,3,4,4,0,1,6,30,40,43,6,120,24.0,1,43,42,2,3,1
2382,2016-03-08,2016,3,8,1,0,2,6,15,26,39,12,88,17.6,2,39,37,2,3,1
2383,2016-03-11,2016,3,11,4,0,1,2,3,13,34,11,53,10.6,1,34,33,3,2,0
2384,2016-03-15,2016,3,15,1,0,4,7,32,41,44,11,128,25.6,4,44,40,2,3,0
2385,2016-03-18,2016,3,18,4,0,14,17,26,32,33,14,122,24.4,14,33,19,2,3,1
2386,2016-03-22,2016,3,22,1,0,11,13,23,42,43,4,132,26.4,11,43,32,4,1,1
2387,2016-03-25,2016,3,25,4,0,1,7,12,21,33,2,74,14.8,1,33,32,4,1,1
2388,2016-03-29,2016,3,29,1,0,4,28,37,40,45,14,154,30.8,4,45,41,2,3,1
2389,2016-04-01,2016,4,1,4,0,11,15,31,37,43,11,137,27.4,11,43,32,5,0,0
2390,2016-04-05,2016,4,5,1,0,4,24,27,36,40,8,131,26.2,4,40,36,1,4,1
2391,2016-04-08,2016,4,8,4,0,24,28,34,35,43,13,164,32.8,24,43,19,2,3,0
2392,2016-04-12,2016,4,12,1,0,2,16,18,20,24,16,80,16.0,2,24,22,0,5,1
2393,2016-04-15,2016,4,15,4,0,20,29,33,37,38,6,157,31.4,20,38,18,3,2,1
2394,2016-04-19,2016,4,19,1,0,10,11,12,32,33,17,98,19.6,10,33,23,2,3,0
2395,2016-04-22,2016,4,22,4,0,1,4,12,18,29,16,64,12.8,1,29,28,2,3,1
2396,2016-04-26,2016,4,26,1,0,1,3,16,19,31,13,70,14.0,1,31,30,4,1,0
2397,2016-04-29,2016,4,29,4,0,3,11,22,35,41,9,112,22.4,3,41,38,4,1,0
2398,2016-05-03,2016,5,3,1,0,1,15,23,32,41,11,112,22.4,1,41,40,4,1,0
2399,2016-05-06,2016,5,6,4,0,3,13,24,41,44,5,125,25.0,3,44,41,3,2,0
2400,2016-05-10,2016,5,10,1,0,5,20,26,27,33,18,111,22.2,5,33,28,3,2,1
2401,2016-05-13,2016,5,13,4,0,3,5,23,29,37,20,97,19.4,3,37,34,5,0,1
2402,2016-05-17,2016,5,17,1,0,8,15,17,24,30,18,94,18.8,8,30,22,2,3,1
2403,2016-05-20,2016,5,20,4,0,21,29,32,36,43,3,161,32.2,21,43,22,3,2,0
2404,2016-05-24,2016,5,24,1,0,8,12,23,24,31,15,98,19.6,8,31,23,2,3,0
2405,2016-05-27,2016,5,27,4,0,7,15,24,28,29,2,103,20.6,7,29,22,3,2,1
2406,2016-05-31,2016,5,31,1,0,3,28,38,39,42,16,150,30.0,3,42,39,2,3,1
2407,2016-06-03,2016,6,3,4,0,7,14,20,37,43,12,121,24.2,7,43,36,3,2,1
2408,2016-06-07,2016,6,7,1,0,3,4,11,23,37,17,78,15.6,3,37,34,4,1,0
2409,2016-06-10,2016,6,10,4,0,3,6,17,21,27,10,74,14.8,3,27,24,4,1,1
2410,2016-06-14,2016,6,14,1,0,20,24,40,44,45,17,173,34.6,20,45,25,1,4,0
2411,2016-06-17,2016,6,17,4,0,7,9,23,39,45,10,123,24.6,7,45,38,5,0,1
2412,2016-06-21,2016,6,21,1,0,3,13,22,26,43,18,107,21.4,3,43,40,3,2,1
2413,2016-06-24,2016,6,24,4,0,1,7,9,21,43,9,81,16.2,1,43,42,5,0,0
2414,2016-06-28,2016,6,28,1,0,4,5,7,10,34,16,60,12.0,4,34,30,2,3,1
2415,2016-07-01,2016,7,1,4,0,17,20,22,27,41,18,127,25.4,17,41,24,3,2,1
2416,2016-07-05,2016,7,5,1,0,9,17,19,29,42,15,116,23.2,9,42,33,4,1,0
2417,2016-07-08,2016,7,8,4,0,1,12,26,36,37,3,112,22.4,1,37,36,2,3,0
2418,2016-07-12,2016,7,12,1,0,4,12,23,31,41,5,111,22.2,4,41,37,3,2,0
2419,2016-07-15,2016,7,15,4,0,2,14,31,34,37,12,118,23.6,2,37,35,2,3,1
2420,2016-07-19,2016,7,19,1,0,2,31,34,38,39,5,144,28.8,2,39,37,2,3,0
2421,2016-07-22,2016,7,22,4,0,1,7,16,28,35,3,87,17.4,1,35,34,3,2,0
2422,2016-07-26,2016,7,26,1,0,1,6,16,22,25,13,70,14.0,1,25,24,2,3,0
2423,2016-07-29,2016,7,29,4,0,4,12,31,41,42,19,130,26.0,4,42,38,2,3,0
2424,2016-08-02,2016,8,2,1,0,8,11,14,30,42,8,105,21.0,8,42,34,1,4,1
2425,2016-08-05,2016,8,5,4,0,3,21,34,37,40,20,135,27.0,3,40,37,3,2,1
2426,2016-08-09,2016,8,9,1,0,5,13,17,24,36,18,95,19.0,5,36,31,3,2,1
2427,2016-08-12,2016,8,12,4,0,10,15,35,38,39,13,137,27.4,10,39,29,3,2,0
2428,2016-08-16,2016,8,16,1,0,7,8,16,30,44,14,105,21.0,7,44,37,1,4,1
2429,2016-08-19,2016,8,19,4,0,6,18,32,33,36,4,125,25.0,6,36,30,1,4,1
2430,2016-08-23,2016,8,23,1,0,9,13,19,26,43,8,110,22.0,9,43,34,4,1,1
2431,2016-08-26,2016,8,26,4,0,2,12,14,32,42,8,102,20.4,2,42,40,0,5,1
2432,2016-08-30,2016,8,30,1,0,4,9,14,18,34,10,79,15.8,4,34,30,1,4,1
2433,2016-09-02,2016,9,2,4,0,20,23,30,38,41,10,152,30.4,20,41,21,2,3,1
2434,2016-09-06,2016,9,6,1,0,4,18,39,43,44,12,148,29.6,4,44,40,2,3,1
2435,2016-09-09,2016,9,9,4,0,2,18,35,37,41,15,133,26.6,2,41,39,3,2,0
2436,2016-09-13,2016,9,13,1,0,1,5,16,21,40,2,83,16.6,1,40,39,3,2,1
2437,2016-09-16,2016,9,16,4,0,1,12,33,34,37,16,117,23.4,1,37,36,3,2,1
2438,2016-09-20,2016,9,20,1,0,2,18,29,32,44,20,125,25.0,2,44,42,1,4,1
2439,2016-09-23,2016,9,23,4,0,3,11,30,32,37,3,113,22.6,3,37,34,3,2,0
2440,2016-09-27,2016,9,27,1,0,3,11,34,37,45,15,130,26.0,3,45,42,4,1,0
2441,2016-09-30,2016,9,30,4,0,5,15,16,25,36,16,97,19.4,5,36,31,3,2,1
2442,2016-10-04,2016,10,4,1,0,4,16,18,25,30,6,93,18.6,4,30,26,1,4,1
2443,2016-10-07,2016,10,7,4,0,2,14,24,34,45,7,119,23.8,2,45,43,1,4,0
2444,2016-10-11,2016,10,11,1,0,15,23,24,26,36,19,124,24.8,15,36,21,2,3,0
2445,2016-10-14,2016,10,14,4,0,4,12,31,38,40,3,125,25.0,4,40,36,1,4,0
2446,2016-10-18,2016,10,18,1,0,7,19,35,41,44,16,146,29.2,7,44,37,4,1,1
2447,2016-10-21,2016,10,21,4,0,8,15,20,22,29,19,94,18.8,8,29,21,2,3,0
2448,2016-10-25,2016,10,25,1,0,8,24,27,30,43,14,132,26.4,8,43,35,2,3,1
2449,2016-10-28,2016,10,28,4,0,9,10,18,25,36,3,98,19.6,9,36,27,2,3,0
2450,2016-11-01,2016,11,1,1,0,24,25,26,37,44,12,156,31.2,24,44,20,2,3,1
2451,2016-11-04,2016,11,4,4,0,5,14,23,31,36,19,109,21.8,5,36,31,3,2,0
2452,2016-11-08,2016,11,8,1,0,5,30,40,43,44,2,162,32.4,5,44,39,2,3,1
2453,2016-11-11,2016,11,11,4,0,1,3,20,35,36,12,95,19.0,1,36,35,3,2,1
2454,2016-11-15,2016,11,15,1,0,11,17,23,42,45,13,138,27.6,11,45,34,4,1,0
2455,2016-11-18,2016,11,18,4,0,2,7,12,18,21,10,60,12.0,2,21,19,2,3,1
2456,2016-11-22,2016,11,22,1,0,17,18,19,25,36,13,115,23.0,17,36,19,3,2,0
2457,2016-11-25,2016,11,25,4,0,5,21,22,28,33,18,109,21.8,5,33,28,3,2,1
2458,2016-11-29,2016,11,29,1,0,4,9,22,31,41,12,107,21.4,4,41,37,3,2,1
2459,2016-12-02,2016,12,2,4,0,1,11,24,28,42,9,106,21.2,1,42,41,2,3,0
2460,2016-12-06,2016,12,6,1,0,1,24,29,33,38,20,125,25.0,1,38,37,3,2,1
2461,2016-12-09,2016,12,9,4,0,1,2,8,10,14,9,35,7.0,1,14,13,1,4,0
2462,2016-12-13,2016,12,13,1,0,7,8,23,26,33,16,97,19.4,7,33,26,3,2,1
2463,2016-12-16,2016,12,16,4,0,8,15,26,28,35,10,112,22.4,8,35,27,2,3,1
2464,2016-12-20,2016,12,20,1,0,1,9,17,20,23,12,70,14.0,1,23,22,4,1,1
2465,2016-12-23,2016,12,23,4,0,1,4,6,11,16,2,38,7.6,1,16,15,2,3,1
2466,2016-12-27,2016,12,27,1,0,8,16,20,21,36,4,101,20.2,8,36,28,1,4,1
2467,2016-12-30,2016,12,30,4,0,14,31,33,42,44,15,164,32.8,14,44,30,2,3,0
2468,2017-01-03,2017,1,3,1,0,6,16,26,29,31,8,108,21.6,6,31,25,2,3,1
2469,2017-01-06,2017,1,6,4,0,11,14,30,40,42,9,137,27.4,11,42,31,1,4,0
2470,2017-01-10,2017,1,10,1,0,6,20,25,28,31,10,110,22.0,6,31,25,2,3,1
2471,2017-01-13,2017,1,13,4,0,14,20,21,26,38,18,119,23.8,14,38,24,1,4,1
2472,2017-01-17,2017,1,17,1,0,12,29,35,36,41,10,153,30.6,12,41,29,3,2,1
2473,2017-01-20,2017,1,20,4,0,5,7,17,23,41,6,93,18.6,5,41,36,5,0,1
2474,2017-01-24,2017,1,24,1,0,7,19,33,35,39,5,133,26.6,7,39,32,5,0,0
2475,2017-01-27,2017,1,27,4,0,4,5,16,28,30,10,83,16.6,4,30,26,1,4,1
2476,2017-01-31,2017,1,31,1,0,2,9,31,40,45,3,127,25.4,2,45,43,3,2,0
2477,2017-02-03,2017,2,3,4,0,20,22,37,39,43,17,161,32.2,20,43,23,3,2,0
2478,2017-02-07,2017,2,7,1,0,7,16,18,30,39,2,110,22.0,7,39,32,2,3,1
2479,2017-02-10,2017,2,10,4,0,1,12,21,24,42,5,100,20.0,1,42,41,2,3,0
2480,2017-02-14,2017,2,14,1,0,5,12,14,39,42,17,112,22.4,5,42,37,2,3,0
2481,2017-02-17,2017,2,17,4,0,9,20,23,39,42,6,133,26.6,9,42,33,3,2,1
2482,2017-02-21,2017,2,21,1,0,9,11,14,29,37,5,100,20.0,9,37,28,4,1,0
2483,2017-02-24,2017,2,24,4,0,6,9,20,30,38,11,103,20.6,6,38,32,1,4,0
2484,2017-02-28,2017,2,28,1,0,9,15,20,42,45,5,131,26.2,9,45,36,3,2,0
2485,2017-03-03,2017,3,3,4,0,1,19,24,34,41,16,119,23.8,1,41,40,3,2,1
2486,2017-03-07,2017,3,7,1,0,6,10,14,35,44,5,109,21.8,6,44,38,1,4,0
2487,2017-03-10,2017,3,10,4,0,11,20,24,28,33,2,116,23.2,11,33,22,2,3,1
2488,2017-03-14,2017,3,14,1,0,11,19,31,33,36,10,130,26.0,11,36,25,4,1,1
2489,2017-03-17,2017,3,17,4,0,6,15,20,31,37,8,109,21.8,6,37,31,3,2,1
2490,2017-03-21,2017,3,21,1,0,7,9,10,33,34,14,93,18.6,7,34,27,3,2,1
2491,2017-03-24,2017,3,24,4,0,1,3,5,13,15,11,37,7.4,1,15,14,5,0,0
2492,2017-03-28,2017,3,28,1,0,2,6,7,22,27,3,64,12.8,2,27,25,2,3,0
2493,2017-03-31,2017,3,31,4,0,9,11,20,22,36,13,98,19.6,9,36,27,2,3,0
2494,2017-04-04,2017,4,4,1,0,10,19,28,33,34,1,124,24.8,10,34,24,2,3,0
2495,2017-04-07,2017,4,7,4,0,20,21,24,34,43,20,142,28.4,20,43,23,2,3,1
2496,2017-04-11,2017,4,11,1,0,14,18,24,27,38,18,121,24.2,14,38,24,1,4,1
2497,2017-04-14,2017,4,14,4,0,13,17,20,33,42,4,125,25.0,13,42,29,3,2,1
2498,2017-04-18,2017,4,18,1,0,2,5,21,24,25,1,77,15.4,2,25,23,3,2,0
2499,2017-04-21,2017,4,21,4,0,3,7,11,29,40,18,90,18.0,3,40,37,4,1,1
2500,2017-04-25,2017,4,25,1,0,2,19,25,30,32,13,108,21.6,2,32,30,2,3,0
2501,2017-04-28,2017,4,28,4,0,8,23,24,40,44,7,139,27.8,8,44,36,1,4,0
2502,2017-05-02,2017,5,2,1,0,2,10,12,27,32,13,83,16.6,2,32,30,1,4,0
2503,2017-05-05,2017,5,5,4,0,8,9,21,24,26,4,88,17.6,8,26,18,2,3,1
2504,2017-05-09,2017,5,9,1,0,18,19,23,37,43,14,140,28.0,18,43,25,4,1,1
2505,2017-05-12,2017,5,12,4,0,1,3,15,30,37,5,86,17.2,1,37,36,4,1,0
2506,2017-05-16,2017,5,16,1,0,9,20,30,36,38,13,133,26.6,9,38,29,1,4,0
2507,2017-05-19,2017,5,19,4,0,1,2,9,17,37,7,66,13.2,1,37,36,4,1,0
2508,2017-05-23,2017,5,23,1,0,4,7,15,22,26,4,74,14.8,4,26,22,2,3,1
2509,2017-05-26,2017,5,26,4,0,13,26,29,31,37,7,136,27.2,13,37,24,4,1,0
2510,2017-05-30,2017,5,30,1,0,12,14,25,26,39,2,116,23.2,12,39,27,2,3,1
2511,2017-06-02,2017,6,2,4,0,7,11,16,38,45,20,117,23.4,7,45,38,3,2,1
2512,2017-06-06,2017,6,6,1,0,1,27,28,32,43,12,131,26.2,1,43,42,3,2,1
2513,2017-06-09,2017,6,9,4,0,11,12,17,19,35,1,94,18.8,11,35,24,4,1,0
2514,2017-06-13,2017,6,13,1,0,13,18,32,36,45,14,144,28.8,13,45,32,2,3,1
2515,2017-06-16,2017,6,16,4,0,4,7,25,28,33,14,97,19.4,4,33,29,3,2,1
2516,2017-06-20,2017,6,20,1,0,14,21,28,38,40,18,141,28.2,14,40,26,1,4,1
2517,2017-06-23,2017,6,23,4,0,14,20,33,44,45,19,156,31.2,14,45,31,2,3,0
2518,2017-06-27,2017,6,27,1,0,26,27,30,32,45,16,160,32.0,26,45,19,2,3,1
2519,2017-06-30,2017,6,30,4,0,4,5,10,23,28,3,70,14.0,4,28,24,2,3,0
2520,2017-07-04,2017,7,4,1,0,5,7,10,15,30,5,67,13.4,5,30,25,3,2,0
2521,2017-07-07,2017,7,7,4,0,9,16,18,32,43,2,118,23.6,9,43,34,2,3,1
2522,2017-07-11,2017,7,11,1,0,2,15,19,27,34,19,97,19.4,2,34,32,3,2,0
2523,2017-07-14,2017,7,14,4,0,21,28,29,31,35,8,144,28.8,21,35,14,4,1,1
2524,2017-07-18,2017,7,18,1,0,23,25,30,40,43,20,161,32.2,23,43,20,3,2,1
2525,2017-07-21,2017,7,21,4,0,7,20,29,40,43,6,139,27.8,7,43,36,3,2,1
2526,2017-07-25,2017,7,25,1,0,12,18,22,29,44,6,125,25.0,12,44,32,1,4,1
2527,2017-07-28,2017,7,28,4,0,7,28,30,35,39,1,139,27.8,7,39,32,3,2,0
2528,2017-08-01,2017,8,1,1,0,5,18,36,40,42,5,141,28.2,5,42,37,1,4,0
2529,2017-08-04,2017,8,4,4,0,15,17,24,25,28,17,109,21.8,15,28,13,3,2,0
2530,2017-08-08,2017,8,8,1,0,3,5,12,14,22,9,56,11.2,3,22,19,2,3,0
2531,2017-08-11,2017,8,11,4,0,11,28,31,32,41,18,143,28.6,11,41,30,3,2,1
2532,2017-08-15,2017,8,15,1,0,4,17,27,34,35,5,117,23.4,4,35,31,3,2,0
2533,2017-08-18,2017,8,18,4,0,13,23,30,34,40,11,140,28.0,13,40,27,2,3,0
2534,2017-08-22,2017,8,22,1,0,15,19,31,36,44,9,145,29.0,15,44,29,3,2,0
2535,2017-08-25,2017,8,25,4,0,2,15,23,28,32,2,100,20.0,2,32,30,2,3,1
2536,2017-08-29,2017,8,29,1,0,12,13,17,19,34,11,95,19.0,12,34,22,3,2,0
2537,2017-09-01,2017,9,1,4,0,11,13,31,39,41,15,135,27.0,11,41,30,5,0,0
2538,2017-09-05,2017,9,5,1,0,2,13,14,15,32,6,76,15.2,2,32,30,2,3,1
2539,2017-09-08,2017,9,8,4,0,6,7,34,39,42,12,128,25.6,6,42,36,2,3,1
2540,2017-09-12,2017,9,12,1,0,2,3,11,29,41,15,86,17.2,2,41,39,4,1,0
2541,2017-09-15,2017,9,15,4,0,11,16,24,28,44,6,123,24.6,11,44,33,1,4,1
2542,2017-09-19,2017,9,19,1,0,15,22,25,36,39,19,137,27.4,15,39,24,3,2,0
2543,2017-09-22,2017,9,22,4,0,4,12,28,30,39,3,113,22.6,4,39,35,1,4,0
2544,2017-09-26,2017,9,26,1,0,9,17,33,42,45,13,146,29.2,9,45,36,4,1,0
2545,2017-09-29,2017,9,29,4,0,26,28,32,39,42,9,167,33.4,26,42,16,1,4,0
2546,2017-10-03,2017,10,3,1,0,7,26,35,36,39,14,143,28.6,7,39,32,3,2,1
2547,2017-10-06,2017,10,6,4,0,18,22,23,31,38,17,132,26.4,18,38,20,2,3,0
2548,2017-10-10,2017,10,10,1,0,13,15,25,29,39,14,121,24.2,13,39,26,5,0,1
2549,2017-10-13,2017,10,13,4,0,5,8,25,30,32,17,100,20.0,5,32,27,2,3,0
2550,2017-10-17,2017,10,17,1,0,1,3,10,39,43,13,96,19.2,1,43,42,4,1,0
2551,2017-10-20,2017,10,20,4,0,19,20,24,26,30,20,119,23.8,19,30,11,1,4,1
2552,2017-10-24,2017,10,24,1,0,13,26,37,42,44,3,162,32.4,13,44,31,2,3,0
2553,2017-10-27,2017,10,27,4,0,14,15,21,29,45,6,124,24.8,14,45,31,4,1,1
2554,2017-10-31,2017,10,31,1,0,6,10,16,36,43,17,111,22.2,6,43,37,1,4,0
2555,2017-11-03,2017,11,3,4,0,3,17,19,23,44,19,106,21.2,3,44,41,4,1,0
2556,2017-11-07,2017,11,7,1,0,9,10,22,34,44,18,119,23.8,9,44,35,1,4,1
2557,2017-11-10,2017,11,10,4,0,13,28,31,33,44,8,149,29.8,13,44,31,3,2,1
2558,2017-11-14,2017,11,14,1,0,8,21,25,34,41,20,129,25.8,8,41,33,3,2,1
2559,2017-11-17,2017,11,17,4,0,13,14,24,36,42,20,129,25.8,13,42,29,1,4,1
2560,2017-11-21,2017,11,21,1,0,16,23,32,34,41,18,146,29.2,16,41,25,2,3,1
2561,2017-11-24,2017,11,24,4,0,4,14,29,37,43,18,127,25.4,4,43,39,3,2,1
2562,2017-11-28,2017,11,28,1,0,7,11,28,38,39,14,123,24.6,7,39,32,3,2,1
2563,2017-12-01,2017,12,1,4,0,8,11,22,28,29,1,98,19.6,8,29,21,2,3,0
2564,2017-12-05,2017,12,5,1,0,4,8,19,32,40,18,103,20.6,4,40,36,1,4,1
2565,2017-12-08,2017,12,8,4,0,3,8,17,22,27,13,77,15.4,3,27,24,3,2,0
2566,2017-12-12,2017,12,12,1,0,7,10,15,24,39,19,95,19.0,7,39,32,3,2,0
2567,2017-12-15,2017,12,15,4,0,2,9,10,17,44,18,82,16.4,2,44,42,2,3,1
2568,2017-12-19,2017,12,19,1,0,3,7,11,43,44,4,108,21.6,3,44,41,4,1,1
2569,2017-12-22,2017,12,22,4,0,5,9,16,19,31,3,80,16.0,5,31,26,4,1,0
2570,2017-12-26,2017,12,26,1,0,13,14,29,42,44,4,142,28.4,13,44,31,2,3,1
2571,2017-12-29,2017,12,29,4,0,3,7,21,41,42,18,114,22.8,3,42,39,4,1,1
2572,2018-01-02,2018,1,2,1,0,21,29,30,34,37,20,151,30.2,21,37,16,3,2,1
2573,2018-01-05,2018,1,5,4,0,8,31,34,35,44,4,152,30.4,8,44,36,2,3,1
2574,2018-01-09,2018,1,9,1,0,4,11,18,19,40,19,92,18.4,4,40,36,2,3,0
2575,2018-01-12,2018,1,12,4,0,15,17,20,25,42,19,119,23.8,15,42,27,3,2,0
2576,2018-01-16,2018,1,16,1,0,12,27,29,35,36,15,139,27.8,12,36,24,3,2,0
2577,2018-01-19,2018,1,19,4,0,1,3,13,24,27,12,68,13.6,1,27,26,4,1,1
2578,2018-01-23,2018,1,23,1,0,3,28,40,41,42,8,154,30.8,3,42,39,2,3,1
2579,2018-01-26,2018,1,26,4,0,6,8,14,22,25,3,75,15.0,6,25,19,1,4,0
2580,2018-01-30,2018,1,30,1,0,8,20,41,42,43,4,154,30.8,8,43,35,2,3,1
2581,2018-02-02,2018,2,2,4,0,10,13,30,36,45,19,134,26.8,10,45,35,2,3,0
2582,2018-02-06,2018,2,6,1,0,6,7,21,27,40,15,101,20.2,6,40,34,3,2,0
2583,2018-02-09,2018,2,9,4,0,1,8,10,26,39,17,84,16.8,1,39,38,2,3,0
2584,2018-02-13,2018,2,13,1,0,5,10,12,29,42,8,98,19.6,5,42,37,2,3,1
2585,2018-02-16,2018,2,16,4,0,2,8,26,28,30,2,94,18.8,2,30,28,0,5,1
2586,2018-02-20,2018,2,20,1,0,8,27,30,33,42,3,140,28.0,8,42,34,2,3,0
2587,2018-02-23,2018,2,23,4,0,15,20,31,36,45,17,147,29.4,15,45,30,3,2,0
2588,2018-02-27,2018,2,27,1,0,6,16,18,33,34,13,107,21.4,6,34,28,1,4,0
2589,2018-03-02,2018,3,2,4,0,1,14,27,33,40,12,115,23.0,1,40,39,3,2,1
2590,2018-03-06,2018,3,6,1,0,12,24,29,35,36,1,136,27.2,12,36,24,2,3,0
2591,2018-03-09,2018,3,9,4,0,9,11,20,26,34,10,100,20.0,9,34,25,2,3,1
2592,2018-03-13,2018,3,13,1,0,13,26,31,37,43,15,150,30.0,13,43,30,4,1,0
2593,2018-03-16,2018,3,16,4,0,8,17,29,31,38,5,123,24.6,8,38,30,3,2,0
2594,2018-03-20,2018,3,20,1,0,5,21,35,37,40,9,138,27.6,5,40,35,4,1,0
2595,2018-03-23,2018,3,23,4,0,3,23,24,35,37,9,122,24.4,3,37,34,4,1,0
2596,2018-03-27,2018,3,27,1,0,4,9,12,18,31,6,74,14.8,4,31,27,2,3,1
2597,2018-03-30,2018,3,30,4,0,8,19,34,37,41,11,139,27.8,8,41,33,3,2,0
2598,2018-04-03,2018,4,3,1,0,4,13,16,33,40,2,106,21.2,4,40,36,2,3,1
2599,2018-04-06,2018,4,6,4,0,3,11,26,35,43,3,118,23.6,3,43,40,4,1,0
2600,2018-04-10,2018,4,10,1,0,2,14,17,31,34,19,98,19.6,2,34,32,2,3,0
2601,2018-04-13,2018,4,13,4,0,6,9,21,23,30,14,89,17.8,6,30,24,3,2,1
2602,2018-04-17,2018,4,17,1,0,3,6,7,16,33,17,65,13.0,3,33,30,3,2,0
2603,2018-04-20,2018,4,20,4,0,5,13,20,31,35,9,104,20.8,5,35,30,4,1,0
2604,2018-04-24,2018,4,24,1,0,6,16,17,39,43,4,121,24.2,6,43,37,3,2,1
2605,2018-04-27,2018,4,27,4,0,2,8,12,20,43,6,85,17.0,2,43,41,1,4,1
2606,2018-05-01,2018,5,1,1,0,8,17,29,40,42,11,136,27.2,8,42,34,2,3,0
2607,2018-05-04,2018,5,4,4,0,4,9,11,12,25,6,61,12.2,4,25,21,3,2,1
2608,2018-05-08,2018,5,8,1,0,3,4,6,26,44,5,83,16.6,3,44,41,1,4,0
2609,2018-05-11,2018,5,11,4,0,8,22,33,40,43,3,146,29.2,8,43,35,2,3,0
2610,2018-05-15,2018,5,15,1,0,5,10,20,27,40,10,102,20.4,5,40,35,2,3,1
2611,2018-05-18,2018,5,18,4,0,6,10,11,28,40,7,95,19.0,6,40,34,1,4,0
2612,2018-05-22,2018,5,22,1,0,3,10,15,19,44,14,91,18.2,3,44,41,3,2,1
2613,2018-05-25,2018,5,25,4,0,6,11,23,36,37,13,113,22.6,6,37,31,3,2,0
2614,2018-05-29,2018,5,29,1,0,12,21,31,37,41,13,142,28.4,12,41,29,4,1,0
2615,2018-06-01,2018,6,1,4,0,1,37,40,41,43,4,162,32.4,1,43,42,4,1,1
2616,2018-06-05,2018,6,5,1,0,10,13,28,33,45,14,129,25.8,10,45,35,3,2,1
2617,2018-06-08,2018,6,8,4,0,3,13,25,26,34,13,101,20.2,3,34,31,3,2,0
2618,2018-06-12,2018,6,12,1,0,3,5,31,35,37,13,111,22.2,3,37,34,5,0,0
2619,2018-06-15,2018,6,15,4,0,8,9,14,28,41,9,100,20.0,8,41,33,2,3,0
2620,2018-06-19,2018,6,19,1,0,12,20,23,24,37,4,116,23.2,12,37,25,2,3,1
2621,2018-06-22,2018,6,22,4,0,2,6,13,14,19,17,54,10.8,2,19,17,2,3,0
2622,2018-06-26,2018,6,26,1,0,15,25,39,43,50,14,172,34.4,15,50,35,4,1,1
2623,2018-06-29,2018,6,29,4,0,15,22,25,31,37,16,130,26.0,15,37,22,4,1,1
2624,2018-07-03,2018,7,3,1,0,3,38,48,49,50,18,188,37.6,3,50,47,2,3,1
2625,2018-07-06,2018,7,6,4,0,8,16,19,35,39,11,117,23.4,8,39,31,3,2,0
2626,2018-07-10,2018,7,10,1,0,1,31,34,38,46,12,150,30.0,1,46,45,2,3,1
2627,2018-07-13,2018,7,13,4,0,13,14,34,38,45,11,144,28.8,13,45,32,2,3,0
2628,2018-07-17,2018,7,17,1,0,12,26,34,35,44,4,151,30.2,12,44,32,1,4,1
2629,2018-07-20,2018,7,20,4,0,9,21,22,33,39,5,124,24.8,9,39,30,4,1,0
2630,2018-07-24,2018,7,24,1,0,9,15,18,24,29,19,95,19.0,9,29,20,3,2,0
2631,2018-07-27,2018,7,27,4,0,4,15,19,33,36,2,107,21.4,4,36,32,3,2,1
2632,2018-07-31,2018,7,31,1,0,3,6,14,34,36,12,93,18.6,3,36,33,1,4,1
2633,2018-08-03,2018,8,3,4,0,1,15,23,24,35,4,98,19.6,1,35,34,4,1,1
2634,2018-08-07,2018,8,7,1,0,2,3,19,24,30,3,78,15.6,2,30,28,2,3,0
2635,2018-08-10,2018,8,10,4,0,3,10,14,43,50,14,120,24.0,3,50,47,2,3,1
2636,2018-08-14,2018,8,14,1,0,13,29,32,38,45,5,157,31.4,13,45,32,3,2,0
2637,2018-08-17,2018,8,17,4,0,9,19,24,35,42,10,129,25.8,9,42,33,3,2,1
2638,2018-08-21,2018,8,21,1,0,19,21,23,34,45,9,142,28.4,19,45,26,4,1,0
2639,2018-08-24,2018,8,24,4,0,3,6,25,27,40,4,101,20.2,3,40,37,3,2,1
2640,2018-08-28,2018,8,28,1,0,4,13,21,41,44,15,123,24.6,4,44,40,3,2,0
2641,2018-08-31,2018,8,31,4,0,7,38,42,43,47,3,177,35.4,7,47,40,3,2,0
2642,2018-09-04,2018,9,4,1,0,3,13,24,25,41,8,106,21.2,3,41,38,4,1,1
2643,2018-09-07,2018,9,7,4,0,9,11,20,28,44,6,112,22.4,9,44,35,2,3,1
2644,2018-09-11,2018,9,11,1,0,3,26,34,40,50,12,153,30.6,3,50,47,1,4,1
2645,2018-09-14,2018,9,14,4,0,10,17,29,31,40,9,127,25.4,10,40,30,3,2,0
2646,2018-09-18,2018,9,18,1,0,15,22,23,31,38,1,129,25.8,15,38,23,3,2,0
2647,2018-09-21,2018,9,21,4,0,28,32,39,43,46,8,188,37.6,28,46,18,2,3,1
2648,2018-09-25,2018,9,25,1,0,7,15,17,30,40,11,109,21.8,7,40,33,3,2,0
2649,2018-09-28,2018,9,28,4,0,7,24,31,36,50,2,148,29.6,7,50,43,2,3,1
2650,2018-10-02,2018,10,2,1,0,3,7,15,24,35,18,84,16.8,3,35,32,4,1,1
2651,2018-10-05,2018,10,5,4,0,32,36,42,46,49,11,205,41.0,32,49,17,1,4,0
2652,2018-10-09,2018,10,9,1,0,5,13,22,24,40,5,104,20.8,5,40,35,2,3,0
2653,2018-10-12,2018,10,12,4,0,1,2,11,19,44,8,77,15.4,1,44,43,3,2,1
2654,2018-10-16,2018,10,16,1,0,2,8,27,35,41,8,113,22.6,2,41,39,3,2,1
2655,2018-10-19,2018,10,19,4,0,1,32,39,41,43,6,156,31.2,1,43,42,4,1,1
2656,2018-10-23,2018,10,23,1,0,4,17,21,28,48,20,118,23.6,4,48,44,2,3,1
2657,2018-10-26,2018,10,26,4,0,2,15,19,24,38,20,98,19.6,2,38,36,2,3,1
2658,2018-10-30,2018,10,30,1,0,19,20,24,27,29,19,119,23.8,19,29,10,3,2,0
2659,2018-11-02,2018,11,2,4,0,2,30,36,42,47,13,157,31.4,2,47,45,1,4,0
2660,2018-11-06,2018,11,6,1,0,10,20,48,49,50,12,177,35.4,10,50,40,1,4,1
2661,2018-11-09,2018,11,9,4,0,6,7,10,19,43,20,85,17.0,6,43,37,3,2,1
2662,2018-11-13,2018,11,13,1,0,4,6,19,24,41,8,94,18.8,4,41,37,2,3,1
2663,2018-11-16,2018,11,16,4,0,20,24,32,33,35,18,144,28.8,20,35,15,2,3,1
2664,2018-11-20,2018,11,20,1,0,14,32,33,37,47,15,163,32.6,14,47,33,3,2,0
2665,2018-11-23,2018,11,23,4,0,3,6,8,23,30,8,70,14.0,3,30,27,2,3,1
2666,2018-11-27,2018,11,27,1,0,12,27,39,41,46,10,165,33.0,12,46,34,3,2,1
2667,2018-11-30,2018,11,30,4,0,12,15,25,29,49,7,130,26.0,12,49,37,4,1,0
2668,2018-12-04,2018,12,4,1,0,5,13,20,33,34,6,105,21.0,5,34,29,3,2,1
2669,2018-12-07,2018,12,7,4,0,3,6,22,33,47,15,111,22.2,3,47,44,3,2,0
2670,2018-12-11,2018,12,11,1,0,7,29,39,42,48,7,165,33.0,7,48,41,3,2,0
2671,2018-12-14,2018,12,14,4,0,4,5,9,16,20,3,54,10.8,4,20,16,2,3,0
2672,2018-12-18,2018,12,18,1,0,3,5,14,20,32,16,74,14.8,3,32,29,2,3,1
2673,2018-12-21,2018,12,21,4,0,22,34,40,44,48,2,188,37.6,22,48,26,0,5,1
2674,2018-12-25,2018,12,25,1,0,13,16,28,29,30,7,116,23.2,13,30,17,2,3,0
2675,2018-12-28,2018,12,28,4,0,18,21,30,32,50,8,151,30.2,18,50,32,1,4,1
2676,2019-01-01,2019,1,1,1,0,42,44,46,47,48,11,227,45.4,42,48,6,1,4,0
2677,2019-01-04,2019,1,4,4,0,7,9,24,26,29,1,95,19.0,7,29,22,3,2,0
2678,2019-01-08,2019,1,8,1,0,2,15,35,44,46,13,142,28.4,2,46,44,2,3,0
2679,2019-01-11,2019,1,11,4,0,8,21,25,29,42,15,125,25.0,8,42,34,3,2,0
2680,2019-01-15,2019,1,15,1,0,9,13,24,27,29,20,102,20.4,9,29,20,4,1,1
2681,2019-01-18,2019,1,18,4,0,8,23,26,38,40,9,135,27.0,8,40,32,1,4,0
2682,2019-01-22,2019,1,22,1,0,6,15,24,41,47,3,133,26.6,6,47,41,3,2,0
2683,2019-01-25,2019,1,25,4,0,20,27,31,40,41,9,159,31.8,20,41,21,3,2,0
2684,2019-01-29,2019,1,29,1,0,6,7,23,25,29,5,90,18.0,6,29,23,4,1,0
2685,2019-02-01,2019,2,1,4,0,5,13,19,39,41,3,117,23.4,5,41,36,5,0,0
2686,2019-02-05,2019,2,5,1,0,5,28,31,35,50,9,149,29.8,5,50,45,3,2,0
2687,2019-02-08,2019,2,8,4,0,22,30,39,41,42,11,174,34.8,22,42,20,2,3,0
2688,2019-02-12,2019,2,12,1,0,15,16,24,38,47,13,140,28.0,15,47,32,2,3,0
2689,2019-02-15,2019,2,15,4,0,19,20,37,42,43,17,161,32.2,19,43,24,3,2,0
2690,2019-02-19,2019,2,19,1,0,14,18,21,26,35,5,114,22.8,14,35,21,2,3,0
2691,2019-02-22,2019,2,22,4,0,7,9,10,11,40,2,77,15.4,7,40,33,3,2,1
2692,2019-02-26,2019,2,26,1,0,10,20,28,31,33,12,122,24.4,10,33,23,2,3,1
2693,2019-03-01,2019,3,1,4,0,24,29,34,46,49,15,182,36.4,24,49,25,2,3,0
2694,2019-03-05,2019,3,5,1,0,1,18,24,48,49,20,140,28.0,1,49,48,2,3,1
2695,2019-03-08,2019,3,8,4,0,4,5,7,11,22,3,49,9.8,4,22,18,3,2,0
2696,2019-03-12,2019,3,12,1,0,8,27,40,46,48,18,169,33.8,8,48,40,1,4,1
2697,2019-03-15,2019,3,15,4,0,19,36,40,45,49,5,189,37.8,19,49,30,3,2,0
2698,2019-03-19,2019,3,19,1,0,3,16,32,33,36,7,120,24.0,3,36,33,2,3,0
2699,2019-03-22,2019,3,22,4,0,8,10,15,34,35,16,102,20.4,8,35,27,2,3,1
2700,2019-03-26,2019,3,26,1,0,1,8,24,26,30,2,89,17.8,1,30,29,1,4,1
2701,2019-03-29,2019,3,29,4,0,3,6,11,13,31,13,64,12.8,3,31,28,4,1,0
2702,2019-04-02,2019,4,2,1,0,11,29,35,38,41,18,154,30.8,11,41,30,4,1,1
2703,2019-04-05,2019,4,5,4,0,15,22,29,31,48,3,145,29.0,15,48,33,3,2,0
2704,2019-04-09,2019,4,9,1,0,5,11,13,28,38,14,95,19.0,5,38,33,3,2,1
2705,2019-04-12,2019,4,12,4,0,28,35,41,43,50,12,197,39.4,28,50,22,3,2,1
2706,2019-04-16,2019,4,16,1,0,5,6,32,44,48,5,135,27.0,5,48,43,1,4,0
2707,2019-04-19,2019,4,19,4,0,17,19,25,43,47,4,151,30.2,17,47,30,5,0,1
2708,2019-04-23,2019,4,23,1,0,10,35,37,46,48,9,176,35.2,10,48,38,2,3,0
2709,2019-04-26,2019,4,26,4,0,13,16,19,43,49,13,140,28.0,13,49,36,4,1,0
2710,2019-04-30,2019,4,30,1,0,1,3,20,46,48,5,118,23.6,1,48,47,2,3,0
2711,2019-05-03,2019,5,3,4,0,13,18,20,35,36,11,122,24.4,13,36,23,2,3,0
2712,2019-05-07,2019,5,7,1,0,15,22,30,45,48,13,160,32.0,15,48,33,2,3,0
2713,2019-05-10,2019,5,10,4,0,14,22,23,39,43,15,141,28.2,14,43,29,3,2,0
2714,2019-05-14,2019,5,14,1,0,15,18,34,44,46,16,157,31.4,15,46,31,1,4,1
2715,2019-05-17,2019,5,17,4,0,9,19,29,31,46,17,134,26.8,9,46,37,4,1,0
2716,2019-05-21,2019,5,21,1,0,3,11,15,33,43,13,105,21.0,3,43,40,5,0,0
2717,2019-05-24,2019,5,24,4,0,3,25,29,38,39,7,134,26.8,3,39,36,4,1,0
2718,2019-05-28,2019,5,28,1,0,15,21,25,33,43,17,137,27.4,15,43,28,5,0,0
2719,2019-05-31,2019,5,31,4,0,5,21,25,27,47,12,125,25.0,5,47,42,5,0,1
2720,2019-06-04,2019,6,4,1,0,10,16,22,46,50,19,144,28.8,10,50,40,0,5,0
2721,2019-06-07,2019,6,7,4,0,4,11,21,22,45,14,103,20.6,4,45,41,3,2,1
2722,2019-06-11,2019,6,11,1,0,11,14,15,38,47,13,125,25.0,11,47,36,3,2,0
2723,2019-06-14,2019,6,14,4,0,24,26,27,35,39,15,151,30.2,24,39,15,3,2,0
2724,2019-06-18,2019,6,18,1,0,2,3,17,20,33,3,75,15.0,2,33,31,3,2,0
2725,2019-06-21,2019,6,21,4,0,8,15,28,46,49,8,146,29.2,8,49,41,2,3,1
2726,2019-06-25,2019,6,25,1,0,3,32,33,38,40,11,146,29.2,3,40,37,2,3,0
2727,2019-06-28,2019,6,28,4,0,3,13,16,33,41,10,106,21.2,3,41,38,4,1,1
2728,2019-07-02,2019,7,2,1,0,16,29,43,44,47,15,179,35.8,16,47,31,3,2,0
2729,2019-07-05,2019,7,5,4,0,28,37,39,46,47,12,197,39.4,28,47,19,3,2,1
2730,2019-07-09,2019,7,9,1,0,9,12,28,44,49,13,142,28.4,9,49,40,2,3,0
2731,2019-07-12,2019,7,12,4,0,29,35,46,47,48,17,205,41.0,29,48,19,3,2,0
2732,2019-07-16,2019,7,16,1,0,3,5,20,23,40,14,91,18.2,3,40,37,3,2,1
2733,2019-07-19,2019,7,19,4,0,3,12,13,20,41,16,89,17.8,3,41,38,3,2,1
2734,2019-07-23,2019,7,23,1,0,4,6,35,45,48,20,138,27.6,4,48,44,2,3,1
2735,2019-07-26,2019,7,26,4,0,4,17,19,43,48,7,131,26.2,4,48,44,3,2,0
2736,2019-07-30,2019,7,30,1,0,1,14,29,32,38,18,114,22.8,1,38,37,2,3,1
2737,2019-08-02,2019,8,2,4,0,5,31,45,46,47,5,174,34.8,5,47,42,4,1,0
2738,2019-08-06,2019,8,6,1,0,6,8,15,30,37,20,96,19.2,6,37,31,2,3,1
2739,2019-08-09,2019,8,9,4,0,2,18,34,37,48,3,139,27.8,2,48,46,1,4,0
2740,2019-08-13,2019,8,13,1,0,5,16,17,25,38,2,101,20.2,5,38,33,3,2,1
2741,2019-08-16,2019,8,16,4,0,3,10,14,31,41,9,99,19.8,3,41,38,3,2,0
2742,2019-08-20,2019,8,20,1,0,11,19,20,39,41,9,130,26.0,11,41,30,4,1,0
2743,2019-08-23,2019,8,23,4,0,8,9,15,20,24,14,76,15.2,8,24,16,2,3,1
2744,2019-08-27,2019,8,27,1,0,4,5,9,10,11,13,39,7.8,4,11,7,3,2,0
2745,2019-08-30,2019,8,30,4,0,8,14,36,40,47,2,145,29.0,8,47,39,1,4,1
2746,2019-09-03,2019,9,3,1,0,6,11,16,31,34,19,98,19.6,6,34,28,2,3,0
2747,2019-09-06,2019,9,6,4,0,2,20,25,40,49,20,136,27.2,2,49,47,2,3,1
2748,2019-09-10,2019,9,10,1,0,10,15,24,28,50,5,127,25.4,10,50,40,1,4,0
2749,2019-09-13,2019,9,13,4,0,8,9,10,11,42,9,80,16.0,8,42,34,2,3,0
2750,2019-09-17,2019,9,17,1,0,13,21,23,35,49,8,141,28.2,13,49,36,5,0,1
2751,2019-09-20,2019,9,20,4,0,9,16,22,29,35,6,111,22.2,9,35,26,3,2,1
2752,2019-09-24,2019,9,24,1,0,6,34,35,36,46,12,157,31.4,6,46,40,1,4,1
2753,2019-09-27,2019,9,27,4,0,14,16,18,22,39,15,109,21.8,14,39,25,1,4,0
2754,2019-10-01,2019,10,1,1,0,3,9,29,32,50,7,123,24.6,3,50,47,3,2,0
2755,2019-10-04,2019,10,4,4,0,4,5,23,29,31,17,92,18.4,4,31,27,4,1,0
2756,2019-10-08,2019,10,8,1,0,4,15,36,37,50,17,142,28.4,4,50,46,2,3,0
2757,2019-10-11,2019,10,11,4,0,15,16,17,26,43,10,117,23.4,15,43,28,3,2,1
2758,2019-10-15,2019,10,15,1,0,10,34,36,39,50,6,169,33.8,10,50,40,1,4,1
2759,2019-10-18,2019,10,18,4,0,15,21,31,34,44,2,145,29.0,15,44,29,3,2,1
2760,2019-10-22,2019,10,22,1,0,3,22,31,35,48,16,139,27.8,3,48,45,3,2,1
2761,2019-10-25,2019,10,25,4,0,2,21,29,37,49,9,138,27.6,2,49,47,4,1,0
2762,2019-10-29,2019,10,29,1,0,8,29,38,41,50,2,166,33.2,8,50,42,2,3,1
2763,2019-11-01,2019,11,1,4,0,13,25,29,43,47,12,157,31.4,13,47,34,5,0,1
2764,2019-11-05,2019,11,5,1,0,4,7,18,27,37,8,93,18.6,4,37,33,3,2,1
2765,2019-11-08,2019,11,8,4,0,5,18,27,37,45,12,132,26.4,5,45,40,4,1,1
2766,2019-11-12,2019,11,12,1,0,3,5,10,11,25,10,54,10.8,3,25,22,4,1,1
2767,2019-11-15,2019,11,15,4,0,13,15,31,37,49,13,145,29.0,13,49,36,5,0,0
2768,2019-11-19,2019,11,19,1,0,3,4,16,43,44,10,110,22.0,3,44,41,2,3,1
2769,2019-11-22,2019,11,22,4,0,5,17,18,20,26,7,86,17.2,5,26,21,2,3,0
2770,2019-11-26,2019,11,26,1,0,2,8,11,13,32,3,66,13.2,2,32,30,2,3,0
2771,2019-11-29,2019,11,29,4,0,6,11,21,25,49,12,112,22.4,6,49,43,4,1,1
2772,2019-12-03,2019,12,3,1,0,5,6,15,23,45,6,94,18.8,5,45,40,4,1,1
2773,2019-12-06,2019,12,6,4,0,12,19,33,34,49,8,147,29.4,12,49,37,3,2,1
2774,2019-12-10,2019,12,10,1,0,18,21,24,40,50,17,153,30.6,18,50,32,1,4,0
2775,2019-12-13,2019,12,13,4,0,1,9,13,25,34,10,82,16.4,1,34,33,4,1,1
2776,2019-12-17,2019,12,17,1,0,15,27,33,38,48,1,161,32.2,15,48,33,3,2,0
2777,2019-12-20,2019,12,20,4,0,8,10,22,36,40,20,116,23.2,8,40,32,0,5,1
2778,2019-12-24,2019,12,24,1,0,14,18,29,41,46,6,148,29.6,14,46,32,2,3,1
2779,2019-12-27,2019,12,27,4,0,4,13,34,36,38,4,125,25.0,4,38,34,1,4,1
2780,2019-12-31,2019,12,31,1,0,22,31,44,49,50,8,196,39.2,22,50,28,2,3,1
2781,2020-01-03,2020,1,3,4,0,8,9,18,43,50,12,128,25.6,8,50,42,2,3,1
2782,2020-01-07,2020,1,7,1,0,4,8,18,35,49,10,114,22.8,4,49,45,2,3,1
2783,2020-01-10,2020,1,10,4,0,23,25,28,30,40,13,146,29.2,23,40,17,2,3,0
2784,2020-01-14,2020,1,14,1,0,9,10,11,32,43,15,105,21.0,9,43,34,3,2,0
2785,2020-01-17,2020,1,17,4,0,7,8,18,26,31,16,90,18.0,7,31,24,2,3,1
2786,2020-01-21,2020,1,21,1,0,14,18,32,42,49,17,155,31.0,14,49,35,1,4,0
2787,2020-01-24,2020,1,24,4,0,5,11,26,48,49,12,139,27.8,5,49,44,3,2,1
2788,2020-01-28,2020,1,28,1,0,14,18,31,36,49,9,148,29.6,14,49,35,2,3,0
2789,2020-01-31,2020,1,31,4,0,11,14,18,29,34,15,106,21.2,11,34,23,2,3,0
2790,2020-02-04,2020,2,4,1,0,3,15,23,37,45,18,123,24.6,3,45,42,5,0,1
2791,2020-02-07,2020,2,7,4,0,2,4,29,38,47,1,120,24.0,2,47,45,2,3,0
2792,2020-02-11,2020,2,11,1,0,9,22,40,43,46,1,160,32.0,9,46,37,2,3,0
2793,2020-02-14,2020,2,14,4,0,2,19,40,49,50,6,160,32.0,2,50,48,2,3,1
2794,2020-02-18,2020,2,18,1,0,14,17,20,36,49,2,136,27.2,14,49,35,2,3,1
2795,2020-02-21,2020,2,21,4,0,4,18,30,34,36,20,122,24.4,4,36,32,0,5,1
2796,2020-02-25,2020,2,25,1,0,4,10,17,26,31,11,88,17.6,4,31,27,2,3,0
2797,2020-02-28,2020,2,28,4,0,1,31,37,49,50,2,168,33.6,1,50,49,4,1,1
2798,2020-03-03,2020,3,3,1,0,11,17,18,27,44,8,117,23.4,11,44,33,3,2,1
2799,2020-03-06,2020,3,6,4,0,6,23,26,28,47,6,130,26.0,6,47,41,2,3,1
2800,2020-03-10,2020,3,10,1,0,6,8,24,25,50,10,113,22.6,6,50,44,1,4,1
2801,2020-03-13,2020,3,13,4,0,5,6,12,22,50,11,95,19.0,5,50,45,1,4,0
2802,2020-03-17,2020,3,17,1,0,16,29,34,38,49,14,166,33.2,16,49,33,2,3,1
2803,2020-03-20,2020,3,20,4,0,4,9,16,21,36,14,86,17.2,4,36,32,2,3,1
2804,2020-03-24,2020,3,24,1,0,4,12,41,45,46,5,148,29.6,4,46,42,2,3,0
2805,2020-03-27,2020,3,27,4,0,3,8,18,38,45,3,112,22.4,3,45,42,2,3,0
2806,2020-03-31,2020,3,31,1,0,14,20,28,43,49,5,154,30.8,14,49,35,2,3,0
2807,2020-04-03,2020,4,3,4,0,9,10,29,32,45,9,125,25.0,9,45,36,3,2,0
2808,2020-04-07,2020,4,7,1,0,4,13,32,34,42,9,125,25.0,4,42,38,1,4,0
2809,2020-04-10,2020,4,10,4,0,7,14,22,24,41,16,108,21.6,7,41,34,2,3,1
2810,2020-04-14,2020,4,14,1,0,6,11,25,31,46,9,119,23.8,6,46,40,3,2,0
2811,2020-04-17,2020,4,17,4,0,16,19,20,23,25,10,103,20.6,16,25,9,3,2,1
2812,2020-04-21,2020,4,21,1,0,8,13,21,46,50,13,138,27.6,8,50,42,2,3,0
2813,2020-04-24,2020,4,24,4,0,10,12,22,42,50,18,136,27.2,10,50,40,0,5,1
2814,2020-04-28,2020,4,28,1,0,6,12,32,36,45,4,131,26.2,6,45,39,1,4,1
2815,2020-05-01,2020,5,1,4,0,12,20,43,48,49,6,172,34.4,12,49,37,2,3,1
2816,2020-05-05,2020,5,5,1,0,6,22,41,46,49,3,164,32.8,6,49,43,2,3,0
2817,2020-05-08,2020,5,8,4,0,12,21,30,35,45,18,143,28.6,12,45,33,3,2,1
2818,2020-05-12,2020,5,12,1,0,6,22,34,44,45,11,151,30.2,6,45,39,1,4,0
2819,2020-05-15,2020,5,15,4,0,5,7,13,19,47,4,91,18.2,5,47,42,5,0,1
2820,2020-05-19,2020,5,19,1,0,9,15,19,36,44,10,123,24.6,9,44,35,3,2,1
2821,2020-05-22,2020,5,22,4,0,9,10,24,41,45,15,129,25.8,9,45,36,3,2,0
2822,2020-05-26,2020,5,26,1,0,15,25,34,39,42,4,155,31.0,15,42,27,3,2,1
2823,2020-05-29,2020,5,29,4,0,4,27,30,34,45,20,140,28.0,4,45,41,2,3,1
2824,2020-06-02,2020,6,2,1,0,5,15,29,41,46,14,136,27.2,5,46,41,4,1,1
2825,2020-06-05,2020,6,5,4,0,14,23,28,40,48,3,153,30.6,14,48,34,1,4,0
2826,2020-06-09,2020,6,9,1,0,5,37,43,49,50,3,184,36.8,5,50,45,4,1,0
2827,2020-06-12,2020,6,12,4,0,9,27,38,43,48,15,165,33.0,9,48,39,3,2,0
2828,2020-06-16,2020,6,16,1,0,4,26,27,29,41,15,127,25.4,4,41,37,3,2,0
2829,2020-06-19,2020,6,19,4,0,21,28,29,33,48,7,159,31.8,21,48,27,3,2,0
2830,2020-06-23,2020,6,23,1,0,2,7,16,36,47,18,108,21.6,2,47,45,2,3,1
2831,2020-06-26,2020,6,26,4,0,11,20,21,34,50,7,136,27.2,11,50,39,2,3,0
2832,2020-06-30,2020,6,30,1,0,2,11,27,36,39,3,115,23.0,2,39,37,3,2,0
2833,2020-07-03,2020,7,3,4,0,2,7,15,25,41,1,90,18.0,2,41,39,4,1,0
2834,2020-07-07,2020,7,7,1,0,2,7,13,20,45,18,87,17.4,2,45,43,3,2,1
2835,2020-07-10,2020,7,10,4,0,11,16,44,46,50,1,167,33.4,11,50,39,1,4,0
2836,2020-07-14,2020,7,14,1,0,20,21,28,48,49,3,166,33.2,20,49,29,2,3,0
2837,2020-07-17,2020,7,17,4,0,12,15,24,30,38,6,119,23.8,12,38,26,1,4,1
2838,2020-07-21,2020,7,21,1,0,17,20,22,32,41,3,132,26.4,17,41,24,2,3,0
2839,2020-07-24,2020,7,24,4,0,4,6,11,27,34,10,82,16.4,4,34,30,2,3,1
2840,2020-07-28,2020,7,28,1,0,3,28,30,38,40,8,139,27.8,3,40,37,1,4,1
2841,2020-07-31,2020,7,31,4,0,6,18,30,46,48,11,148,29.6,6,48,42,0,5,0
2842,2020-08-04,2020,8,4,1,0,4,28,34,38,47,16,151,30.2,4,47,43,1,4,1
2843,2020-08-07,2020,8,7,4,0,11,30,42,45,48,12,176,35.2,11,48,37,2,3,1
2844,2020-08-11,2020,8,11,1,0,27,29,39,40,42,6,177,35.4,27,42,15,3,2,1
2845,2020-08-14,2020,8,14,4,0,10,11,16,25,30,1,92,18.4,10,30,20,2,3,0
2846,2020-08-18,2020,8,18,1,0,6,22,30,39,49,2,146,29.2,6,49,43,2,3,1
2847,2020-08-21,2020,8,21,4,0,13,32,33,40,41,1,159,31.8,13,41,28,3,2,0
2848,2020-08-25,2020,8,25,1,0,7,20,32,34,48,1,141,28.2,7,48,41,1,4,0
2849,2020-08-28,2020,8,28,4,0,8,10,17,44,45,12,124,24.8,8,45,37,2,3,1
2850,2020-09-01,2020,9,1,1,0,16,21,22,36,39,5,134,26.8,16,39,23,2,3,0
2851,2020-09-04,2020,9,4,4,0,2,3,11,12,43,13,71,14.2,2,43,41,3,2,0
2852,2020-09-08,2020,9,8,1,0,12,13,14,36,50,6,125,25.0,12,50,38,1,4,1
2853,2020-09-11,2020,9,11,4,0,1,4,10,12,49,18,76,15.2,1,49,48,2,3,1
2854,2020-09-15,2020,9,15,1,0,3,18,32,40,46,7,139,27.8,3,46,43,1,4,0
2855,2020-09-18,2020,9,18,4,0,8,19,24,29,44,8,124,24.8,8,44,36,2,3,1
2856,2020-09-22,2020,9,22,1,0,3,10,28,31,41,7,113,22.6,3,41,38,3,2,0
2857,2020-09-25,2020,9,25,4,0,2,17,18,27,37,4,101,20.2,2,37,35,3,2,1
2858,2020-09-29,2020,9,29,1,0,7,12,16,28,38,13,101,20.2,7,38,31,1,4,0
2859,2020-10-02,2020,10,2,4,0,8,10,23,41,50,9,132,26.4,8,50,42,2,3,0
2860,2020-10-06,2020,10,6,1,0,6,21,25,29,33,9,114,22.8,6,33,27,4,1,0
2861,2020-10-09,2020,10,9,4,0,8,21,38,41,50,4,158,31.6,8,50,42,2,3,1
2862,2020-10-13,2020,10,13,1,0,13,15,20,27,28,7,103,20.6,13,28,15,3,2,0
2863,2020-10-16,2020,10,16,4,0,1,7,18,37,48,13,111,22.2,1,48,47,3,2,0
2864,2020-10-20,2020,10,20,1,0,15,20,29,32,45,4,141,28.2,15,45,30,3,2,1
2865,2020-10-23,2020,10,23,4,0,3,6,36,41,43,17,129,25.8,3,43,40,3,2,0
2866,2020-10-27,2020,10,27,1,0,19,25,41,45,46,12,176,35.2,19,46,27,4,1,1
2867,2020-10-30,2020,10,30,4,0,4,27,36,46,49,16,162,32.4,4,49,45,2,3,1
2868,2020-11-03,2020,11,3,1,0,1,2,25,36,39,12,103,20.6,1,39,38,3,2,1
2869,2020-11-06,2020,11,6,4,0,6,9,33,40,44,11,132,26.4,6,44,38,2,3,0
2870,2020-11-10,2020,11,10,1,0,6,23,30,35,36,14,130,26.0,6,36,30,2,3,1
2871,2020-11-13,2020,11,13,4,0,1,11,16,19,24,19,71,14.2,1,24,23,3,2,0
2872,2020-11-17,2020,11,17,1,0,11,12,36,37,38,12,134,26.8,11,38,27,2,3,1
2873,2020-11-20,2020,11,20,4,0,7,10,13,22,50,12,102,20.4,7,50,43,2,3,1
2874,2020-11-24,2020,11,24,1,0,13,15,30,43,47,18,148,29.6,13,47,34,4,1,1
2875,2020-11-27,2020,11,27,4,0,13,29,34,36,49,18,161,32.2,13,49,36,3,2,1
2876,2020-12-01,2020,12,1,1,0,5,6,7,8,9,10,35,7.0,5,9,4,3,2,1
2877,2020-12-04,2020,12,4,4,0,13,15,24,30,50,9,132,26.4,13,50,37,2,3,0
2878,2020-12-08,2020,12,8,1,0,6,16,35,37,40,2,134,26.8,6,40,34,2,3,1
2879,2020-12-11,2020,12,11,4,0,13,18,25,36,49,19,141,28.2,13,49,36,3,2,0
2880,2020-12-15,2020,12,15,1,0,3,7,13,34,50,6,107,21.4,3,50,47,3,2,1
2881,2020-12-18,2020,12,18,4,0,20,22,24,28,47,14,141,28.2,20,47,27,1,4,1
2882,2020-12-22,2020,12,22,1,0,9,12,15,27,42,14,105,21.0,9,42,33,3,2,1
2883,2020-12-29,2020,12,29,1,0,15,17,24,28,30,19,114,22.8,15,30,15,2,3,0
2884,2021-01-01,2021,1,1,4,0,1,7,24,30,44,1,106,21.2,1,44,43,2,3,0
2885,2021-01-05,2021,1,5,1,0,4,17,42,46,48,14,157,31.4,4,48,44,1,4,1
2886,2021-01-08,2021,1,8,4,0,11,16,28,32,41,6,128,25.6,11,41,30,2,3,1
2887,2021-01-12,2021,1,12,1,0,11,13,28,36,37,15,125,25.0,11,37,26,3,2,0
2888,2021-01-15,2021,1,15,4,0,24,31,40,45,48,20,188,37.6,24,48,24,2,3,1
2889,2021-01-19,2021,1,19,1,0,13,16,28,42,45,11,144,28.8,13,45,32,2,3,0
2890,2021-01-22,2021,1,22,4,0,11,14,36,37,44,19,142,28.4,11,44,33,2,3,0
2891,2021-01-26,2021,1,26,1,0,4,8,12,15,19,17,58,11.6,4,19,15,2,3,0
2892,2021-01-29,2021,1,29,4,0,2,11,16,22,47,19,98,19.6,2,47,45,2,3,0
2893,2021-02-02,2021,2,2,1,0,6,13,22,34,49,10,124,24.8,6,49,43,2,3,1
2894,2021-02-05,2021,2,5,4,0,8,16,19,20,50,18,113,22.6,8,50,42,1,4,1
2895,2021-02-09,2021,2,9,1,0,4,7,15,30,32,10,88,17.6,4,32,28,2,3,1
2896,2021-02-12,2021,2,12,4,0,3,15,35,39,41,5,133,26.6,3,41,38,5,0,0
2897,2021-02-16,2021,2,16,1,0,5,18,31,36,45,8,135,27.0,5,45,40,3,2,1
2898,2021-02-19,2021,2,19,4,0,3,17,20,25,47,3,112,22.4,3,47,44,4,1,0
2899,2021-02-23,2021,2,23,1,0,8,13,25,32,42,16,120,24.0,8,42,34,2,3,1
2900,2021-02-26,2021,2,26,4,0,1,3,7,41,44,11,96,19.2,1,44,43,4,1,0
2901,2021-03-02,2021,3,2,1,0,1,11,21,32,42,11,107,21.4,1,42,41,3,2,0
2902,2021-03-05,2021,3,5,4,0,6,15,39,40,48,17,148,29.6,6,48,42,2,3,0
2903,2021-03-09,2021,3,9,1,0,28,30,36,37,41,7,172,34.4,28,41,13,2,3,0
2904,2021-03-12,2021,3,12,4,0,7,15,29,34,39,2,124,24.8,7,39,32,4,1,1
2905,2021-03-16,2021,3,16,1,0,11,20,21,32,36,18,120,24.0,11,36,25,2,3,1
2906,2021-03-19,2021,3,19,4,0,5,16,27,32,46,18,126,25.2,5,46,41,2,3,1
2907,2021-03-23,2021,3,23,1,0,7,9,10,18,34,16,78,15.6,7,34,27,2,3,1
2908,2021-03-26,2021,3,26,4,0,5,25,27,42,47,15,146,29.2,5,47,42,4,1,0
2909,2021-03-30,2021,3,30,1,0,7,16,24,25,38,9,110,22.0,7,38,31,2,3,0
2910,2021-04-02,2021,4,2,4,0,4,8,15,25,26,17,78,15.6,4,26,22,2,3,0
2911,2021-04-06,2021,4,6,1,0,3,13,21,42,45,8,124,24.8,3,45,42,4,1,1
2912,2021-04-09,2021,4,9,4,0,18,31,39,45,46,17,179,35.8,18,46,28,3,2,0
2913,2021-04-13,2021,4,13,1,0,6,8,22,31,42,15,109,21.8,6,42,36,1,4,0
2914,2021-04-16,2021,4,16,4,0,2,5,12,25,49,20,93,18.6,2,49,47,3,2,1
2915,2021-04-20,2021,4,20,1,0,3,5,12,32,49,19,101,20.2,3,49,46,3,2,0
2916,2021-04-23,2021,4,23,4,0,5,14,19,30,35,12,103,20.6,5,35,30,3,2,1
2917,2021-04-27,2021,4,27,1,0,1,8,22,29,49,18,109,21.8,1,49,48,3,2,1
2918,2021-04-30,2021,4,30,4,0,6,12,22,38,45,4,123,24.6,6,45,39,1,4,1
2919,2021-05-04,2021,5,4,1,0,3,9,17,25,39,13,93,18.6,3,39,36,5,0,0
2920,2021-05-07,2021,5,7,4,0,4,7,19,20,49,19,99,19.8,4,49,45,3,2,0
2921,2021-05-11,2021,5,11,1,0,4,10,17,29,38,20,98,19.6,4,38,34,2,3,1
2922,2021-05-14,2021,5,14,4,0,3,16,28,31,48,11,126,25.2,3,48,45,2,3,0
2923,2021-05-18,2021,5,18,1,0,4,11,30,35,45,12,125,25.0,4,45,41,3,2,1
2924,2021-05-21,2021,5,21,4,0,19,21,24,45,50,5,159,31.8,19,50,31,3,2,0
2925,2021-05-25,2021,5,25,1,0,3,4,8,25,44,15,84,16.8,3,44,41,2,3,0
2926,2021-05-28,2021,5,28,4,0,31,33,36,38,44,4,182,36.4,31,44,13,2,3,1
2927,2021-06-01,2021,6,1,1,0,3,5,23,37,42,11,110,22.0,3,42,39,4,1,0
2928,2021-06-04,2021,6,4,4,0,17,34,37,39,44,10,171,34.2,17,44,27,3,2,1
2929,2021-06-08,2021,6,8,1,0,1,3,17,28,50,7,99,19.8,1,50,49,3,2,0
2930,2021-06-11,2021,6,11,4,0,9,12,27,37,48,7,133,26.6,9,48,39,3,2,0
2931,2021-06-15,2021,6,15,1,0,13,23,24,27,44,10,131,26.2,13,44,31,3,2,1
2932,2021-06-18,2021,6,18,4,0,3,8,19,28,49,11,107,21.4,3,49,46,3,2,0
2933,2021-06-22,2021,6,22,1,0,3,11,24,33,41,16,112,22.4,3,41,38,4,1,1
2934,2021-06-25,2021,6,25,4,0,4,16,34,36,46,6,136,27.2,4,46,42,0,5,1
2935,2021-06-29,2021,6,29,1,0,6,35,41,43,45,4,170,34.0,6,45,39,4,1,1
2936,2021-07-02,2021,7,2,4,0,20,30,34,38,43,7,165,33.0,20,43,23,1,4,0
2937,2021-07-06,2021,7,6,1,0,1,16,18,26,39,8,100,20.0,1,39,38,2,3,1
2938,2021-07-09,2021,7,9,4,0,3,12,29,31,38,15,113,22.6,3,38,35,3,2,0
2939,2021-07-13,2021,7,13,1,0,2,28,29,38,42,2,139,27.8,2,42,40,1,4,1
2940,2021-07-16,2021,7,16,4,0,20,22,25,41,45,5,153,30.6,20,45,25,3,2,0
2941,2021-07-20,2021,7,20,1,0,7,32,33,40,42,6,154,30.8,7,42,35,2,3,1
2942,2021-07-23,2021,7,23,4,0,21,45,47,48,49,18,210,42.0,21,49,28,4,1,1
2943,2021-07-27,2021,7,27,1,0,5,12,15,28,29,14,89,17.8,5,29,24,3,2,1
2944,2021-07-30,2021,7,30,4,0,4,12,27,35,50,1,128,25.6,4,50,46,2,3,0
2945,2021-08-03,2021,8,3,1,0,8,16,18,30,34,4,106,21.2,8,34,26,0,5,1
2946,2021-08-06,2021,8,6,4,0,7,13,18,20,25,6,83,16.6,7,25,18,3,2,1
2947,2021-08-10,2021,8,10,1,0,1,4,12,13,33,6,63,12.6,1,33,32,3,2,1
2948,2021-08-13,2021,8,13,4,0,5,23,41,42,50,2,161,32.2,5,50,45,3,2,1
2949,2021-08-17,2021,8,17,1,0,10,18,23,30,48,1,129,25.8,10,48,38,1,4,0
2950,2021-08-20,2021,8,20,4,0,6,21,33,37,50,18,147,29.4,6,50,44,3,2,1
2951,2021-08-24,2021,8,24,1,0,21,23,34,35,41,9,154,30.8,21,41,20,4,1,0
2952,2021-08-27,2021,8,27,4,0,6,10,11,45,47,13,119,23.8,6,47,41,3,2,0
2953,2021-08-31,2021,8,31,1,0,9,10,35,42,48,20,144,28.8,9,48,39,2,3,1
2954,2021-09-03,2021,9,3,4,0,2,9,18,42,43,8,114,22.8,2,43,41,2,3,1
2955,2021-09-07,2021,9,7,1,0,2,11,13,19,40,2,85,17.0,2,40,38,3,2,1
2956,2021-09-10,2021,9,10,4,0,8,12,17,28,43,13,108,21.6,8,43,35,2,3,0
2957,2021-09-14,2021,9,14,1,0,16,18,23,31,35,10,123,24.6,16,35,19,3,2,1
2958,2021-09-17,2021,9,17,4,0,8,10,17,26,39,14,100,20.0,8,39,31,2,3,1
2959,2021-09-21,2021,9,21,1,0,18,26,41,44,47,4,176,35.2,18,47,29,2,3,1
2960,2021-09-24,2021,9,24,4,0,14,17,24,31,43,15,129,25.8,14,43,29,3,2,0
2961,2021-09-28,2021,9,28,1,0,13,15,20,28,29,15,105,21.0,13,29,16,3,2,0
2962,2021-10-01,2021,10,1,4,0,24,25,38,40,49,2,176,35.2,24,49,25,2,3,1
2963,2021-10-05,2021,10,5,1,0,2,13,20,42,47,3,124,24.8,2,47,45,2,3,0
2964,2021-10-08,2021,10,8,4,0,4,14,18,24,38,9,98,19.6,4,38,34,0,5,0
2965,2021-10-12,2021,10,12,1,0,23,30,32,36,39,12,160,32.0,23,39,16,2,3,1
2966,2021-10-15,2021,10,15,4,0,15,30,44,45,48,15,182,36.4,15,48,33,2,3,0
2967,2021-10-19,2021,10,19,1,0,15,19,21,24,41,2,120,24.0,15,41,26,4,1,1
2968,2021-10-22,2021,10,22,4,0,3,8,17,40,47,13,115,23.0,3,47,44,3,2,0
2969,2021-10-26,2021,10,26,1,0,8,15,19,27,49,4,118,23.6,8,49,41,4,1,1
2970,2021-10-29,2021,10,29,4,0,29,42,45,47,49,8,212,42.4,29,49,20,4,1,1
2971,2021-11-02,2021,11,2,1,0,11,24,25,26,38,20,124,24.8,11,38,27,2,3,1
2972,2021-11-05,2021,11,5,4,0,9,15,38,40,42,2,144,28.8,9,42,33,2,3,1
2973,2021-11-09,2021,11,9,1,0,13,15,32,43,44,3,147,29.4,13,44,31,3,2,0
2974,2021-11-12,2021,11,12,4,0,2,24,27,41,49,17,143,28.6,2,49,47,3,2,0
2975,2021-11-16,2021,11,16,1,0,8,9,36,42,50,4,145,29.0,8,50,42,1,4,1
2976,2021-11-19,2021,11,19,4,0,4,16,39,40,50,9,149,29.8,4,50,46,1,4,0
2977,2021-11-23,2021,11,23,1,0,3,18,21,24,28,1,94,18.8,3,28,25,2,3,0
2978,2021-11-26,2021,11,26,4,0,5,7,11,19,38,14,80,16.0,5,38,33,4,1,1
2979,2021-11-30,2021,11,30,1,0,2,17,22,31,35,4,107,21.4,2,35,33,3,2,1
2980,2021-12-03,2021,12,3,4,0,9,19,20,30,31,10,109,21.8,9,31,22,3,2,1
2981,2021-12-07,2021,12,7,1,0,4,7,17,19,23,14,70,14.0,4,23,19,4,1,1
2982,2021-12-10,2021,12,10,4,0,23,24,27,48,49,3,171,34.2,23,49,26,3,2,0
2983,2021-12-14,2021,12,14,1,0,5,19,30,37,43,16,134,26.8,5,43,38,4,1,1
2984,2021-12-17,2021,12,17,4,0,19,28,34,38,48,4,167,33.4,19,48,29,1,4,1
2985,2021-12-21,2021,12,21,1,0,13,35,46,47,50,5,191,38.2,13,50,37,3,2,0
2986,2021-12-24,2021,12,24,4,0,6,10,11,29,41,16,97,19.4,6,41,35,3,2,1
2987,2021-12-28,2021,12,28,1,0,2,13,16,49,50,18,130,26.0,2,50,48,2,3,1
2988,2021-12-31,2021,12,31,4,0,27,30,33,38,49,5,177,35.4,27,49,22,3,2,0
2989,2022-01-04,2022,1,4,1,0,3,19,38,45,46,19,151,30.2,3,46,43,3,2,0
2990,2022-01-07,2022,1,7,4,0,10,12,37,42,43,2,144,28.8,10,43,33,2,3,1
2991,2022-01-11,2022,1,11,1,0,20,23,27,38,45,17,153,30.6,20,45,25,3,2,0
2992,2022-01-14,2022,1,14,4,0,12,22,26,29,49,20,138,27.6,12,49,37,2,3,1
2993,2022-01-18,2022,1,18,1,0,9,36,44,45,46,16,180,36.0,9,46,37,2,3,1
2994,2022-01-21,2022,1,21,4,0,10,14,19,34,37,12,114,22.8,10,37,27,2,3,1
2995,2022-01-25,2022,1,25,1,0,3,11,29,32,36,8,111,22.2,3,36,33,3,2,1
2996,2022-01-28,2022,1,28,4,0,1,12,21,26,48,18,108,21.6,1,48,47,2,3,1
2997,2022-02-01,2022,2,1,1,0,31,33,37,40,43,1,184,36.8,31,43,12,4,1,0
2998,2022-02-04,2022,2,4,4,0,2,10,11,23,24,11,70,14.0,2,24,22,2,3,0
2999,2022-02-08,2022,2,8,1,0,1,4,14,39,49,13,107,21.4,1,49,48,3,2,0
3000,2022-02-11,2022,2,11,4,0,9,18,34,36,49,12,146,29.2,9,49,40,2,3,1
3001,2022-02-15,2022,2,15,1,0,2,9,26,27,32,17,96,19.2,2,32,30,2,3,0
3002,2022-02-18,2022,2,18,4,0,2,15,31,47,48,15,143,28.6,2,48,46,3,2,0
3003,2022-02-22,2022,2,22,1,0,18,29,31,32,49,1,159,31.8,18,49,31,3,2,0
3004,2022-02-25,2022,2,25,4,0,6,12,26,40,45,1,129,25.8,6,45,39,1,4,0
3005,2022-03-01,2022,3,1,1,0,4,15,26,38,39,19,122,24.4,4,39,35,2,3,0
3006,2022-03-04,2022,3,4,4,0,9,17,33,46,49,5,154,30.8,9,49,40,4,1,0
3007,2022-03-08,2022,3,8,1,0,8,14,21,40,43,5,126,25.2,8,43,35,2,3,0
3008,2022-03-11,2022,3,11,4,0,5,11,24,37,47,2,124,24.8,5,47,42,4,1,1
3009,2022-03-15,2022,3,15,1,0,19,24,37,38,41,16,159,31.8,19,41,22,3,2,1
3010,2022-03-18,2022,3,18,4,0,3,12,15,19,22,8,71,14.2,3,22,19,3,2,1
3011,2022-03-22,2022,3,22,1,0,20,30,35,43,48,19,176,35.2,20,48,28,2,3,0
3012,2022-03-25,2022,3,25,4,0,15,28,32,43,50,17,168,33.6,15,50,35,2,3,0
3013,2022-03-29,2022,3,29,1,0,1,20,35,42,46,2,144,28.8,1,46,45,2,3,1
3014,2022-04-01,2022,4,1,4,0,11,17,21,37,47,7,133,26.6,11,47,36,5,0,0
3015,2022-04-05,2022,4,5,1,0,18,36,38,42,50,17,184,36.8,18,50,32,0,5,0
3016,2022-04-08,2022,4,8,4,0,7,12,13,16,38,16,86,17.2,7,38,31,2,3,1
3017,2022-04-12,2022,4,12,1,0,11,15,28,34,42,5,130,26.0,11,42,31,2,3,0
3018,2022-04-15,2022,4,15,4,0,4,10,12,35,39,4,100,20.0,4,39,35,2,3,1
3019,2022-04-19,2022,4,19,1,0,12,25,26,28,43,8,134,26.8,12,43,31,2,3,1
3020,2022-04-22,2022,4,22,4,0,13,20,30,38,42,9,143,28.6,13,42,29,1,4,0
3021,2022-04-26,2022,4,26,1,0,2,20,38,43,46,9,149,29.8,2,46,44,1,4,0
3022,2022-04-29,2022,4,29,4,0,5,10,25,34,50,16,124,24.8,5,50,45,2,3,1
3023,2022-05-03,2022,5,3,1,0,24,26,35,39,44,20,168,33.6,24,44,20,2,3,1
3024,2022-05-06,2022,5,6,4,0,4,14,30,34,38,14,120,24.0,4,38,34,0,5,1
3025,2022-05-10,2022,5,10,1,0,22,38,42,48,49,16,199,39.8,22,49,27,1,4,1
3026,2022-05-13,2022,5,13,4,0,9,14,15,35,49,13,122,24.4,9,49,40,4,1,0
3027,2022-05-17,2022,5,17,1,0,15,24,32,35,46,11,152,30.4,15,46,31,2,3,0
3028,2022-05-20,2022,5,20,4,0,2,14,19,24,39,9,98,19.6,2,39,37,2,3,0
3029,2022-05-24,2022,5,24,1,0,7,16,21,22,32,12,98,19.6,7,32,25,2,3,1
3030,2022-05-27,2022,5,27,4,0,7,24,26,27,50,18,134,26.8,7,50,43,2,3,1
3031,2022-05-31,2022,5,31,1,0,1,5,17,24,33,13,80,16.0,1,33,32,4,1,0
3032,2022-06-03,2022,6,3,4,0,12,17,20,21,33,6,103,20.6,12,33,21,3,2,1
3033,2022-06-07,2022,6,7,1,0,4,7,35,41,46,4,133,26.6,4,46,42,3,2,1
3034,2022-06-10,2022,6,10,4,0,12,25,26,27,49,13,139,27.8,12,49,37,3,2,0
3035,2022-06-14,2022,6,14,1,0,5,23,26,46,48,16,148,29.6,5,48,43,2,3,1
3036,2022-06-17,2022,6,17,4,0,4,22,32,46,48,16,152,30.4,4,48,44,0,5,1
3037,2022-06-21,2022,6,21,1,0,2,6,18,40,50,16,116,23.2,2,50,48,0,5,1
3038,2022-06-24,2022,6,24,4,0,4,13,25,38,44,13,124,24.8,4,44,40,2,3,0
3039,2022-06-28,2022,6,28,1,0,9,12,28,29,50,13,128,25.6,9,50,41,2,3,0
3040,2022-07-01,2022,7,1,4,0,6,8,13,21,28,1,76,15.2,6,28,22,2,3,0
3041,2022-07-05,2022,7,5,1,0,13,14,16,18,31,19,92,18.4,13,31,18,2,3,0
3042,2022-07-08,2022,7,8,4,0,4,9,19,21,37,15,90,18.0,4,37,33,4,1,0
3043,2022-07-12,2022,7,12,1,0,1,17,21,47,48,15,134,26.8,1,48,47,4,1,0
3044,2022-07-15,2022,7,15,4,0,3,9,36,44,50,16,142,28.4,3,50,47,2,3,1
3045,2022-07-19,2022,7,19,1,0,14,18,29,46,47,16,154,30.8,14,47,33,2,3,1
3046,2022-07-22,2022,7,22,4,0,5,18,19,20,48,1,110,22.0,5,48,43,2,3,0
3047,2022-07-26,2022,7,26,1,0,4,6,9,41,50,13,110,22.0,4,50,46,2,3,0
3048,2022-07-29,2022,7,29,4,0,7,14,28,32,36,8,117,23.4,7,36,29,1,4,1
3049,2022-08-02,2022,8,2,1,0,13,14,20,43,45,1,135,27.0,13,45,32,3,2,0
3050,2022-08-05,2022,8,5,4,0,16,18,21,32,44,18,131,26.2,16,44,28,1,4,1
3051,2022-08-09,2022,8,9,1,0,6,26,39,42,43,1,156,31.2,6,43,37,2,3,0
3052,2022-08-12,2022,8,12,4,0,24,30,38,39,44,16,175,35.0,24,44,20,1,4,1
3053,2022-08-16,2022,8,16,1,0,21,33,40,42,48,2,184,36.8,21,48,27,2,3,1
3054,2022-08-19,2022,8,19,4,0,23,36,39,40,43,3,181,36.2,23,43,20,3,2,0
3055,2022-08-23,2022,8,23,1,0,10,11,17,29,40,15,107,21.4,10,40,30,3,2,0
3056,2022-08-26,2022,8,26,4,0,3,11,17,23,45,15,99,19.8,3,45,42,5,0,0
3057,2022-08-30,2022,8,30,1,0,1,7,10,27,35,17,80,16.0,1,35,34,4,1,0
3058,2022-09-02,2022,9,2,4,0,1,12,18,20,41,5,92,18.4,1,41,40,2,3,0
3059,2022-09-06,2022,9,6,1,0,2,8,26,31,34,5,101,20.2,2,34,32,1,4,0
3060,2022-09-09,2022,9,9,4,0,9,14,22,35,47,4,127,25.4,9,47,38,3,2,1
3061,2022-09-13,2022,9,13,1,0,1,10,11,20,33,11,75,15.0,1,33,32,3,2,0
3062,2022-09-16,2022,9,16,4,0,7,16,27,28,29,17,107,21.4,7,29,22,3,2,0
3063,2022-09-20,2022,9,20,1,0,13,16,23,45,47,17,144,28.8,13,47,34,4,1,0
3064,2022-09-23,2022,9,23,4,0,9,25,42,46,47,16,169,33.8,9,47,38,3,2,1
3065,2022-09-27,2022,9,27,1,0,4,32,39,40,46,6,161,32.2,4,46,42,1,4,1
3066,2022-09-30,2022,9,30,4,0,7,27,29,35,50,3,148,29.6,7,50,43,4,1,0
3067,2022-10-04,2022,10,4,1,0,23,24,27,38,41,2,153,30.6,23,41,18,3,2,1
3068,2022-10-07,2022,10,7,4,0,3,12,16,33,45,15,109,21.8,3,45,42,3,2,0
3069,2022-10-11,2022,10,11,1,0,2,12,25,29,34,16,102,20.4,2,34,32,2,3,1
3070,2022-10-14,2022,10,14,4,0,6,17,22,33,37,2,115,23.0,6,37,31,3,2,1
3071,2022-10-18,2022,10,18,1,0,6,7,14,29,48,13,104,20.8,6,48,42,2,3,0
3072,2022-10-21,2022,10,21,4,0,16,18,26,35,41,3,136,27.2,16,41,25,2,3,0
3073,2022-10-25,2022,10,25,1,0,20,23,27,39,46,6,155,31.0,20,46,26,3,2,1
3074,2022-10-28,2022,10,28,4,0,15,25,30,32,40,9,142,28.4,15,40,25,2,3,0
3075,2022-11-01,2022,11,1,1,0,3,6,22,29,47,19,107,21.4,3,47,44,3,2,0
3076,2022-11-04,2022,11,4,4,0,1,8,29,35,40,15,113,22.6,1,40,39,3,2,0
3077,2022-11-08,2022,11,8,1,0,7,8,9,10,17,17,51,10.2,7,17,10,3,2,0
3078,2022-11-11,2022,11,11,4,0,1,28,34,35,39,18,137,27.4,1,39,38,3,2,1
3079,2022-11-15,2022,11,15,1,0,5,7,16,36,41,2,105,21.0,5,41,36,3,2,1
3080,2022-11-18,2022,11,18,4,0,13,24,29,47,50,5,163,32.6,13,50,37,3,2,0
3081,2022-11-22,2022,11,22,1,0,5,18,21,37,38,19,119,23.8,5,38,33,3,2,0
3082,2022-11-25,2022,11,25,4,0,7,16,26,34,40,11,123,24.6,7,40,33,1,4,0
3083,2022-11-29,2022,11,29,1,0,4,6,8,33,38,5,89,17.8,4,38,34,1,4,0
3084,2022-12-02,2022,12,2,4,0,12,14,28,31,34,5,119,23.8,12,34,22,1,4,0
3085,2022-12-06,2022,12,6,1,0,1,9,10,47,50,11,117,23.4,1,50,49,3,2,0
3086,2022-12-09,2022,12,9,4,0,2,9,17,45,48,14,121,24.2,2,48,46,3,2,1
3087,2022-12-13,2022,12,13,1,0,16,23,36,43,46,17,164,32.8,16,46,30,2,3,0
3088,2022-12-16,2022,12,16,4,0,26,28,36,43,48,11,181,36.2,26,48,22,1,4,0
3089,2022-12-20,2022,12,20,1,0,4,9,19,24,29,2,85,17.0,4,29,25,3,2,1
3090,2022-12-23,2022,12,23,4,0,3,12,13,18,46,1,92,18.4,3,46,43,2,3,0
3091,2022-12-27,2022,12,27,1,0,3,19,24,28,45,12,119,23.8,3,45,42,3,2,1
3092,2022-12-30,2022,12,30,4,0,5,8,27,33,48,7,121,24.2,5,48,43,3,2,0
3093,2023-01-03,2023,1,3,1,0,2,21,33,39,42,11,137,27.4,2,42,40,3,2,0
3094,2023-01-06,2023,1,6,4,0,6,20,31,37,46,4,140,28.0,6,46,40,2,3,1
3095,2023-01-10,2023,1,10,1,0,8,22,27,37,50,9,144,28.8,8,50,42,2,3,0
3096,2023-01-13,2023,1,13,4,0,12,19,25,29,41,2,126,25.2,12,41,29,4,1,1
3097,2023-01-17,2023,1,17,1,0,1,9,37,38,39,5,124,24.8,1,39,38,4,1,0
3098,2023-01-20,2023,1,20,4,0,5,12,15,39,47,8,118,23.6,5,47,42,4,1,1
3099,2023-01-24,2023,1,24,1,0,3,10,32,40,48,2,133,26.6,3,48,45,1,4,1
3100,2023-01-27,2023,1,27,4,0,27,34,36,40,50,2,187,37.4,27,50,23,1,4,1
3101,2023-01-31,2023,1,31,1,0,12,14,17,29,50,20,122,24.4,12,50,38,2,3,1
3102,2023-02-03,2023,2,3,4,0,17,32,35,42,43,6,169,33.8,17,43,26,3,2,1
3103,2023-02-07,2023,2,7,1,0,3,4,23,32,49,8,111,22.2,3,49,46,3,2,1
3104,2023-02-10,2023,2,10,4,0,3,5,21,42,46,6,117,23.4,3,46,43,3,2,1
3105,2023-02-14,2023,2,14,1,0,8,14,18,21,49,11,110,22.0,8,49,41,2,3,0
3106,2023-02-17,2023,2,17,4,0,1,2,4,19,24,19,50,10.0,1,24,23,2,3,0
3107,2023-02-21,2023,2,21,1,0,10,18,22,36,48,2,134,26.8,10,48,38,0,5,1
3108,2023-02-24,2023,2,24,4,0,7,23,31,38,43,11,142,28.4,7,43,36,4,1,0
3109,2023-02-28,2023,2,28,1,0,2,14,21,22,40,19,99,19.8,2,40,38,1,4,0
3110,2023-03-03,2023,3,3,4,0,18,20,41,47,50,14,176,35.2,18,50,32,2,3,1
3111,2023-03-07,2023,3,7,1,0,8,14,15,27,49,16,113,22.6,8,49,41,3,2,1
3112,2023-03-10,2023,3,10,4,0,12,19,22,27,37,6,117,23.4,12,37,25,3,2,1
3113,2023-03-14,2023,3,14,1,0,8,20,29,42,44,16,143,28.6,8,44,36,1,4,1
3114,2023-03-17,2023,3,17,4,0,21,22,27,41,43,5,154,30.8,21,43,22,4,1,0
3115,2023-03-21,2023,3,21,1,0,7,22,28,34,41,10,132,26.4,7,41,34,2,3,1
3116,2023-03-24,2023,3,24,4,0,6,27,33,45,46,14,157,31.4,6,46,40,3,2,1
3117,2023-03-28,2023,3,28,1,0,10,22,27,42,49,19,150,30.0,10,49,39,2,3,0
3118,2023-03-31,2023,3,31,4,0,7,20,41,42,49,7,159,31.8,7,49,42,3,2,0
3119,2023-04-04,2023,4,4,1,0,15,18,29,33,35,12,130,26.0,15,35,20,4,1,1
3120,2023-04-07,2023,4,7,4,0,9,15,21,22,26,13,93,18.6,9,26,17,3,2,0
3121,2023-04-11,2023,4,11,1,0,4,30,38,43,49,19,164,32.8,4,49,45,2,3,0
3122,2023-04-14,2023,4,14,4,0,16,20,33,37,44,16,150,30.0,16,44,28,2,3,1
3123,2023-04-18,2023,4,18,1,0,3,5,8,15,25,16,56,11.2,3,25,22,4,1,1
3124,2023-04-21,2023,4,21,4,0,2,3,6,12,49,10,72,14.4,2,49,47,2,3,1
3125,2023-04-25,2023,4,25,1,0,10,12,13,23,47,16,105,21.0,10,47,37,3,2,1
3126,2023-04-28,2023,4,28,4,0,20,21,28,35,44,11,148,29.6,20,44,24,2,3,0
3127,2023-05-02,2023,5,2,1,0,13,16,17,41,43,18,130,26.0,13,43,30,4,1,1
3128,2023-05-05,2023,5,5,4,0,2,20,24,29,43,20,118,23.6,2,43,41,2,3,1
3129,2023-05-09,2023,5,9,1,0,2,4,16,17,34,19,73,14.6,2,34,32,1,4,0
3130,2023-05-12,2023,5,12,4,0,5,11,30,40,47,18,133,26.6,5,47,42,3,2,1
3131,2023-05-16,2023,5,16,1,0,1,5,14,36,45,19,101,20.2,1,45,44,3,2,0
3132,2023-05-19,2023,5,19,4,0,3,16,22,42,49,19,132,26.4,3,49,46,2,3,0
3133,2023-05-23,2023,5,23,1,0,20,24,26,28,38,13,136,27.2,20,38,18,0,5,0
3134,2023-05-26,2023,5,26,4,0,4,9,21,22,41,7,97,19.4,4,41,37,3,2,0
3135,2023-05-30,2023,5,30,1,0,3,7,38,48,50,16,146,29.2,3,50,47,2,3,1
3136,2023-06-02,2023,6,2,4,0,1,4,5,12,25,14,47,9.4,1,25,24,3,2,1
3137,2023-06-06,2023,6,6,1,0,3,9,15,38,44,12,109,21.8,3,44,41,3,2,1
3138,2023-06-09,2023,6,9,4,0,5,17,22,27,37,2,108,21.6,5,37,32,4,1,1
3139,2023-06-13,2023,6,13,1,0,10,28,31,35,42,1,146,29.2,10,42,32,2,3,0
3140,2023-06-16,2023,6,16,4,0,13,21,26,30,50,2,140,28.0,13,50,37,2,3,1
3141,2023-06-20,2023,6,20,1,0,20,24,33,44,48,6,169,33.8,20,48,28,1,4,1
3142,2023-06-23,2023,6,23,4,0,19,37,41,43,47,16,187,37.4,19,47,28,5,0,1
3143,2023-06-27,2023,6,27,1,0,7,21,33,45,46,12,152,30.4,7,46,39,4,1,1
3144,2023-06-30,2023,6,30,4,0,9,17,27,36,37,16,126,25.2,9,37,28,4,1,1
3145,2023-07-04,2023,7,4,1,0,13,29,30,31,47,8,150,30.0,13,47,34,4,1,1
3146,2023-07-07,2023,7,7,4,0,8,21,25,26,29,18,109,21.8,8,29,21,3,2,1
3147,2023-07-11,2023,7,11,1,0,10,19,20,22,48,19,119,23.8,10,48,38,1,4,0
3148,2023-07-14,2023,7,14,4,0,1,22,31,32,41,9,127,25.4,1,41,40,3,2,0
3149,2023-07-18,2023,7,18,1,0,5,21,33,45,50,5,154,30.8,5,50,45,4,1,0
3150,2023-07-21,2023,7,21,4,0,19,21,25,31,48,20,144,28.8,19,48,29,4,1,1
3151,2023-07-25,2023,7,25,1,0,14,24,25,44,48,4,155,31.0,14,48,34,1,4,1
3152,2023-07-28,2023,7,28,4,0,2,6,11,20,47,7,86,17.2,2,47,45,2,3,0
3153,2023-08-01,2023,8,1,1,0,1,16,30,38,46,10,131,26.2,1,46,45,1,4,1
3154,2023-08-04,2023,8,4,4,0,19,27,28,37,43,4,154,30.8,19,43,24,4,1,1
3155,2023-08-08,2023,8,8,1,0,17,18,26,39,46,4,146,29.2,17,46,29,2,3,1
3156,2023-08-11,2023,8,11,4,0,30,35,42,43,44,5,194,38.8,30,44,14,2,3,0
3157,2023-08-15,2023,8,15,1,0,7,9,16,34,38,11,104,20.8,7,38,31,2,3,0
3158,2023-08-18,2023,8,18,4,0,1,3,6,7,16,1,33,6.6,1,16,15,3,2,0
3159,2023-08-22,2023,8,22,1,0,5,10,16,19,29,10,79,15.8,5,29,24,3,2,1
3160,2023-08-25,2023,8,25,4,0,3,4,7,13,24,5,51,10.2,3,24,21,3,2,0
3161,2023-08-29,2023,8,29,1,0,8,23,31,36,44,17,142,28.4,8,44,36,2,3,0
3162,2023-09-01,2023,9,1,4,0,1,3,8,33,49,4,94,18.8,1,49,48,4,1,1
3163,2023-09-05,2023,9,5,1,0,4,12,18,24,50,12,108,21.6,4,50,46,0,5,1
3164,2023-09-08,2023,9,8,4,0,5,8,14,35,36,12,98,19.6,5,36,31,2,3,1
3165,2023-09-12,2023,9,12,1,0,3,15,18,36,45,20,117,23.4,3,45,42,3,2,1
3166,2023-09-15,2023,9,15,4,0,3,21,28,35,46,19,133,26.6,3,46,43,3,2,0
3167,2023-09-19,2023,9,19,1,0,15,18,36,43,46,18,158,31.6,15,46,31,2,3,1
3168,2023-09-22,2023,9,22,4,0,8,9,19,26,27,5,89,17.8,8,27,19,3,2,0
3169,2023-09-26,2023,9,26,1,0,8,22,25,35,44,2,134,26.8,8,44,36,2,3,1
3170,2023-09-29,2023,9,29,4,0,6,14,27,31,47,14,125,25.0,6,47,41,3,2,1
3171,2023-10-03,2023,10,3,1,0,3,8,15,24,45,14,95,19.0,3,45,42,3,2,1
3172,2023-10-06,2023,10,6,4,0,19,21,25,41,49,9,155,31.0,19,49,30,5,0,0
3173,2023-10-10,2023,10,10,1,0,7,15,19,20,49,10,110,22.0,7,49,42,4,1,1
3174,2023-10-13,2023,10,13,4,0,9,11,39,41,44,19,144,28.8,9,44,35,4,1,0
3175,2023-10-17,2023,10,17,1,0,5,18,29,36,49,18,137,27.4,5,49,44,3,2,1
3176,2023-10-20,2023,10,20,4,0,3,7,13,18,42,12,83,16.6,3,42,39,3,2,1
3177,2023-10-24,2023,10,24,1,0,1,10,33,37,46,4,127,25.4,1,46,45,3,2,1
3178,2023-10-27,2023,10,27,4,0,16,17,21,31,36,15,121,24.2,16,36,20,3,2,0
3179,2023-10-31,2023,10,31,1,0,10,15,19,36,48,4,128,25.6,10,48,38,2,3,1
3180,2023-11-03,2023,11,3,4,0,1,8,24,26,31,2,90,18.0,1,31,30,2,3,1
3181,2023-11-07,2023,11,7,1,0,3,13,28,31,40,15,115,23.0,3,40,37,3,2,0
3182,2023-11-10,2023,11,10,4,0,3,18,21,37,46,3,125,25.0,3,46,43,3,2,0
3183,2023-11-14,2023,11,14,1,0,10,24,30,33,44,20,141,28.2,10,44,34,1,4,1
3184,2023-11-17,2023,11,17,4,0,4,20,24,30,42,8,120,24.0,4,42,38,0,5,1
3185,2023-11-21,2023,11,21,1,0,3,13,24,45,49,10,134,26.8,3,49,46,4,1,1
3186,2023-11-24,2023,11,24,4,0,21,32,40,41,47,4,181,36.2,21,47,26,3,2,1
3187,2023-11-28,2023,11,28,1,0,4,17,25,26,46,5,118,23.6,4,46,42,2,3,0
3188,2023-12-01,2023,12,1,4,0,16,18,44,46,48,8,172,34.4,16,48,32,0,5,1
3189,2023-12-05,2023,12,5,1,0,19,20,21,30,39,12,129,25.8,19,39,20,3,2,1
3190,2023-12-08,2023,12,8,4,0,2,22,24,32,33,1,113,22.6,2,33,31,1,4,0
3191,2023-12-12,2023,12,12,1,0,7,9,15,38,41,17,110,22.0,7,41,34,4,1,0
3192,2023-12-15,2023,12,15,4,0,16,24,34,38,44,13,156,31.2,16,44,28,0,5,0
3193,2023-12-19,2023,12,19,1,0,4,17,25,28,35,2,109,21.8,4,35,31,3,2,1
3194,2023-12-22,2023,12,22,4,0,24,27,29,34,38,16,152,30.4,24,38,14,2,3,1
3195,2023-12-26,2023,12,26,1,0,6,29,30,34,38,12,137,27.4,6,38,32,1,4,1
3196,2023-12-29,2023,12,29,4,0,17,21,38,48,49,15,173,34.6,17,49,32,3,2,0
3197,2024-01-02,2024,1,2,1,0,9,20,23,46,50,5,148,29.6,9,50,41,2,3,0
3198,2024-01-05,2024,1,5,4,0,2,18,31,43,50,7,144,28.8,2,50,48,2,3,0
3199,2024-01-09,2024,1,9,1,0,12,20,24,33,43,19,132,26.4,12,43,31,2,3,0
3200,2024-01-12,2024,1,12,4,0,15,29,36,45,49,5,174,34.8,15,49,34,4,1,0
3201,2024-01-16,2024,1,16,1,0,5,29,40,42,47,6,163,32.6,5,47,42,3,2,1
3202,2024-01-19,2024,1,19,4,0,11,18,20,41,46,15,136,27.2,11,46,35,2,3,0
3203,2024-01-23,2024,1,23,1,0,9,16,21,26,39,16,111,22.2,9,39,30,3,2,1
3204,2024-01-26,2024,1,26,4,0,1,6,13,20,21,12,61,12.2,1,21,20,3,2,1
3205,2024-01-30,2024,1,30,1,0,1,8,30,39,44,3,122,24.4,1,44,43,2,3,0
3206,2024-02-02,2024,2,2,4,0,21,35,37,43,46,19,182,36.4,21,46,25,4,1,0
3207,2024-02-06,2024,2,6,1,0,2,6,10,18,28,15,64,12.8,2,28,26,0,5,0
3208,2024-02-09,2024,2,9,4,0,8,16,24,29,36,17,113,22.6,8,36,28,1,4,0
3209,2024-02-13,2024,2,13,1,0,13,15,30,32,46,17,136,27.2,13,46,33,2,3,0
3210,2024-02-16,2024,2,16,4,0,18,33,35,46,48,16,180,36.0,18,48,30,2,3,1
3211,2024-02-20,2024,2,20,1,0,4,13,16,21,32,4,86,17.2,4,32,28,2,3,1
3212,2024-02-23,2024,2,23,4,0,3,19,22,35,38,17,117,23.4,3,38,35,3,2,0
3213,2024-02-27,2024,2,27,1,0,12,13,33,39,43,4,140,28.0,12,43,31,4,1,1
3214,2024-03-01,2024,3,1,4,0,10,30,35,42,46,10,163,32.6,10,46,36,1,4,1
3215,2024-03-05,2024,3,5,1,0,2,4,23,27,31,4,87,17.4,2,31,29,3,2,1
3216,2024-03-08,2024,3,8,4,0,7,18,19,27,28,14,99,19.8,7,28,21,3,2,1
3217,2024-03-12,2024,3,12,1,0,2,18,21,47,48,9,136,27.2,2,48,46,2,3,0
3218,2024-03-15,2024,3,15,4,0,4,9,20,22,33,20,88,17.6,4,33,29,2,3,1
3219,2024-03-19,2024,3,19,1,0,7,15,19,26,36,15,103,20.6,7,36,29,3,2,0
3220,2024-03-22,2024,3,22,4,0,9,10,36,43,44,7,142,28.4,9,44,35,2,3,0
3221,2024-03-26,2024,3,26,1,0,11,15,35,41,45,12,147,29.4,11,45,34,5,0,1
3222,2024-03-29,2024,3,29,4,0,1,13,24,25,35,4,98,19.6,1,35,34,4,1,1
3223,2024-04-02,2024,4,2,1,0,13,20,28,39,47,18,147,29.4,13,47,34,3,2,1
3224,2024-04-05,2024,4,5,4,0,6,8,16,28,36,18,94,18.8,6,36,30,0,5,1
3225,2024-04-09,2024,4,9,1,0,5,7,31,36,42,10,121,24.2,5,42,37,3,2,1
3226,2024-04-12,2024,4,12,4,0,22,26,42,43,45,20,178,35.6,22,45,23,2,3,1
3227,2024-04-16,2024,4,16,1,0,6,14,26,32,41,3,119,23.8,6,41,35,1,4,0
3228,2024-04-19,2024,4,19,4,0,4,17,18,44,48,19,131,26.2,4,48,44,1,4,0
3229,2024-04-23,2024,4,23,1,0,13,20,26,37,42,7,138,27.6,13,42,29,2,3,0
3230,2024-04-26,2024,4,26,4,0,5,12,13,17,32,12,79,15.8,5,32,27,3,2,1
3231,2024-04-30,2024,4,30,1,0,5,8,14,33,36,2,96,19.2,5,36,31,2,3,1
3232,2024-05-03,2024,5,3,4,0,28,31,33,37,44,2,173,34.6,28,44,16,3,2,1
3233,2024-05-07,2024,5,7,1,0,2,4,10,39,40,11,95,19.0,2,40,38,1,4,0
3234,2024-05-10,2024,5,10,4,0,9,21,33,43,44,10,150,30.0,9,44,35,4,1,1
3235,2024-05-14,2024,5,14,1,0,4,9,39,41,44,19,137,27.4,4,44,40,3,2,0
3236,2024-05-17,2024,5,17,4,0,18,22,23,31,32,18,126,25.2,18,32,14,2,3,1
3237,2024-05-21,2024,5,21,1,0,3,9,16,26,38,8,92,18.4,3,38,35,2,3,1
3238,2024-05-24,2024,5,24,4,0,4,14,16,18,25,11,77,15.4,4,25,21,1,4,0
3239,2024-05-28,2024,5,28,1,0,2,3,23,39,45,14,112,22.4,2,45,43,4,1,1
3240,2024-05-31,2024,5,31,4,0,17,20,22,35,43,7,137,27.4,17,43,26,3,2,0
3241,2024-06-04,2024,6,4,1,0,4,15,38,41,42,17,140,28.0,4,42,38,2,3,0
3242,2024-06-07,2024,6,7,4,0,6,9,17,37,41,19,110,22.0,6,41,35,4,1,0
3243,2024-06-11,2024,6,11,1,0,12,22,25,43,50,16,152,30.4,12,50,38,2,3,1
3244,2024-06-14,2024,6,14,4,0,19,24,40,45,49,7,177,35.4,19,49,30,3,2,0
3245,2024-06-18,2024,6,18,1,0,9,13,18,45,49,2,134,26.8,9,49,40,4,1,1
3246,2024-06-21,2024,6,21,4,0,9,29,30,33,49,10,150,30.0,9,49,40,4,1,1
3247,2024-06-25,2024,6,25,1,0,3,32,40,42,49,5,166,33.2,3,49,46,2,3,0
3248,2024-06-28,2024,6,28,4,0,19,22,31,40,47,5,159,31.8,19,47,28,3,2,0
3249,2024-07-02,2024,7,2,1,0,6,15,20,32,42,5,115,23.0,6,42,36,1,4,0
3250,2024-07-05,2024,7,5,4,0,18,19,22,38,49,15,146,29.2,18,49,31,2,3,0
3251,2024-07-09,2024,7,9,1,0,2,7,19,31,45,4,104,20.8,2,45,43,4,1,1
3252,2024-07-12,2024,7,12,4,0,5,10,26,37,44,15,122,24.4,5,44,39,2,3,0
3253,2024-07-16,2024,7,16,1,0,2,10,22,48,49,7,131,26.2,2,49,47,1,4,0
3254,2024-07-19,2024,7,19,4,0,2,6,9,31,37,6,85,17.0,2,37,35,3,2,1
3255,2024-07-23,2024,7,23,1,0,3,11,16,26,48,7,104,20.8,3,48,45,2,3,0
3256,2024-07-26,2024,7,26,4,0,6,9,12,38,39,17,104,20.8,6,39,33,2,3,0
3257,2024-07-30,2024,7,30,1,0,7,15,20,32,46,4,120,24.0,7,46,39,2,3,1
3258,2024-08-02,2024,8,2,4,0,2,5,10,31,32,11,80,16.0,2,32,30,2,3,0
3259,2024-08-06,2024,8,6,1,0,5,31,34,40,46,10,156,31.2,5,46,41,2,3,1
3260,2024-08-09,2024,8,9,4,0,7,13,28,37,44,6,129,25.8,7,44,37,3,2,1
3261,2024-08-13,2024,8,13,1,0,6,34,35,42,46,11,163,32.6,6,46,40,1,4,0
3262,2024-08-16,2024,8,16,4,0,9,14,15,22,36,1,96,19.2,9,36,27,2,3,0
3263,2024-08-20,2024,8,20,1,0,5,7,13,23,40,7,88,17.6,5,40,35,4,1,0
3264,2024-08-23,2024,8,23,4,0,20,22,37,39,40,7,158,31.6,20,40,20,2,3,0
3265,2024-08-27,2024,8,27,1,0,13,35,39,42,49,2,178,35.6,13,49,36,4,1,1
3266,2024-08-30,2024,8,30,4,0,8,27,33,43,48,14,159,31.8,8,48,40,3,2,1
3267,2024-09-03,2024,9,3,1,0,2,9,30,38,47,2,126,25.2,2,47,45,2,3,1
3268,2024-09-06,2024,9,6,4,0,10,17,23,44,46,4,140,28.0,10,46,36,2,3,1
3269,2024-09-10,2024,9,10,1,0,16,17,18,47,48,6,146,29.2,16,48,32,2,3,1
3270,2024-09-13,2024,9,13,4,0,2,10,25,37,43,7,117,23.4,2,43,41,3,2,0
3271,2024-09-17,2024,9,17,1,0,23,26,43,44,49,16,185,37.0,23,49,26,3,2,1
3272,2024-09-20,2024,9,20,4,0,6,12,16,18,47,19,99,19.8,6,47,41,1,4,0
3273,2024-09-24,2024,9,24,1,0,19,23,30,31,38,19,141,28.2,19,38,19,3,2,0
3274,2024-09-27,2024,9,27,4,0,12,22,29,43,47,10,153,30.6,12,47,35,3,2,1
3275,2024-10-01,2024,10,1,1,0,3,10,14,25,39,1,91,18.2,3,39,36,3,2,0
3276,2024-10-04,2024,10,4,4,0,2,8,24,42,48,17,124,24.8,2,48,46,0,5,0
3277,2024-10-08,2024,10,8,1,0,3,13,31,37,40,9,124,24.8,3,40,37,4,1,0
3278,2024-10-11,2024,10,11,4,0,3,8,13,46,48,11,118,23.6,3,48,45,2,3,0
3279,2024-10-15,2024,10,15,1,0,14,32,35,39,44,17,164,32.8,14,44,30,2,3,0
3280,2024-10-18,2024,10,18,4,0,4,12,28,33,48,14,125,25.0,4,48,44,1,4,1
3281,2024-10-22,2024,10,22,1,0,2,23,27,45,49,12,146,29.2,2,49,47,4,1,1
3282,2024-10-25,2024,10,25,4,0,10,38,39,42,49,17,178,35.6,10,49,39,2,3,0
3283,2024-10-29,2024,10,29,1,0,1,19,30,37,40,16,127,25.4,1,40,39,3,2,1
3284,2024-11-01,2024,11,1,4,0,3,12,17,29,38,18,99,19.8,3,38,35,3,2,1
3285,2024-11-05,2024,11,5,1,0,10,14,20,36,43,17,123,24.6,10,43,33,1,4,0
3286,2024-11-08,2024,11,8,4,0,4,5,29,35,45,7,118,23.6,4,45,41,4,1,0
3287,2024-11-12,2024,11,12,1,0,4,5,18,39,42,14,108,21.6,4,42,38,2,3,1
3288,2024-11-15,2024,11,15,4,0,5,18,21,23,31,18,98,19.6,5,31,26,4,1,1
3289,2024-11-19,2024,11,19,1,0,3,11,17,21,37,6,89,17.8,3,37,34,5,0,1
3290,2024-11-22,2024,11,22,4,0,15,17,19,43,49,8,143,28.6,15,49,34,5,0,1
3291,2024-11-26,2024,11,26,1,0,12,18,22,36,38,12,126,25.2,12,38,26,0,5,1
3292,2024-11-29,2024,11,29,4,0,5,16,27,32,40,1,120,24.0,5,40,35,2,3,0
3293,2024-12-03,2024,12,3,1,0,6,9,11,23,27,10,76,15.2,6,27,21,4,1,1
3294,2024-12-06,2024,12,6,4,0,5,15,19,32,35,11,106,21.2,5,35,30,4,1,0
3295,2024-12-10,2024,12,10,1,0,1,6,29,39,44,17,119,23.8,1,44,43,3,2,0
3296,2024-12-13,2024,12,13,4,0,3,28,39,40,49,14,159,31.8,3,49,46,3,2,1
3297,2024-12-17,2024,12,17,1,0,12,21,28,32,40,12,133,26.6,12,40,28,1,4,1
3298,2024-12-20,2024,12,20,4,0,1,16,20,41,48,8,126,25.2,1,48,47,2,3,1
3299,2024-12-24,2024,12,24,1,0,5,7,8,12,18,9,50,10.0,5,18,13,2,3,0
3300,2024-12-27,2024,12,27,4,0,6,10,23,30,47,18,116,23.2,6,47,41,2,3,1
3301,2024-12-31,2024,12,31,1,0,1,26,31,32,47,2,137,27.4,1,47,46,3,2,1
3302,2025-01-03,2025,1,3,4,0,6,9,10,25,47,1,97,19.4,6,47,41,3,2,0
3303,2025-01-07,2025,1,7,1,0,9,12,27,39,42,18,129,25.8,9,42,33,3,2,1
3304,2025-01-10,2025,1,10,4,0,10,14,33,44,47,2,148,29.6,10,47,37,2,3,1
3305,2025-01-14,2025,1,14,1,0,20,23,30,34,44,7,151,30.2,20,44,24,1,4,0
3306,2025-01-17,2025,1,17,4,0,4,11,27,39,40,8,121,24.2,4,40,36,3,2,1
3307,2025-01-21,2025,1,21,1,0,1,2,15,23,37,4,78,15.6,1,37,36,4,1,1
3308,2025-01-24,2025,1,24,4,0,12,15,24,43,49,18,143,28.6,12,49,37,3,2,1
3309,2025-01-28,2025,1,28,1,0,17,21,26,42,43,14,149,29.8,17,43,26,3,2,1
3310,2025-01-31,2025,1,31,4,0,3,27,36,40,47,15,153,30.6,3,47,44,3,2,0
3311,2025-02-04,2025,2,4,1,0,19,23,27,41,49,8,159,31.8,19,49,30,5,0,1
3312,2025-02-07,2025,2,7,4,0,7,30,34,42,49,1,162,32.4,7,49,42,2,3,0
3313,2025-02-11,2025,2,11,1,0,7,15,21,23,33,13,99,19.8,7,33,26,5,0,0
3314,2025-02-14,2025,2,14,4,0,2,8,25,37,44,18,116,23.2,2,44,42,2,3,1
3315,2025-02-18,2025,2,18,1,0,16,19,34,36,43,16,148,29.6,16,43,27,2,3,1
3316,2025-02-21,2025,2,21,4,0,2,3,15,17,42,5,79,15.8,2,42,40,3,2,0
3317,2025-02-25,2025,2,25,1,0,18,23,27,34,44,18,146,29.2,18,44,26,2,3,1
3318,2025-02-28,2025,2,28,4,0,11,19,20,21,44,6,115,23.0,11,44,33,3,2,1
3319,2025-03-04,2025,3,4,1,0,20,23,35,43,50,15,171,34.2,20,50,30,3,2,0
3320,2025-03-07,2025,3,7,4,0,12,13,16,28,46,3,115,23.0,12,46,34,1,4,0
3321,2025-03-11,2025,3,11,1,0,8,28,30,44,48,2,158,31.6,8,48,40,0,5,1
3322,2025-03-14,2025,3,14,4,0,7,32,38,45,46,2,168,33.6,7,46,39,2,3,1
3323,2025-03-18,2025,3,18,1,0,15,22,29,35,43,10,144,28.8,15,43,28,4,1,1
3324,2025-03-21,2025,3,21,4,0,9,16,24,32,50,19,131,26.2,9,50,41,1,4,0
3325,2025-03-25,2025,3,25,1,0,22,32,38,39,40,10,171,34.2,22,40,18,1,4,1
3326,2025-03-28,2025,3,28,4,0,1,6,13,14,35,3,69,13.8,1,35,34,3,2,0
3327,2025-04-01,2025,4,1,1,0,1,6,12,13,36,7,68,13.6,1,36,35,2,3,0
3328,2025-04-04,2025,4,4,4,0,8,20,35,36,38,2,137,27.4,8,38,30,1,4,1
3329,2025-04-08,2025,4,8,1,0,1,16,23,37,42,6,119,23.8,1,42,41,3,2,1
3330,2025-04-11,2025,4,11,4,0,5,12,14,22,48,18,101,20.2,5,48,43,1,4,1
3331,2025-04-15,2025,4,15,1,0,19,24,38,40,41,2,162,32.4,19,41,22,2,3,1
3332,2025-04-18,2025,4,18,4,0,15,17,22,33,45,12,132,26.4,15,45,30,4,1,1
3333,2025-04-22,2025,4,22,1,0,18,32,33,38,43,9,164,32.8,18,43,25,2,3,0
3334,2025-04-25,2025,4,25,4,0,5,9,13,46,47,11,120,24.0,5,47,42,4,1,0
3335,2025-04-29,2025,4,29,1,0,5,14,32,33,45,13,129,25.8,5,45,40,3,2,0
3336,2025-05-02,2025,5,2,4,0,2,6,17,37,47,9,109,21.8,2,47,45,3,2,0
3337,2025-05-06,2025,5,6,1,0,19,20,32,35,37,19,143,28.6,19,37,18,3,2,0
3338,2025-05-09,2025,5,9,4,0,5,6,14,38,50,10,113,22.6,5,50,45,1,4,1
3339,2025-05-13,2025,5,13,1,0,11,21,29,37,39,12,137,27.4,11,39,28,5,0,1
3340,2025-05-16,2025,5,16,4,0,9,16,20,28,39,19,112,22.4,9,39,30,2,3,0
3341,2025-05-20,2025,5,20,1,0,13,26,31,32,47,18,149,29.8,13,47,34,3,2,1
3342,2025-05-23,2025,5,23,4,0,1,17,18,27,49,15,112,22.4,1,49,48,4,1,0
3343,2025-05-27,2025,5,27,1,0,13,22,33,38,50,15,156,31.2,13,50,37,2,3,0
3344,2025-05-30,2025,5,30,4,0,10,13,34,43,46,1,146,29.2,10,46,36,2,3,0
3345,2025-06-03,2025,6,3,1,0,5,26,40,47,50,14,168,33.6,5,50,45,2,3,1
3346,2025-06-06,2025,6,6,4,0,9,24,34,41,44,2,152,30.4,9,44,35,2,3,1
3347,2025-06-10,2025,6,10,1,0,5,11,23,29,48,1,116,23.2,5,48,43,4,1,0
3348,2025-06-13,2025,6,13,4,0,1,21,34,46,47,12,149,29.8,1,47,46,3,2,1
3349,2025-06-17,2025,6,17,1,0,5,23,26,38,43,4,135,27.0,5,43,38,3,2,1
3350,2025-06-20,2025,6,20,4,0,22,23,25,29,42,8,141,28.2,22,42,20,3,2,1
3351,2025-06-24,2025,6,24,1,0,2,22,27,36,39,19,126,25.2,2,39,37,2,3,0
3352,2025-06-27,2025,6,27,4,0,11,23,32,41,47,17,154,30.8,11,47,36,4,1,0
3353,2025-07-01,2025,7,1,1,0,8,9,26,30,31,8,104,20.8,8,31,23,2,3,1
3354,2025-07-04,2025,7,4,4,0,15,16,22,30,32,7,115,23.0,15,32,17,1,4,0
3355,2025-07-08,2025,7,8,1,0,14,19,37,44,48,17,162,32.4,14,48,34,2,3,0
3356,2025-07-11,2025,7,11,4,0,1,7,8,15,20,15,51,10.2,1,20,19,3,2,0
3357,2025-07-15,2025,7,15,1,0,5,21,26,28,39,6,119,23.8,5,39,34,3,2,1
3358,2025-07-18,2025,7,18,4,0,10,15,26,31,41,5,123,24.6,10,41,31,3,2,0
3359,2025-07-22,2025,7,22,1,0,3,8,10,27,49,1,97,19.4,3,49,46,3,2,0
3360,2025-07-25,2025,7,25,4,0,3,29,35,39,42,5,148,29.6,3,42,39,4,1,0
3361,2025-07-29,2025,7,29,1,0,4,17,20,24,30,19,95,19.0,4,30,26,1,4,0
3362,2025-08-01,2025,8,1,4,0,5,31,33,34,40,13,143,28.6,5,40,35,3,2,0
3363,2025-08-05,2025,8,5,1,0,10,32,34,40,48,14,164,32.8,10,48,38,0,5,1
3364,2025-08-08,2025,8,8,4,0,13,26,39,41,48,18,167,33.4,13,48,35,3,2,1
3365,2025-08-12,2025,8,12,1,0,8,10,20,41,48,4,127,25.4,8,48,40,1,4,1
3366,2025-08-15,2025,8,15,4,0,4,11,19,32,33,12,99,19.8,4,33,29,3,2,1
3367,2025-08-19,2025,8,19,1,0,2,10,22,27,40,17,101,20.2,2,40,38,1,4,0
3368,2025-08-22,2025,8,22,4,0,4,10,27,37,50,18,128,25.6,4,50,46,2,3,1
3369,2025-08-26,2025,8,26,1,0,13,19,24,44,50,15,150,30.0,13,50,37,2,3,0
3370,2025-08-29,2025,8,29,4,0,12,14,29,45,50,15,150,30.0,12,50,38,2,3,0
3371,2025-09-02,2025,9,2,1,0,20,31,33,34,50,6,168,33.6,20,50,30,2,3,1
3372,2025-09-05,2025,9,5,4,0,22,30,33,35,38,20,158,31.6,22,38,16,2,3,1
3373,2025-09-09,2025,9,9,1,0,21,28,40,43,45,13,177,35.4,21,45,24,3,2,0
3374,2025-09-12,2025,9,12,4,0,17,23,25,26,37,18,128,25.6,17,37,20,4,1,1
3375,2025-09-16,2025,9,16,1,0,22,24,26,33,35,7,140,28.0,22,35,13,2,3,0
3376,2025-09-19,2025,9,19,4,0,2,16,24,41,47,19,130,26.0,2,47,45,2,3,0
3377,2025-09-23,2025,9,23,1,0,10,23,32,43,45,18,153,30.6,10,45,35,3,2,1
3378,2025-09-26,2025,9,26,4,0,3,13,19,24,40,12,99,19.8,3,40,37,3,2,1
3379,2025-09-30,2025,9,30,1,0,14,22,25,37,46,4,144,28.8,14,46,32,2,3,1
3380,2025-10-03,2025,10,3,4,0,12,14,33,41,44,10,144,28.8,12,44,32,2,3,1
3381,2025-10-07,2025,10,7,1,0,13,18,21,23,24,16,99,19.8,13,24,11,3,2,1
3382,2025-10-10,2025,10,10,4,0,6,10,40,44,50,11,150,30.0,6,50,44,0,5,0
3383,2025-10-14,2025,10,14,1,0,5,25,31,40,41,20,142,28.4,5,41,36,4,1,1
3384,2025-10-17,2025,10,17,4,0,18,27,29,32,45,16,151,30.2,18,45,27,3,2,1
3385,2025-10-21,2025,10,21,1,0,7,10,16,21,30,11,84,16.8,7,30,23,2,3,0
3386,2025-10-24,2025,10,24,4,0,15,18,24,32,44,20,133,26.6,15,44,29,1,4,1
3387,2025-10-28,2025,10,28,1,0,2,13,31,32,42,1,120,24.0,2,42,40,2,3,0
3388,2025-10-31,2025,10,31,4,0,19,24,25,30,49,6,147,29.4,19,49,30,3,2,1
3389,2025-11-04,2025,11,4,1,0,5,20,22,28,46,1,121,24.2,5,46,41,1,4,0
3390,2025-11-07,2025,11,7,4,0,7,33,40,41,49,10,170,34.0,7,49,42,4,1,1
3391,2025-11-11,2025,11,11,1,0,9,13,17,47,49,8,135,27.0,9,49,40,5,0,1
3392,2025-11-14,2025,11,14,4,0,16,28,32,36,48,13,160,32.0,16,48,32,0,5,0
3393,2025-11-18,2025,11,18,1,0,23,30,42,45,50,19,190,38.0,23,50,27,2,3,0
3394,2025-11-21,2025,11,21,4,0,1,28,39,49,50,6,167,33.4,1,50,49,3,2,1
3395,2025-11-25,2025,11,25,1,0,15,24,28,31,37,16,135,27.0,15,37,22,3,2,1
3396,2025-11-28,2025,11,28,4,0,3,17,28,29,34,1,111,22.2,3,34,31,3,2,0
3397,2025-12-02,2025,12,2,1,0,16,21,33,39,46,12,155,31.0,16,46,30,3,2,1
3398,2025-12-05,2025,12,5,4,0,12,20,27,35,46,9,140,28.0,12,46,34,2,3,0
3399,2025-12-09,2025,12,9,1,0,11,36,41,43,46,8,177,35.4,11,46,35,3,2,1
3400,2025-12-12,2025,12,12,4,0,17,18,30,42,50,3,157,31.4,17,50,33,1,4,0
3401,2025-12-16,2025,12,16,1,0,11,17,18,35,50,7,131,26.2,11,50,39,3,2,0
3402,2025-12-19,2025,12,19,4,0,2,11,15,16,30,15,74,14.8,2,30,28,2,3,0
3403,2025-12-23,2025,12,23,1,0,3,12,29,46,49,3,139,27.8,3,49,46,3,2,0
3404,2025-12-26,2025,12,26,4,0,18,20,35,46,48,2,167,33.4,18,48,30,1,4,1
3405,2025-12-30,2025,12,30,1,0,6,13,14,42,45,11,120,24.0,6,45,39,2,3,0
3406,2026-01-02,2026,1,2,4,0,17,18,35,38,39,9,147,29.4,17,39,22,3,2,0
3407,2026-01-06,2026,1,6,1,0,9,12,13,30,34,2,98,19.6,9,34,25,2,3,1
3408,2026-01-09,2026,1,9,4,0,11,20,35,42,50,7,158,31.6,11,50,39,2,3,0
3409,2026-01-13,2026,1,13,1,0,21,32,33,39,50,3,175,35.0,21,50,29,3,2,0
3410,2026-01-16,2026,1,16,4,0,8,22,36,39,47,20,152,30.4,8,47,39,2,3,1
3411,2026-01-20,2026,1,20,1,0,2,3,16,17,35,5,73,14.6,2,35,33,3,2,0
3412,2026-01-23,2026,1,23,4,0,4,16,24,29,31,15,104,20.8,4,31,27,2,3,0
3413,2026-01-27,2026,1,27,1,0,11,13,28,43,48,3,143,28.6,11,48,37,3,2,0
3414,2026-01-30,2026,1,30,4,0,19,26,31,33,39,2,148,29.6,19,39,20,4,1,1
3415,2026-02-03,2026,2,3,1,0,2,11,20,40,49,2,122,24.4,2,49,47,2,3,1
3416,2026-02-06,2026,2,6,4,0,6,13,21,28,31,5,99,19.8,6,31,25,3,2,0
3417,2026-02-10,2026,2,10,1,0,17,23,25,39,49,11,153,30.6,17,49,32,5,0,0
3418,2026-02-13,2026,2,13,4,0,4,10,23,26,37,20,100,20.0,4,37,33,2,3,1
3419,2026-02-17,2026,2,17,1,0,5,15,23,24,42,5,109,21.8,5,42,37,3,2,0
3420,2026-02-20,2026,2,20,4,0,17,19,25,28,35,17,124,24.8,17,35,18,4,1,0
3421,2026-02-24,2026,2,24,1,0,19,23,33,34,41,9,150,30.0,19,41,22,4,1,0
3422,2026-02-27,2026,2,27,4,0,11,14,24,32,43,2,124,24.8,11,43,32,2,3,1
3423,2026-03-03,2026,3,3,1,0,1,9,29,38,43,15,120,24.0,1,43,42,4,1,0
3424,2026-03-06,2026,3,6,4,0,10,11,15,18,50,11,104,20.8,10,50,40,2,3,0
3425,2026-03-10,2026,3,10,1,0,1,5,13,20,25,14,64,12.8,1,25,24,4,1,1
3426,2026-03-13,2026,3,13,4,0,1,3,27,45,50,17,126,25.2,1,50,49,4,1,0
3427,2026-03-17,2026,3,17,1,0,10,13,40,47,48,5,158,31.6,10,48,38,2,3,0
3428,2026-03-20,2026,3,20,4,0,5,8,11,17,41,2,82,16.4,5,41,36,4,1,1
3429,2026-03-24,2026,3,24,1,0,11,13,19,22,39,1,104,20.8,11,39,28,4,1,0
3430,2026-03-27,2026,3,27,4,0,6,12,25,28,36,15,107,21.4,6,36,30,1,4,0
3431,2026-03-31,2026,3,31,1,0,5,13,15,24,43,6,100,20.0,5,43,38,4,1,1
3432,2026-04-03,2026,4,3,4,0,1,14,25,29,41,18,110,22.0,1,41,40,4,1,1
3433,2026-04-07,2026,4,7,1,0,16,17,18,22,41,10,114,22.8,16,41,25,2,3,1
3434,2026-04-10,2026,4,10,4,0,27,36,38,40,48,17,189,37.8,27,48,21,1,4,0
3435,2026-04-14,2026,4,14,1,0,2,6,16,30,31,6,85,17.0,2,31,29,1,4,1
3436,2026-04-17,2026,4,17,4,0,17,26,39,43,45,2,170,34.0,17,45,28,4,1,1
3437,2026-04-21,2026,4,21,1,0,5,13,31,32,47,3,128,25.6,5,47,42,4,1,0
3438,2026-04-24,2026,4,24,4,0,16,19,24,25,41,20,125,25.0,16,41,25,3,2,1
3439,2026-04-28,2026,4,28,1,0,5,17,38,44,47,2,151,30.2,5,47,42,3,2,1
3440,2026-05-01,2026,5,1,4,0,15,17,27,29,35,12,123,24.6,15,35,20,5,0,1
3441,2026-05-05,2026,5,5,1,0,1,4,5,22,28,5,60,12.0,1,28,27,2,3,0
3442,2026-05-08,2026,5,8,4,0,1,32,40,43,48,9,164,32.8,1,48,47,2,3,0
3443,2026-05-12,2026,5,12,1,0,25,30,32,33,46,6,166,33.2,25,46,21,2,3,1
3444,2026-05-15,2026,5,15,4,0,20,24,29,38,39,11,150,30.0,20,39,19,2,3,0
3445,2026-05-19,2026,5,19,1,0,19,24,29,47,48,4,167,33.4,19,48,29,3,2,1
3446,2026-05-22,2026,5,22,4,0,6,8,16,22,25,18,77,15.4,6,25,19,1,4,1
3447,2026-05-26,2026,5,26,1,0,1,9,30,31,47,3,118,23.6,1,47,46,4,1,0
3448,2026-05-29,2026,5,29,4,0,9,14,16,25,30,14,94,18.8,9,30,21,2,3,1
3449,2026-06-02,2026,6,2,1,0,2,10,22,28,49,7,111,22.2,2,49,47,1,4,0
3450,2026-06-05,2026,6,5,4,0,2,16,33,37,43,6,131,26.2,2,43,41,3,2,1
3451,2026-06-09,2026,6,9,1,0,5,8,12,19,48,1,92,18.4,5,48,43,2,3,0
3452,2026-06-12,2026,6,12,4,0,7,23,27,30,45,6,132,26.4,7,45,38,4,1,1
3453,2026-06-16,2026,6,16,1,0,2,19,20,40,43,11,124,24.8,2,43,41,2,3,0
3454,2026-06-19,2026,6,19,4,0,9,10,27,37,44,13,127,25.4,9,44,35,3,2,0
3455,2026-06-23,2026,6,23,1,0,16,25,32,33,50,11,156,31.2,16,50,34,2,3,0
3456,2026-06-26,2026,6,26,4,0,17,26,37,40,45,13,165,33.0,17,45,28,3,2,0
3457,2026-06-30,2026,6,30,1,0,21,26,40,42,44,15,173,34.6,21,44,23,1,4,0
3458,2026-07-03,2026,7,3,4,0,9,14,27,32,34,15,116,23.2,9,34,25,2,3,0
3459,2026-07-07,2026,7,7,1,0,16,18,21,29,47,11,131,26.2,16,47,31,3,2,0
3460,2026-07-10,2026,7,10,4,0,2,12,13,20,23,12,70,14.0,2,23,21,2,3,1
3461,2026-07-14,2026,7,14,1,0,9,13,21,36,40,4,119,23.8,9,40,31,3,2,1
3462,2026-07-17,2026,7,17,4,0,6,9,31,37,42,4,125,25.0,6,42,36,3,2,1
3463,2026-07-21,2026,7,21,1,0,15,40,41,47,50,16,193,38.6,15,50,35,3,2,1
3464,2026-07-24,2026,7,24,4,0,4,8,13,22,38,1,85,17.0,4,38,34,1,4,0
3465,2026-07-28,2026,7,28,1,0,3,12,27,36,47,15,125,25.0,3,47,44,3,2,0
3466,2026-07-31,2026,7,31,4,0,10,11,37,45,46,11,149,29.8,10,46,36,3,2,0
3467,2026-08-04,2026,8,4,1,0,16,24,29,34,38,15,141,28.2,16,38,22,1,4,0
3468,2026-08-07,2026,8,7,4,0,8,22,31,39,40,5,140,28.0,8,40,32,2,3,0
3469,2026-08-11,2026,8,11,1,0,3,14,26,40,48,10,131,26.2,3,48,45,1,4,1
3470,2026-08-14,2026,8,14,4,0,14,15,19,39,44,3,131,26.2,14,44,30,3,2,0
3471,2010-01-01,2010,1,1,4,0,17,21,24,32,37,10,131,26.2,17,37,20,3,2,1
3472,2010-01-05,2010,1,5,1,0,1,8,31,43,44,11,127,25.4,1,44,43,3,2,0
3473,2010-01-08,2010,1,8,4,0,6,15,27,39,45,19,132,26.4,6,45,39,4,1,0
3474,2010-01-12,2010,1,12,1,0,10,11,18,30,35,7,104,20.8,10,35,25,2,3,0
3475,2010-01-15,2010,1,15,4,0,1,5,21,42,44,8,113,22.6,1,44,43,3,2,1
3476,2010-01-19,2010,1,19,1,0,10,16,18,21,38,18,103,20.6,10,38,28,1,4,1
3477,2010-01-22,2010,1,22,4,0,7,11,18,19,34,7,89,17.8,7,34,27,3,2,0
3478,2010-01-26,2010,1,26,1,0,2,3,15,21,36,19,77,15.4,2,36,34,3,2,0
3479,2010-01-29,2010,1,29,4,0,2,6,39,42,43,3,132,26.4,2,43,41,2,3,0
3480,2010-02-02,2010,2,2,1,0,7,25,33,38,42,8,145,29.0,7,42,35,3,2,1
3481,2010-02-05,2010,2,5,4,0,1,8,21,29,39,20,98,19.6,1,39,38,4,1,1
3482,2010-02-09,2010,2,9,1,0,10,18,26,36,45,19,135,27.0,10,45,35,1,4,0
3483,2010-02-12,2010,2,12,4,0,6,32,36,38,45,1,157,31.4,6,45,39,1,4,0
3484,2010-02-16,2010,2,16,1,0,22,23,30,33,44,9,152,30.4,22,44,22,2,3,0
3485,2010-02-19,2010,2,19,4,0,7,8,10,22,35,4,82,16.4,7,35,28,2,3,1
3486,2010-02-23,2010,2,23,1,0,4,12,18,34,41,14,109,21.8,4,41,37,1,4,1
3487,2010-02-26,2010,2,26,4,0,4,9,14,23,37,8,87,17.4,4,37,33,3,2,1
3488,2010-03-02,2010,3,2,1,0,1,12,15,36,43,6,107,21.4,1,43,42,3,2,1
3489,2010-03-05,2010,3,5,4,0,10,11,12,22,38,10,93,18.6,10,38,28,1,4,1
3490,2010-03-09,2010,3,9,1,0,3,6,11,28,45,15,93,18.6,3,45,42,3,2,0
3491,2010-03-12,2010,3,12,4,0,8,14,18,22,28,10,90,18.0,8,28,20,0,5,1
3492,2010-03-16,2010,3,16,1,0,16,32,40,42,45,16,175,35.0,16,45,29,1,4,1
3493,2010-03-19,2010,3,19,4,0,7,11,33,44,45,3,140,28.0,7,45,38,4,1,0
3494,2010-03-23,2010,3,23,1,0,1,6,9,10,15,11,41,8.2,1,15,14,3,2,0
3495,2010-03-26,2010,3,26,4,0,25,30,33,36,44,15,168,33.6,25,44,19,2,3,0
3496,2010-03-30,2010,3,30,1,0,9,27,30,35,42,17,143,28.6,9,42,33,3,2,0
3497,2010-04-06,2010,4,6,1,0,2,13,19,38,42,16,114,22.8,2,42,40,2,3,1
3498,2010-04-09,2010,4,9,4,0,2,16,27,30,31,15,106,21.2,2,31,29,2,3,0
3499,2010-04-13,2010,4,13,1,0,15,18,28,42,45,5,148,29.6,15,45,30,2,3,0
3500,2010-04-16,2010,4,16,4,0,7,19,21,37,40,18,124,24.8,7,40,33,4,1,1
3501,2010-04-20,2010,4,20,1,0,7,20,26,32,39,3,124,24.8,7,39,32,2,3,0
3502,2010-04-23,2010,4,23,4,0,12,18,43,44,45,5,162,32.4,12,45,33,2,3,0
3503,2010-04-27,2010,4,27,1,0,13,14,23,24,27,1,101,20.2,13,27,14,3,2,0
3504,2010-04-30,2010,4,30,4,0,1,11,30,35,44,15,121,24.2,1,44,43,3,2,0
3505,2010-05-04,2010,5,4,1,0,9,17,28,36,43,4,133,26.6,9,43,34,3,2,1
3506,2010-05-07,2010,5,7,4,0,10,18,25,26,34,15,113,22.6,10,34,24,1,4,0
3507,2010-05-11,2010,5,11,1,0,4,14,17,42,44,13,121,24.2,4,44,40,1,4,0
3508,2010-05-14,2010,5,14,4,0,6,8,15,32,42,7,103,20.6,6,42,36,1,4,0
3509,2010-05-18,2010,5,18,1,0,6,17,25,29,42,6,119,23.8,6,42,36,3,2,1
3510,2010-05-21,2010,5,21,4,0,2,14,25,30,40,2,111,22.2,2,40,38,1,4,1
3511,2010-05-25,2010,5,25,1,0,4,15,21,30,32,8,102,20.4,4,32,28,2,3,1
3512,2010-05-28,2010,5,28,4,0,2,9,24,26,42,2,103,20.6,2,42,40,1,4,1
3513,2010-06-01,2010,6,1,1,0,2,5,12,23,45,15,87,17.4,2,45,43,3,2,0
3514,2010-06-04,2010,6,4,4,0,1,16,20,27,33,13,97,19.4,1,33,32,3,2,0
3515,2010-06-08,2010,6,8,1,0,7,8,23,30,39,6,107,21.4,7,39,32,3,2,1
3516,2010-06-11,2010,6,11,4,0,12,14,18,23,42,13,109,21.8,12,42,30,1,4,0
3517,2010-06-15,2010,6,15,1,0,13,25,34,40,41,7,153,30.6,13,41,28,3,2,0
3518,2010-06-18,2010,6,18,4,0,6,8,9,11,22,15,56,11.2,6,22,16,2,3,0
3519,2010-06-22,2010,6,22,1,0,16,23,36,40,45,19,160,32.0,16,45,29,2,3,0
3520,2010-06-25,2010,6,25,4,0,13,23,31,40,42,11,149,29.8,13,42,29,3,2,0
3521,2010-06-29,2010,6,29,1,0,5,8,9,23,35,9,80,16.0,5,35,30,4,1,0
3522,2010-07-02,2010,7,2,4,0,2,6,7,9,31,7,55,11.0,2,31,29,3,2,0
3523,2010-07-06,2010,7,6,1,0,7,8,21,39,41,9,116,23.2,7,41,34,4,1,0
3524,2010-07-09,2010,7,9,4,0,12,15,18,20,25,13,90,18.0,12,25,13,2,3,0
3525,2010-07-13,2010,7,13,1,0,5,11,13,20,30,15,79,15.8,5,30,25,3,2,0
3526,2010-07-16,2010,7,16,4,0,13,20,42,44,45,12,164,32.8,13,45,32,2,3,1
3527,2010-07-20,2010,7,20,1,0,1,21,27,32,36,9,117,23.4,1,36,35,3,2,0
3528,2010-07-23,2010,7,23,4,0,18,23,24,33,37,15,135,27.0,18,37,19,3,2,0
3529,2010-07-27,2010,7,27,1,0,2,7,19,24,30,20,82,16.4,2,30,28,2,3,1
3530,2010-07-30,2010,7,30,4,0,2,9,21,25,37,12,94,18.8,2,37,35,4,1,1
3531,2010-08-03,2010,8,3,1,0,1,6,15,35,44,20,101,20.2,1,44,43,3,2,1
3532,2010-08-06,2010,8,6,4,0,1,3,13,22,29,18,68,13.6,1,29,28,4,1,1
3533,2010-08-10,2010,8,10,1,0,9,19,31,33,45,16,137,27.4,9,45,36,5,0,1
3534,2010-08-13,2010,8,13,4,0,8,9,10,31,39,12,97,19.4,8,39,31,3,2,1
3535,2010-08-17,2010,8,17,1,0,11,17,30,35,45,20,138,27.6,11,45,34,4,1,1
3536,2010-08-20,2010,8,20,4,0,15,21,24,32,44,11,136,27.2,15,44,29,2,3,0
3537,2010-08-24,2010,8,24,1,0,6,23,27,33,44,16,133,26.6,6,44,38,3,2,1
3538,2010-08-27,2010,8,27,4,0,7,8,26,36,42,20,119,23.8,7,42,35,1,4,1
3539,2010-08-31,2010,8,31,1,0,12,27,37,41,44,20,161,32.2,12,44,32,3,2,1
3540,2010-09-03,2010,9,3,4,0,12,17,37,41,43,8,150,30.0,12,43,31,4,1,1
3541,2010-09-07,2010,9,7,1,0,3,25,37,42,44,10,151,30.2,3,44,41,3,2,1
3542,2010-09-10,2010,9,10,4,0,1,17,19,33,38,1,108,21.6,1,38,37,4,1,0
3543,2010-09-14,2010,9,14,1,0,3,23,29,33,40,2,128,25.6,3,40,37,4,1,1
3544,2010-09-17,2010,9,17,4,0,2,19,28,42,44,5,135,27.0,2,44,42,1,4,0
3545,2010-09-21,2010,9,21,1,0,31,33,36,40,42,13,182,36.4,31,42,11,2,3,0
3546,2010-09-24,2010,9,24,4,0,1,5,10,16,19,8,51,10.2,1,19,18,3,2,1
3547,2010-09-28,2010,9,28,1,0,1,3,4,5,40,15,53,10.6,1,40,39,3,2,0
3548,2010-10-01,2010,10,1,4,0,16,22,28,30,31,20,127,25.4,16,31,15,1,4,1
3549,2010-10-05,2010,10,5,1,0,3,15,25,32,38,4,113,22.6,3,38,35,3,2,1
3550,2010-10-08,2010,10,8,4,0,3,7,16,21,40,3,87,17.4,3,40,37,3,2,0
3551,2010-10-12,2010,10,12,1,0,1,17,18,19,44,14,99,19.8,1,44,43,3,2,1
3552,2010-10-15,2010,10,15,4,0,4,14,26,34,44,12,122,24.4,4,44,40,0,5,1
3553,2010-10-19,2010,10,19,1,0,9,11,17,35,38,16,110,22.0,9,38,29,4,1,1
3554,2010-10-22,2010,10,22,4,0,10,15,16,22,36,1,99,19.8,10,36,26,1,4,0
3555,2010-10-26,2010,10,26,1,0,13,28,32,35,36,8,144,28.8,13,36,23,2,3,1
3556,2010-10-29,2010,10,29,4,0,10,31,32,39,45,10,157,31.4,10,45,35,3,2,1
3557,2010-11-02,2010,11,2,1,0,12,13,21,22,29,9,97,19.4,12,29,17,3,2,0
3558,2010-11-05,2010,11,5,4,0,1,4,25,26,32,10,88,17.6,1,32,31,2,3,1
3559,2010-11-09,2010,11,9,1,0,6,22,29,35,45,8,137,27.4,6,45,39,3,2,1
3560,2010-11-12,2010,11,12,4,0,4,8,11,16,40,17,79,15.8,4,40,36,1,4,0
3561,2010-11-16,2010,11,16,1,0,4,28,32,38,40,2,142,28.4,4,40,36,0,5,1
3562,2010-11-19,2010,11,19,4,0,1,17,19,26,32,4,95,19.0,1,32,31,3,2,1
3563,2010-11-23,2010,11,23,1,0,2,9,10,33,43,6,97,19.4,2,43,41,3,2,1
3564,2010-11-26,2010,11,26,4,0,12,17,22,25,34,19,110,22.0,12,34,22,2,3,0
3565,2010-11-30,2010,11,30,1,0,3,6,11,12,25,9,57,11.4,3,25,22,3,2,0
3566,2010-12-03,2010,12,3,4,0,19,24,37,43,45,10,168,33.6,19,45,26,4,1,1
3567,2010-12-07,2010,12,7,1,0,12,28,30,44,45,9,159,31.8,12,45,33,1,4,0
3568,2010-12-10,2010,12,10,4,0,6,13,18,24,41,7,102,20.4,6,41,35,2,3,0
3569,2010-12-14,2010,12,14,1,0,12,30,31,32,35,4,140,28.0,12,35,23,2,3,1
3570,2010-12-17,2010,12,17,4,0,1,7,8,17,30,17,63,12.6,1,30,29,3,2,0
3571,2010-12-21,2010,12,21,1,0,19,25,31,39,40,14,154,30.8,19,40,21,4,1,1
3572,2010-12-24,2010,12,24,4,0,26,30,31,33,40,3,160,32.0,26,40,14,2,3,0
3573,2010-12-28,2010,12,28,1,0,5,6,7,9,17,11,44,8.8,5,17,12,4,1,0
3574,2010-12-31,2010,12,31,4,0,3,21,23,32,35,7,114,22.8,3,35,32,4,1,0
3575,2011-01-04,2011,1,4,1,0,2,12,18,30,38,10,100,20.0,2,38,36,0,5,1
3576,2011-01-07,2011,1,7,4,0,9,12,26,29,34,12,110,22.0,9,34,25,2,3,1
3577,2011-01-11,2011,1,11,1,0,14,15,22,27,37,7,115,23.0,14,37,23,3,2,0
3578,2011-01-14,2011,1,14,4,0,8,16,21,36,42,4,123,24.6,8,42,34,1,4,1
3579,2011-01-18,2011,1,18,1,0,5,10,36,41,44,18,136,27.2,5,44,39,2,3,1
3580,2011-01-21,2011,1,21,4,0,6,13,18,19,22,10,78,15.6,6,22,16,2,3,1
3581,2011-01-25,2011,1,25,1,0,3,9,12,18,38,9,80,16.0,3,38,35,2,3,0
3582,2011-01-28,2011,1,28,4,0,5,9,11,22,37,7,84,16.8,5,37,32,4,1,0
3583,2011-02-01,2011,2,1,1,0,2,5,29,39,41,7,116,23.2,2,41,39,4,1,0
3584,2011-02-04,2011,2,4,4,0,11,12,16,31,37,3,107,21.4,11,37,26,3,2,0
3585,2011-02-08,2011,2,8,1,0,14,20,22,34,35,8,125,25.0,14,35,21,1,4,1
3586,2011-02-11,2011,2,11,4,0,14,25,27,31,34,10,131,26.2,14,34,20,3,2,1
3587,2011-02-15,2011,2,15,1,0,1,17,23,41,42,17,124,24.8,1,42,41,4,1,0
3588,2011-02-18,2011,2,18,4,0,2,7,12,17,31,17,69,13.8,2,31,29,3,2,0
3589,2011-02-22,2011,2,22,1,0,4,10,12,33,35,16,94,18.8,4,35,31,2,3,1
3590,2011-02-25,2011,2,25,4,0,3,24,31,37,41,2,136,27.2,3,41,38,4,1,1
3591,2011-03-01,2011,3,1,1,0,1,7,24,28,37,15,97,19.4,1,37,36,3,2,0
3592,2011-03-04,2011,3,4,4,0,7,13,18,34,44,20,116,23.2,7,44,37,2,3,1
3593,2011-03-08,2011,3,8,1,0,17,21,31,34,41,4,144,28.8,17,41,24,4,1,1
3594,2011-03-11,2011,3,11,4,0,5,34,39,43,45,8,166,33.2,5,45,40,4,1,1
3595,2011-03-15,2011,3,15,1,0,12,22,32,36,43,10,145,29.0,12,43,31,1,4,1
3596,2011-03-18,2011,3,18,4,0,8,28,36,40,42,4,154,30.8,8,42,34,0,5,1
3597,2011-03-22,2011,3,22,1,0,8,15,24,39,41,8,127,25.4,8,41,33,3,2,1
3598,2011-03-25,2011,3,25,4,0,13,16,25,36,39,8,129,25.8,13,39,26,3,2,1
3599,2011-03-29,2011,3,29,1,0,3,15,17,24,38,13,97,19.4,3,38,35,3,2,0
3600,2011-04-01,2011,4,1,4,0,1,12,23,36,42,18,114,22.8,1,42,41,2,3,1
3601,2011-04-05,2011,4,5,1,0,16,23,25,33,34,9,131,26.2,16,34,18,3,2,0
3602,2011-04-08,2011,4,8,4,0,1,14,37,39,40,3,131,26.2,1,40,39,3,2,0
3603,2011-04-12,2011,4,12,1,0,7,20,27,35,37,10,126,25.2,7,37,30,4,1,1
3604,2011-04-15,2011,4,15,4,0,8,15,18,25,37,5,103,20.6,8,37,29,3,2,0
3605,2011-04-19,2011,4,19,1,0,8,14,15,16,38,2,91,18.2,8,38,30,1,4,1
3606,2011-04-26,2011,4,26,1,0,12,16,25,37,45,7,135,27.0,12,45,33,3,2,0
3607,2011-04-29,2011,4,29,4,0,1,15,39,41,45,7,141,28.2,1,45,44,5,0,0
3608,2011-05-03,2011,5,3,1,0,8,10,11,33,34,17,96,19.2,8,34,26,2,3,0
3609,2011-05-06,2011,5,6,4,0,4,9,20,38,45,2,116,23.2,4,45,41,2,3,1
3610,2011-05-10,2011,5,10,1,0,1,17,31,41,43,1,133,26.6,1,43,42,5,0,0
3611,2011-05-13,2011,5,13,4,0,4,10,11,32,38,6,95,19.0,4,38,34,1,4,1
3612,2011-05-17,2011,5,17,1,0,13,16,24,26,27,10,106,21.2,13,27,14,2,3,1
3613,2011-05-20,2011,5,20,4,0,3,7,10,31,42,6,93,18.6,3,42,39,3,2,1
3614,2011-05-24,2011,5,24,1,0,13,16,21,41,45,18,136,27.2,13,45,32,4,1,1
3615,2011-05-27,2011,5,27,4,0,7,16,22,34,45,17,124,24.8,7,45,38,2,3,0
3616,2011-05-31,2011,5,31,1,0,7,8,13,33,35,17,96,19.2,7,35,28,4,1,0
3617,2011-06-03,2011,6,3,4,0,6,30,31,33,36,16,136,27.2,6,36,30,2,3,1
3618,2011-06-07,2011,6,7,1,0,10,16,24,32,35,7,117,23.4,10,35,25,1,4,0
3619,2011-06-10,2011,6,10,4,0,13,24,26,30,42,16,135,27.0,13,42,29,1,4,1
3620,2011-06-14,2011,6,14,1,0,11,16,34,39,40,11,140,28.0,11,40,29,2,3,0
3621,2011-06-17,2011,6,17,4,0,15,23,33,44,45,6,160,32.0,15,45,30,4,1,1
3622,2011-06-21,2011,6,21,1,0,2,8,28,30,35,13,103,20.6,2,35,33,1,4,0
3623,2011-06-24,2011,6,24,4,0,6,18,28,31,36,20,119,23.8,6,36,30,1,4,1
3624,2011-06-28,2011,6,28,1,0,2,16,25,37,41,12,121,24.2,2,41,39,3,2,1
3625,2011-07-01,2011,7,1,4,0,2,9,31,35,37,4,114,22.8,2,37,35,4,1,1
3626,2011-07-05,2011,7,5,1,0,2,30,31,34,42,5,139,27.8,2,42,40,1,4,0
3627,2011-07-08,2011,7,8,4,0,5,22,30,32,33,18,122,24.4,5,33,28,2,3,1
3628,2011-07-12,2011,7,12,1,0,10,16,28,34,45,6,133,26.6,10,45,35,1,4,1
3629,2011-07-15,2011,7,15,4,0,9,16,19,24,28,19,96,19.2,9,28,19,2,3,0
3630,2011-07-19,2011,7,19,1,0,2,14,15,18,29,20,78,15.6,2,29,27,2,3,1
3631,2011-07-22,2011,7,22,4,0,13,22,25,26,35,13,121,24.2,13,35,22,3,2,0
3632,2011-07-26,2011,7,26,1,0,18,26,28,34,36,3,142,28.4,18,36,18,0,5,0
3633,2011-07-29,2011,7,29,4,0,7,12,23,40,42,2,124,24.8,7,42,35,2,3,1
3634,2011-08-02,2011,8,2,1,0,3,9,16,27,31,13,86,17.2,3,31,28,4,1,0
3635,2011-08-05,2011,8,5,4,0,5,9,10,21,44,10,89,17.8,5,44,39,3,2,1
3636,2011-08-09,2011,8,9,1,0,31,37,38,43,45,15,194,38.8,31,45,14,4,1,0
3637,2011-08-12,2011,8,12,4,0,2,8,39,41,43,16,133,26.6,2,43,41,3,2,1
3638,2011-08-16,2011,8,16,1,0,3,10,16,21,22,9,72,14.4,3,22,19,2,3,0
3639,2011-08-19,2011,8,19,4,0,5,14,19,21,28,11,87,17.4,5,28,23,3,2,0
3640,2011-08-23,2011,8,23,1,0,4,17,20,22,31,13,94,18.8,4,31,27,2,3,0
3641,2011-08-26,2011,8,26,4,0,10,18,20,36,39,13,123,24.6,10,39,29,1,4,0
3642,2011-08-30,2011,8,30,1,0,4,5,19,37,38,15,103,20.6,4,38,34,3,2,0
3643,2011-09-02,2011,9,2,4,0,15,25,34,43,45,1,162,32.4,15,45,30,4,1,0
3644,2011-09-06,2011,9,6,1,0,1,2,5,30,40,3,78,15.6,1,40,39,2,3,0
3645,2011-09-09,2011,9,9,4,0,10,18,23,36,40,4,127,25.4,10,40,30,1,4,1
3646,2011-09-13,2011,9,13,1,0,5,11,17,28,44,20,105,21.0,5,44,39,3,2,1
3647,2011-09-16,2011,9,16,4,0,2,3,4,28,38,20,75,15.0,2,38,36,1,4,1
3648,2011-09-20,2011,9,20,1,0,8,10,23,31,38,8,110,22.0,8,38,30,2,3,1
3649,2011-09-23,2011,9,23,4,0,5,22,24,25,27,5,103,20.6,5,27,22,3,2,0
3650,2011-09-27,2011,9,27,1,0,1,7,8,22,40,18,78,15.6,1,40,39,2,3,1
3651,2011-09-30,2011,9,30,4,0,11,21,24,28,35,17,119,23.8,11,35,24,3,2,0
3652,2011-10-04,2011,10,4,1,0,8,10,26,40,42,4,126,25.2,8,42,34,0,5,1
3653,2011-10-07,2011,10,7,4,0,33,36,38,40,44,4,191,38.2,33,44,11,1,4,1
3654,2011-10-11,2011,10,11,1,0,8,10,24,39,43,8,124,24.8,8,43,35,2,3,1
3655,2011-10-14,2011,10,14,4,0,15,20,21,31,35,5,122,24.4,15,35,20,4,1,0
3656,2011-10-18,2011,10,18,1,0,2,8,12,15,32,13,69,13.8,2,32,30,1,4,0
3657,2011-10-21,2011,10,21,4,0,2,16,23,39,42,9,122,24.4,2,42,40,2,3,0
3658,2011-10-25,2011,10,25,1,0,11,12,20,35,38,1,116,23.2,11,38,27,2,3,0
3659,2011-10-28,2011,10,28,4,0,3,15,36,37,41,6,132,26.4,3,41,38,4,1,1
3660,2011-11-01,2011,11,1,1,0,13,23,34,39,43,7,152,30.4,13,43,30,4,1,0
3661,2011-11-04,2011,11,4,4,0,9,25,31,34,42,10,141,28.2,9,42,33,3,2,1
3662,2011-11-08,2011,11,8,1,0,8,10,11,15,45,20,89,17.8,8,45,37,3,2,1
3663,2011-11-11,2011,11,11,4,0,1,6,7,10,35,14,59,11.8,1,35,34,3,2,1
3664,2011-11-15,2011,11,15,1,0,8,18,30,38,44,5,138,27.6,8,44,36,0,5,0
3665,2011-11-18,2011,11,18,4,0,9,24,36,37,45,14,151,30.2,9,45,36,3,2,1
3666,2011-11-22,2011,11,22,1,0,5,24,29,34,44,18,136,27.2,5,44,39,2,3,1
3667,2011-11-25,2011,11,25,4,0,23,26,29,41,44,14,163,32.6,23,44,21,3,2,1
3668,2011-11-29,2011,11,29,1,0,12,27,28,32,34,5,133,26.6,12,34,22,1,4,0
3669,2011-12-02,2011,12,2,4,0,5,6,25,38,40,16,114,22.8,5,40,35,2,3,1
3670,2011-12-06,2011,12,6,1,0,6,15,16,28,41,1,106,21.2,6,41,35,2,3,0
3671,2011-12-09,2011,12,9,4,0,1,3,18,36,37,11,95,19.0,1,37,36,3,2,0
3672,2011-12-13,2011,12,13,1,0,14,16,22,32,35,13,119,23.8,14,35,21,1,4,0
3673,2011-12-16,2011,12,16,4,0,14,26,28,33,45,11,146,29.2,14,45,31,2,3,0
3674,2011-12-20,2011,12,20,1,0,20,21,25,37,40,5,143,28.6,20,40,20,3,2,0
3675,2011-12-23,2011,12,23,4,0,7,13,21,22,40,20,103,20.6,7,40,33,3,2,1
3676,2011-12-27,2011,12,27,1,0,10,12,17,24,26,3,89,17.8,10,26,16,1,4,0
3677,2011-12-30,2011,12,30,4,0,11,15,20,33,37,16,116,23.2,11,37,26,4,1,1
3678,2012-01-03,2012,1,3,1,0,3,5,8,17,41,6,74,14.8,3,41,38,4,1,1
3679,2012-01-06,2012,1,6,4,0,1,21,29,32,34,20,117,23.4,1,34,33,3,2,1
3680,2012-01-10,2012,1,10,1,0,18,20,24,26,40,13,128,25.6,18,40,22,0,5,0
3681,2012-01-13,2012,1,13,4,0,15,20,23,25,40,10,123,24.6,15,40,25,3,2,1
3682,2012-01-17,2012,1,17,1,0,13,19,26,43,45,9,146,29.2,13,45,32,4,1,0
3683,2012-01-20,2012,1,20,4,0,10,15,22,29,35,18,111,22.2,10,35,25,3,2,1
3684,2012-01-24,2012,1,24,1,0,4,7,11,26,36,5,84,16.8,4,36,32,2,3,0
3685,2012-01-27,2012,1,27,4,0,2,7,28,36,39,5,112,22.4,2,39,37,2,3,0
3686,2012-01-31,2012,1,31,1,0,12,15,25,32,41,15,125,25.0,12,41,29,3,2,0
3687,2012-02-03,2012,2,3,4,0,7,9,14,15,43,15,88,17.6,7,43,36,4,1,0
3688,2012-02-07,2012,2,7,1,0,2,11,14,38,45,13,110,22.0,2,45,43,2,3,0
3689,2012-02-10,2012,2,10,4,0,6,19,23,29,35,3,112,22.4,6,35,29,4,1,0
3690,2012-02-14,2012,2,14,1,0,20,30,31,32,44,17,157,31.4,20,44,24,1,4,0
3691,2012-02-17,2012,2,17,4,0,8,26,31,38,45,7,148,29.6,8,45,37,2,3,0
3692,2012-02-21,2012,2,21,1,0,25,27,28,32,43,18,155,31.0,25,43,18,3,2,1
3693,2012-02-24,2012,2,24,4,0,17,21,26,40,45,15,149,29.8,17,45,28,3,2,0
3694,2012-02-28,2012,2,28,1,0,16,24,26,32,45,1,143,28.6,16,45,29,1,4,0
3695,2012-03-02,2012,3,2,4,0,13,24,41,43,45,19,166,33.2,13,45,32,4,1,0
3696,2012-03-06,2012,3,6,1,0,1,35,36,37,45,7,154,30.8,1,45,44,4,1,0
3697,2012-03-09,2012,3,9,4,0,2,21,22,29,40,11,114,22.8,2,40,38,2,3,0
3698,2012-03-13,2012,3,13,1,0,3,6,26,32,37,4,104,20.8,3,37,34,2,3,1
3699,2012-03-16,2012,3,16,4,0,14,18,37,41,44,3,154,30.8,14,44,30,2,3,0
3700,2012-03-20,2012,3,20,1,0,9,14,21,28,44,12,116,23.2,9,44,35,2,3,1
3701,2012-03-23,2012,3,23,4,0,6,15,23,39,45,19,128,25.6,6,45,39,4,1,0
3702,2012-03-27,2012,3,27,1,0,8,11,23,44,45,2,131,26.2,8,45,37,3,2,1
3703,2012-03-30,2012,3,30,4,0,3,5,10,18,39,18,75,15.0,3,39,36,3,2,1
3704,2012-04-03,2012,4,3,1,0,4,11,12,17,42,15,86,17.2,4,42,38,2,3,0
3705,2012-04-10,2012,4,10,1,0,13,28,30,41,43,11,155,31.0,13,43,30,3,2,0
3706,2012-04-13,2012,4,13,4,0,2,9,23,43,44,17,121,24.2,2,44,42,3,2,0
3707,2012-04-17,2012,4,17,1,0,14,15,29,30,34,7,122,24.4,14,34,20,2,3,0
3708,2012-04-20,2012,4,20,4,0,13,20,24,25,29,11,111,22.2,13,29,16,3,2,0
3709,2012-04-24,2012,4,24,1,0,3,5,22,31,45,5,106,21.2,3,45,42,4,1,0
3710,2012-04-27,2012,4,27,4,0,4,6,12,23,38,18,83,16.6,4,38,34,1,4,1
3711,2012-05-01,2012,5,1,1,0,12,17,24,30,36,14,119,23.8,12,36,24,1,4,1
3712,2012-05-04,2012,5,4,4,0,1,6,16,34,40,18,97,19.4,1,40,39,1,4,1
3713,2012-05-08,2012,5,8,1,0,4,9,10,16,20,4,59,11.8,4,20,16,1,4,1
3714,2012-05-11,2012,5,11,4,0,6,7,17,20,23,17,73,14.6,6,23,17,3,2,0
3715,2012-05-15,2012,5,15,1,0,4,7,8,19,25,12,63,12.6,4,25,21,3,2,1
3716,2012-05-18,2012,5,18,4,0,2,14,20,32,36,1,104,20.8,2,36,34,0,5,0
3717,2012-05-22,2012,5,22,1,0,1,3,22,31,38,11,95,19.0,1,38,37,3,2,0
3718,2012-05-25,2012,5,25,4,0,1,9,19,26,32,17,87,17.4,1,32,31,3,2,0
3719,2012-05-29,2012,5,29,1,0,2,6,8,30,44,10,90,18.0,2,44,42,0,5,1
3720,2012-06-01,2012,6,1,4,0,9,12,15,28,32,14,96,19.2,9,32,23,2,3,1
3721,2012-06-05,2012,6,5,1,0,9,10,26,32,33,7,110,22.0,9,33,24,2,3,0
3722,2012-06-08,2012,6,8,4,0,14,15,32,36,40,7,137,27.4,14,40,26,1,4,0
3723,2012-06-12,2012,6,12,1,0,2,16,22,36,43,19,119,23.8,2,43,41,1,4,0
3724,2012-06-15,2012,6,15,4,0,2,21,22,24,41,17,110,22.0,2,41,39,2,3,0
3725,2012-06-19,2012,6,19,1,0,12,21,27,36,45,17,141,28.2,12,45,33,3,2,0
3726,2012-06-22,2012,6,22,4,0,3,7,17,21,27,2,75,15.0,3,27,24,5,0,1
3727,2012-06-26,2012,6,26,1,0,2,17,22,39,44,20,124,24.8,2,44,42,2,3,1
3728,2012-06-29,2012,6,29,4,0,2,4,6,19,31,20,62,12.4,2,31,29,2,3,1
3729,2012-07-03,2012,7,3,1,0,16,19,37,38,39,13,149,29.8,16,39,23,3,2,0
3730,2012-07-06,2012,7,6,4,0,3,10,12,34,36,17,95,19.0,3,36,33,1,4,0
3731,2012-07-10,2012,7,10,1,0,8,9,15,23,36,11,91,18.2,8,36,28,3,2,0
3732,2012-07-13,2012,7,13,4,0,4,11,16,27,38,17,96,19.2,4,38,34,2,3,0
3733,2012-07-17,2012,7,17,1,0,1,4,20,23,34,16,82,16.4,1,34,33,2,3,1
3734,2012-07-20,2012,7,20,4,0,5,20,24,33,41,3,123,24.6,5,41,36,3,2,0
3735,2012-07-24,2012,7,24,1,0,2,5,7,15,21,6,50,10.0,2,21,19,4,1,1
3736,2012-07-27,2012,7,27,4,0,6,8,15,18,38,15,85,17.0,6,38,32,1,4,0
3737,2012-07-31,2012,7,31,1,0,7,14,23,27,32,20,103,20.6,7,32,25,3,2,1
3738,2012-08-03,2012,8,3,4,0,2,10,22,35,41,16,110,22.0,2,41,39,2,3,1
3739,2012-08-07,2012,8,7,1,0,13,20,21,26,44,8,124,24.8,13,44,31,2,3,1
3740,2012-08-10,2012,8,10,4,0,2,9,26,27,45,1,109,21.8,2,45,43,3,2,0
3741,2012-08-14,2012,8,14,1,0,5,21,26,28,33,19,113,22.6,5,33,28,3,2,0
3742,2012-08-17,2012,8,17,4,0,13,15,19,40,42,12,129,25.8,13,42,29,3,2,1
3743,2012-08-21,2012,8,21,1,0,14,16,19,38,43,3,130,26.0,14,43,29,2,3,0
3744,2012-08-24,2012,8,24,4,0,3,9,14,24,26,3,76,15.2,3,26,23,2,3,0
3745,2012-08-28,2012,8,28,1,0,1,7,8,11,40,1,67,13.4,1,40,39,3,2,0
3746,2012-08-31,2012,8,31,4,0,5,7,9,20,29,20,70,14.0,5,29,24,4,1,1
3747,2012-09-04,2012,9,4,1,0,6,15,19,30,45,14,115,23.0,6,45,39,3,2,1
3748,2012-09-07,2012,9,7,4,0,9,14,17,34,41,17,115,23.0,9,41,32,3,2,0
3749,2012-09-11,2012,9,11,1,0,13,32,34,36,45,10,160,32.0,13,45,32,2,3,1
3750,2012-09-14,2012,9,14,4,0,15,18,26,33,41,7,133,26.6,15,41,26,3,2,0
3751,2012-09-18,2012,9,18,1,0,1,27,37,40,42,16,147,29.4,1,42,41,3,2,1
3752,2012-09-21,2012,9,21,4,0,13,16,24,39,43,4,135,27.0,13,43,30,3,2,1
3753,2012-09-25,2012,9,25,1,0,2,28,32,34,45,17,141,28.2,2,45,43,1,4,0
3754,2012-09-28,2012,9,28,4,0,1,6,7,40,41,17,95,19.0,1,41,40,3,2,0
3755,2012-10-02,2012,10,2,1,0,11,18,23,31,45,13,128,25.6,11,45,34,4,1,0
3756,2012-10-05,2012,10,5,4,0,1,9,11,39,40,18,100,20.0,1,40,39,4,1,1
3757,2012-10-09,2012,10,9,1,0,3,5,6,22,26,17,62,12.4,3,26,23,2,3,0
3758,2012-10-12,2012,10,12,4,0,5,10,17,35,41,16,108,21.6,5,41,36,4,1,1
3759,2012-10-16,2012,10,16,1,0,7,9,11,29,41,8,97,19.4,7,41,34,5,0,1
3760,2012-10-19,2012,10,19,4,0,14,17,23,35,39,3,128,25.6,14,39,25,4,1,0
3761,2012-10-23,2012,10,23,1,0,8,23,24,31,42,6,128,25.6,8,42,34,2,3,1
3762,2012-10-26,2012,10,26,4,0,1,8,12,19,34,18,74,14.8,1,34,33,2,3,1
3763,2012-10-30,2012,10,30,1,0,5,16,20,41,42,20,124,24.8,5,42,37,2,3,1
3764,2012-11-02,2012,11,2,4,0,4,11,25,26,41,12,107,21.4,4,41,37,3,2,1
3765,2012-11-06,2012,11,6,1,0,9,17,18,37,41,9,122,24.4,9,41,32,4,1,0
3766,2012-11-09,2012,11,9,4,0,7,14,17,27,40,16,105,21.0,7,40,33,3,2,1
3767,2012-11-13,2012,11,13,1,0,5,7,13,18,19,8,62,12.4,5,19,14,4,1,1
3768,2012-11-16,2012,11,16,4,0,1,4,6,14,15,12,40,8.0,1,15,14,2,3,1
3769,2012-11-20,2012,11,20,1,0,3,17,26,28,33,1,107,21.4,3,33,30,3,2,0
3770,2012-11-23,2012,11,23,4,0,5,33,34,37,42,5,151,30.2,5,42,37,3,2,0
3771,2012-11-27,2012,11,27,1,0,9,17,30,34,44,18,134,26.8,9,44,35,2,3,1
3772,2012-11-30,2012,11,30,4,0,6,25,33,42,44,14,150,30.0,6,44,38,2,3,1
3773,2012-12-04,2012,12,4,1,0,5,11,20,34,45,20,115,23.0,5,45,40,3,2,1
3774,2012-12-07,2012,12,7,4,0,4,17,33,42,45,10,141,28.2,4,45,41,3,2,1
3775,2012-12-11,2012,12,11,1,0,11,16,25,28,33,1,113,22.6,11,33,22,3,2,0
3776,2012-12-14,2012,12,14,4,0,5,13,20,29,35,14,102,20.4,5,35,30,4,1,1
3777,2012-12-18,2012,12,18,1,0,13,34,36,37,39,16,159,31.8,13,39,26,3,2,1
3778,2012-12-21,2012,12,21,4,0,13,14,19,23,37,3,106,21.2,13,37,24,4,1,0
3779,2012-12-28,2012,12,28,4,0,1,12,14,32,36,16,95,19.0,1,36,35,1,4,1
3780,2013-01-01,2013,1,1,1,0,1,4,13,21,30,18,69,13.8,1,30,29,3,2,1
3781,2013-01-04,2013,1,4,4,0,10,18,21,38,44,4,131,26.2,10,44,34,1,4,1
3782,2013-01-08,2013,1,8,1,0,8,11,12,23,24,16,78,15.6,8,24,16,2,3,1
3783,2013-01-11,2013,1,11,4,0,1,4,14,20,33,4,72,14.4,1,33,32,2,3,1
3784,2013-01-15,2013,1,15,1,0,12,17,22,36,37,2,124,24.8,12,37,25,2,3,1
3785,2013-01-18,2013,1,18,4,0,13,19,29,35,39,11,135,27.0,13,39,26,5,0,0
3786,2013-01-22,2013,1,22,1,0,3,10,11,28,31,16,83,16.6,3,31,28,3,2,1
3787,2013-01-25,2013,1,25,4,0,7,15,20,23,25,12,90,18.0,7,25,18,4,1,1
3788,2013-01-29,2013,1,29,1,0,9,21,29,37,38,14,134,26.8,9,38,29,4,1,1
3789,2013-02-01,2013,2,1,4,0,23,27,32,43,44,20,169,33.8,23,44,21,3,2,1
3790,2013-02-05,2013,2,5,1,0,5,18,22,28,29,20,102,20.4,5,29,24,2,3,1
3791,2013-02-08,2013,2,8,4,0,22,25,36,38,44,3,165,33.0,22,44,22,1,4,0
3792,2013-02-12,2013,2,12,1,0,2,20,38,39,45,5,144,28.8,2,45,43,2,3,0
3793,2013-02-15,2013,2,15,4,0,3,13,26,28,34,3,104,20.8,3,34,31,2,3,0
3794,2013-02-19,2013,2,19,1,0,1,5,6,31,42,20,85,17.0,1,42,41,3,2,1
3795,2013-02-22,2013,2,22,4,0,4,16,28,32,42,19,122,24.4,4,42,38,0,5,0
3796,2013-02-26,2013,2,26,1,0,1,7,14,21,32,7,75,15.0,1,32,31,3,2,0
3797,2013-03-01,2013,3,1,4,0,13,30,33,35,45,3,156,31.2,13,45,32,4,1,0
3798,2013-03-05,2013,3,5,1,0,9,12,22,26,38,4,107,21.4,9,38,29,1,4,1
3799,2013-03-08,2013,3,8,4,0,8,19,24,34,37,15,122,24.4,8,37,29,2,3,0
3800,2013-03-12,2013,3,12,1,0,1,6,26,35,42,6,110,22.0,1,42,41,2,3,1
3801,2013-03-15,2013,3,15,4,0,22,23,29,35,38,7,147,29.4,22,38,16,3,2,0
3802,2013-03-19,2013,3,19,1,0,5,7,11,25,35,18,83,16.6,5,35,30,5,0,1
3803,2013-03-22,2013,3,22,4,0,1,5,7,9,14,15,36,7.2,1,14,13,4,1,0
3804,2013-03-26,2013,3,26,1,0,1,18,31,37,40,13,127,25.4,1,40,39,3,2,0
3805,2013-04-02,2013,4,2,1,0,4,6,8,11,13,13,42,8.4,4,13,9,2,3,0
3806,2013-04-05,2013,4,5,4,0,4,9,17,22,23,6,75,15.0,4,23,19,3,2,1
3807,2013-04-09,2013,4,9,1,0,8,9,20,38,39,19,114,22.8,8,39,31,2,3,0
3808,2013-04-12,2013,4,12,4,0,5,12,36,37,40,7,130,26.0,5,40,35,2,3,0
3809,2013-04-16,2013,4,16,1,0,8,12,29,32,44,19,125,25.0,8,44,36,1,4,0
3810,2013-04-19,2013,4,19,4,0,10,13,26,28,39,2,116,23.2,10,39,29,2,3,1
3811,2013-04-23,2013,4,23,1,0,8,12,15,21,26,17,82,16.4,8,26,18,2,3,0
3812,2013-04-26,2013,4,26,4,0,13,16,30,43,44,9,146,29.2,13,44,31,2,3,0
3813,2013-04-30,2013,4,30,1,0,12,24,28,31,32,2,127,25.4,12,32,20,1,4,1
3814,2013-05-03,2013,5,3,4,0,10,19,21,27,40,3,117,23.4,10,40,30,3,2,0
3815,2013-05-07,2013,5,7,1,0,4,5,21,37,38,6,105,21.0,4,38,34,3,2,1
3816,2013-05-10,2013,5,10,4,0,2,4,16,18,26,5,66,13.2,2,26,24,0,5,0
3817,2013-05-14,2013,5,14,1,0,1,13,19,29,37,1,99,19.8,1,37,36,5,0,0
3818,2013-05-17,2013,5,17,4,0,13,19,20,22,43,2,117,23.4,13,43,30,3,2,1
3819,2013-05-21,2013,5,21,1,0,10,11,17,37,44,18,119,23.8,10,44,34,3,2,1
3820,2013-05-24,2013,5,24,4,0,3,10,15,30,38,3,96,19.2,3,38,35,2,3,0
3821,2013-05-28,2013,5,28,1,0,25,26,29,31,34,14,145,29.0,25,34,9,3,2,1
3822,2013-05-31,2013,5,31,4,0,3,7,19,34,44,2,107,21.4,3,44,41,3,2,1
3823,2013-06-04,2013,6,4,1,0,17,25,28,34,40,12,144,28.8,17,40,23,2,3,1
3824,2013-06-07,2013,6,7,4,0,14,15,19,35,38,4,121,24.2,14,38,24,3,2,1
3825,2013-06-11,2013,6,11,1,0,6,17,22,34,36,20,115,23.0,6,36,30,1,4,1
3826,2013-06-14,2013,6,14,4,0,15,23,31,32,35,9,136,27.2,15,35,20,4,1,0
3827,2013-06-18,2013,6,18,1,0,1,5,13,14,16,3,49,9.8,1,16,15,3,2,0
3828,2013-06-21,2013,6,21,4,0,7,26,35,36,42,18,146,29.2,7,42,35,2,3,1
3829,2013-06-25,2013,6,25,1,0,2,6,18,30,34,12,90,18.0,2,34,32,0,5,1
3830,2013-06-28,2013,6,28,4,0,3,9,27,32,41,1,112,22.4,3,41,38,4,1,0
3831,2013-07-02,2013,7,2,1,0,7,12,13,18,20,1,70,14.0,7,20,13,2,3,0
3832,2013-07-05,2013,7,5,4,0,6,25,26,42,44,12,143,28.6,6,44,38,1,4,1
3833,2013-07-09,2013,7,9,1,0,1,6,26,30,37,10,100,20.0,1,37,36,2,3,1
3834,2013-07-12,2013,7,12,4,0,7,15,30,33,43,12,128,25.6,7,43,36,4,1,1
3835,2013-07-16,2013,7,16,1,0,5,7,8,31,37,18,88,17.6,5,37,32,4,1,1
3836,2013-07-19,2013,7,19,4,0,6,12,28,33,42,16,121,24.2,6,42,36,1,4,1
3837,2013-07-23,2013,7,23,1,0,6,8,12,19,36,6,81,16.2,6,36,30,1,4,1
3838,2013-07-26,2013,7,26,4,0,1,5,8,21,30,16,65,13.0,1,30,29,3,2,1
3839,2013-07-30,2013,7,30,1,0,3,4,5,20,44,9,76,15.2,3,44,41,2,3,0
3840,2013-08-02,2013,8,2,4,0,1,2,13,29,34,18,79,15.8,1,34,33,3,2,1
3841,2013-08-06,2013,8,6,1,0,10,12,25,37,41,3,125,25.0,10,41,31,3,2,0
3842,2013-08-09,2013,8,9,4,0,10,22,23,31,45,16,131,26.2,10,45,35,3,2,1
3843,2013-08-13,2013,8,13,1,0,12,15,32,42,44,16,145,29.0,12,44,32,1,4,1
3844,2013-08-16,2013,8,16,4,0,13,15,18,21,45,9,112,22.4,13,45,32,4,1,0
3845,2013-08-20,2013,8,20,1,0,10,18,35,41,43,16,147,29.4,10,43,33,3,2,1
3846,2013-08-23,2013,8,23,4,0,3,10,22,25,27,3,87,17.4,3,27,24,3,2,0
3847,2013-08-27,2013,8,27,1,0,4,23,24,35,43,20,129,25.8,4,43,39,3,2,1
3848,2013-08-30,2013,8,30,4,0,9,13,17,38,41,1,118,23.6,9,41,32,4,1,0
3849,2013-09-03,2013,9,3,1,0,17,28,32,33,36,14,146,29.2,17,36,19,2,3,1
3850,2013-09-06,2013,9,6,4,0,15,16,24,29,40,10,124,24.8,15,40,25,2,3,1
3851,2013-09-10,2013,9,10,1,0,6,13,16,22,32,1,89,17.8,6,32,26,1,4,0
3852,2013-09-13,2013,9,13,4,0,8,19,27,30,40,18,124,24.8,8,40,32,2,3,1
3853,2013-09-17,2013,9,17,1,0,11,18,22,27,29,11,107,21.4,11,29,18,3,2,0
3854,2013-09-20,2013,9,20,4,0,15,22,29,30,38,13,134,26.8,15,38,23,2,3,0
3855,2013-09-24,2013,9,24,1,0,6,23,25,26,43,2,123,24.6,6,43,37,3,2,1
3856,2013-09-27,2013,9,27,4,0,6,13,21,28,31,3,99,19.8,6,31,25,3,2,0
3857,2013-10-01,2013,10,1,1,0,1,19,24,35,37,7,116,23.2,1,37,36,4,1,0
3858,2013-10-04,2013,10,4,4,0,3,7,11,24,28,12,73,14.6,3,28,25,3,2,1
3859,2013-10-08,2013,10,8,1,0,31,39,42,43,45,10,200,40.0,31,45,14,4,1,1
3860,2013-10-11,2013,10,11,4,0,16,18,20,29,36,14,119,23.8,16,36,20,1,4,1
3861,2013-10-15,2013,10,15,1,0,27,32,35,41,45,5,180,36.0,27,45,18,4,1,0
3862,2013-10-18,2013,10,18,4,0,1,17,19,20,34,1,91,18.2,1,34,33,3,2,0
3863,2013-10-22,2013,10,22,1,0,9,15,19,24,30,20,97,19.4,9,30,21,3,2,1
3864,2013-10-25,2013,10,25,4,0,8,24,27,28,35,12,122,24.4,8,35,27,2,3,1
3865,2013-10-29,2013,10,29,1,0,6,16,35,36,43,18,136,27.2,6,43,37,2,3,1
3866,2013-11-01,2013,11,1,4,0,6,15,16,37,44,6,118,23.6,6,44,38,2,3,1
3867,2013-11-05,2013,11,5,1,0,12,26,32,42,43,10,155,31.0,12,43,31,1,4,1
3868,2013-11-08,2013,11,8,4,0,11,20,22,30,43,6,126,25.2,11,43,32,2,3,1
3869,2013-11-12,2013,11,12,1,0,2,15,22,33,35,16,107,21.4,2,35,33,3,2,1
3870,2013-11-15,2013,11,15,4,0,3,31,35,37,45,4,151,30.2,3,45,42,5,0,1
3871,2013-11-19,2013,11,19,1,0,13,19,20,24,26,4,102,20.4,13,26,13,2,3,1
3872,2013-11-22,2013,11,22,4,0,11,15,16,20,31,9,93,18.6,11,31,20,3,2,0
3873,2013-11-26,2013,11,26,1,0,5,16,19,33,34,2,107,21.4,5,34,29,3,2,1
3874,2013-11-29,2013,11,29,4,0,11,12,17,18,27,13,85,17.0,11,27,16,3,2,0
3875,2013-12-03,2013,12,3,1,0,12,17,26,27,30,1,112,22.4,12,30,18,2,3,0
3876,2013-12-06,2013,12,6,4,0,13,15,21,28,31,19,108,21.6,13,31,18,4,1,0
3877,2013-12-10,2013,12,10,1,0,1,16,21,31,37,18,106,21.2,1,37,36,4,1,1
3878,2013-12-13,2013,12,13,4,0,1,11,18,30,41,15,101,20.2,1,41,40,3,2,0
3879,2013-12-17,2013,12,17,1,0,2,7,11,26,33,6,79,15.8,2,33,31,3,2,1
3880,2013-12-20,2013,12,20,4,0,10,12,16,28,37,10,103,20.6,10,37,27,1,4,1
3881,2013-12-24,2013,12,24,1,0,1,16,23,41,44,9,125,25.0,1,44,43,3,2,0
3882,2013-12-27,2013,12,27,4,0,4,16,19,34,39,16,112,22.4,4,39,35,2,3,1
3883,2013-12-31,2013,12,31,1,0,6,14,20,31,34,12,105,21.0,6,34,28,1,4,1
3884,2014-01-03,2014,1,3,4,0,10,11,19,23,28,3,91,18.2,10,28,18,3,2,0
3885,2014-01-07,2014,1,7,1,0,28,37,39,43,44,18,191,38.2,28,44,16,3,2,1
3886,2014-01-10,2014,1,10,4,0,4,7,24,36,39,7,110,22.0,4,39,35,2,3,0
3887,2014-01-14,2014,1,14,1,0,31,34,37,42,43,8,187,37.4,31,43,12,3,2,1
3888,2014-01-17,2014,1,17,4,0,10,16,23,26,33,1,108,21.6,10,33,23,2,3,0
3889,2014-01-21,2014,1,21,1,0,1,6,9,15,39,9,70,14.0,1,39,38,4,1,0
3890,2014-01-24,2014,1,24,4,0,10,15,20,33,38,7,116,23.2,10,38,28,2,3,0
3891,2014-01-28,2014,1,28,1,0,1,8,22,40,43,13,114,22.8,1,43,42,2,3,0
3892,2014-01-31,2014,1,31,4,0,10,20,25,26,42,14,123,24.6,10,42,32,1,4,1
3893,2014-02-04,2014,2,4,1,0,4,20,21,29,40,10,114,22.8,4,40,36,2,3,1
3894,2014-02-07,2014,2,7,4,0,7,13,20,21,36,9,97,19.4,7,36,29,3,2,0
3895,2014-02-11,2014,2,11,1,0,3,7,10,13,40,5,73,14.6,3,40,37,3,2,0
3896,2014-02-14,2014,2,14,4,0,6,9,18,21,24,8,78,15.6,6,24,18,2,3,1
3897,2014-02-18,2014,2,18,1,0,2,26,36,42,43,3,149,29.8,2,43,41,1,4,0
3898,2014-02-21,2014,2,21,4,0,2,8,19,38,44,11,111,22.2,2,44,42,1,4,0
3899,2014-02-25,2014,2,25,1,0,4,7,12,27,44,17,94,18.8,4,44,40,2,3,0
3900,2014-02-28,2014,2,28,4,0,11,14,32,42,45,18,144,28.8,11,45,34,2,3,1
3901,2014-03-04,2014,3,4,1,0,2,7,26,28,30,4,93,18.6,2,30,28,1,4,1
3902,2014-03-07,2014,3,7,4,0,16,18,22,37,38,3,131,26.2,16,38,22,1,4,0
3903,2014-03-11,2014,3,11,1,0,9,19,21,25,37,16,111,22.2,9,37,28,5,0,1
3904,2014-03-14,2014,3,14,4,0,3,15,29,34,44,7,125,25.0,3,44,41,3,2,0
3905,2014-03-18,2014,3,18,1,0,1,13,17,32,35,13,98,19.6,1,35,34,4,1,0
3906,2014-03-21,2014,3,21,4,0,7,8,14,18,38,14,85,17.0,7,38,31,1,4,1
3907,2014-03-25,2014,3,25,1,0,2,17,19,29,34,3,101,20.2,2,34,32,3,2,0
3908,2014-03-28,2014,3,28,4,0,2,3,7,35,41,16,88,17.6,2,41,39,4,1,1
3909,2014-04-01,2014,4,1,1,0,14,17,24,27,34,4,116,23.2,14,34,20,2,3,1
3910,2014-04-04,2014,4,4,4,0,3,16,22,24,44,15,109,21.8,3,44,41,1,4,0
3911,2014-04-08,2014,4,8,1,0,1,2,10,33,45,18,91,18.2,1,45,44,3,2,1
3912,2014-04-11,2014,4,11,4,0,17,23,33,41,42,18,156,31.2,17,42,25,4,1,1
3913,2014-04-15,2014,4,15,1,0,2,6,10,11,37,14,66,13.2,2,37,35,2,3,1
3914,2014-04-22,2014,4,22,1,0,3,22,28,30,42,11,125,25.0,3,42,39,1,4,0
3915,2014-04-25,2014,4,25,4,0,13,15,28,29,30,7,115,23.0,13,30,17,3,2,0
3916,2014-04-29,2014,4,29,1,0,12,20,31,40,44,14,147,29.4,12,44,32,1,4,1
3917,2014-05-02,2014,5,2,4,0,11,14,24,36,41,11,126,25.2,11,41,30,2,3,0
3918,2014-05-06,2014,5,6,1,0,4,15,26,37,40,20,122,24.4,4,40,36,2,3,1
3919,2014-05-09,2014,5,9,4,0,1,5,22,26,34,16,88,17.6,1,34,33,2,3,1
3920,2014-05-13,2014,5,13,1,0,1,4,20,24,38,20,87,17.4,1,38,37,1,4,1
3921,2014-05-16,2014,5,16,4,0,8,22,25,34,37,5,126,25.2,8,37,29,2,3,0
3922,2014-05-20,2014,5,20,1,0,3,8,21,35,45,7,112,22.4,3,45,42,4,1,0
3923,2014-05-23,2014,5,23,4,0,12,22,40,42,43,12,159,31.8,12,43,31,1,4,1
3924,2014-05-27,2014,5,27,1,0,4,11,24,26,31,10,96,19.2,4,31,27,2,3,1
3925,2014-05-30,2014,5,30,4,0,1,3,35,40,43,17,122,24.4,1,43,42,4,1,0
3926,2014-06-03,2014,6,3,1,0,23,28,30,41,43,12,165,33.0,23,43,20,3,2,1
3927,2014-06-06,2014,6,6,4,0,4,10,16,29,42,11,101,20.2,4,42,38,1,4,0
3928,2014-06-10,2014,6,10,1,0,11,15,24,28,35,13,113,22.6,11,35,24,3,2,0
3929,2014-06-13,2014,6,13,4,0,12,18,21,27,34,10,112,22.4,12,34,22,2,3,1
3930,2014-06-17,2014,6,17,1,0,2,3,7,19,25,11,56,11.2,2,25,23,4,1,0
3931,2014-06-20,2014,6,20,4,0,25,27,36,37,39,4,164,32.8,25,39,14,4,1,1
3932,2014-06-24,2014,6,24,1,0,4,5,6,12,30,16,57,11.4,4,30,26,1,4,1
3933,2014-06-27,2014,6,27,4,0,11,12,14,30,32,2,99,19.8,11,32,21,1,4,1
3934,2014-07-01,2014,7,1,1,0,1,10,19,21,31,11,82,16.4,1,31,30,4,1,0
3935,2014-07-04,2014,7,4,4,0,4,19,25,31,36,3,115,23.0,4,36,32,3,2,0
3936,2014-07-08,2014,7,8,1,0,12,19,27,37,43,9,138,27.6,12,43,31,4,1,0
3937,2014-07-11,2014,7,11,4,0,6,13,27,33,35,15,114,22.8,6,35,29,4,1,0
3938,2014-07-15,2014,7,15,1,0,22,24,29,36,43,13,154,30.8,22,43,21,2,3,0
3939,2014-07-18,2014,7,18,4,0,14,17,19,22,35,17,107,21.4,14,35,21,3,2,0
3940,2014-07-22,2014,7,22,1,0,9,21,27,39,43,3,139,27.8,9,43,34,5,0,0
3941,2014-07-25,2014,7,25,4,0,9,13,28,40,45,12,135,27.0,9,45,36,3,2,1
3942,2014-07-29,2014,7,29,1,0,1,9,23,29,42,13,104,20.8,1,42,41,4,1,0
3943,2014-08-01,2014,8,1,4,0,7,14,15,35,39,4,110,22.0,7,39,32,4,1,1
3944,2014-08-05,2014,8,5,1,0,14,32,35,37,40,3,158,31.6,14,40,26,2,3,0
3945,2014-08-08,2014,8,8,4,0,10,23,35,37,39,12,144,28.8,10,39,29,4,1,1
3946,2014-08-12,2014,8,12,1,0,10,17,26,29,31,4,113,22.6,10,31,21,3,2,1
3947,2014-08-15,2014,8,15,4,0,19,31,40,41,43,13,174,34.8,19,43,24,4,1,0
3948,2014-08-19,2014,8,19,1,0,6,18,22,26,35,5,107,21.4,6,35,29,1,4,0
3949,2014-08-22,2014,8,22,4,0,5,8,21,34,35,7,103,20.6,5,35,30,3,2,0
3950,2014-08-26,2014,8,26,1,0,4,12,28,29,36,3,109,21.8,4,36,32,1,4,0
3951,2014-08-29,2014,8,29,4,0,15,23,30,41,43,13,152,30.4,15,43,28,4,1,0
3952,2014-09-02,2014,9,2,1,0,11,21,36,39,44,2,151,30.2,11,44,33,3,2,1
3953,2014-09-05,2014,9,5,4,0,1,8,24,33,43,11,109,21.8,1,43,42,3,2,0
3954,2014-09-09,2014,9,9,1,0,2,4,18,19,29,6,72,14.4,2,29,27,2,3,1
3955,2014-09-12,2014,9,12,4,0,3,21,26,27,36,18,113,22.6,3,36,33,3,2,1
3956,2014-09-16,2014,9,16,1,0,7,12,28,43,44,8,134,26.8,7,44,37,2,3,1
3957,2014-09-19,2014,9,19,4,0,9,13,25,28,34,3,109,21.8,9,34,25,3,2,0
3958,2014-09-23,2014,9,23,1,0,7,10,21,22,34,3,94,18.8,7,34,27,2,3,0
3959,2014-09-26,2014,9,26,4,0,1,3,6,34,37,1,81,16.2,1,37,36,3,2,0
3960,2014-09-30,2014,9,30,1,0,18,27,37,39,41,6,162,32.4,18,41,23,4,1,1
3961,2014-10-03,2014,10,3,4,0,20,34,38,42,43,13,177,35.4,20,43,23,1,4,0
3962,2014-10-07,2014,10,7,1,0,6,11,20,36,45,12,118,23.6,6,45,39,2,3,1
3963,2014-10-10,2014,10,10,4,0,4,9,14,17,26,2,70,14.0,4,26,22,2,3,1
3964,2014-10-14,2014,10,14,1,0,7,21,38,39,43,5,148,29.6,7,43,36,4,1,0
3965,2014-10-17,2014,10,17,4,0,6,17,22,27,35,7,107,21.4,6,35,29,3,2,0
3966,2014-10-21,2014,10,21,1,0,26,28,30,31,32,18,147,29.4,26,32,6,1,4,1
3967,2014-10-24,2014,10,24,4,0,7,21,31,37,44,10,140,28.0,7,44,37,4,1,1
3968,2014-10-28,2014,10,28,1,0,9,10,17,23,33,18,92,18.4,9,33,24,4,1,1
3969,2014-10-31,2014,10,31,4,0,4,16,21,35,36,6,112,22.4,4,36,32,2,3,1
3970,2014-11-04,2014,11,4,1,0,12,17,19,24,36,11,108,21.6,12,36,24,2,3,0
3971,2014-11-07,2014,11,7,4,0,8,14,33,41,44,9,140,28.0,8,44,36,2,3,0
3972,2014-11-11,2014,11,11,1,0,3,4,18,22,40,7,87,17.4,3,40,37,1,4,0
3973,2014-11-14,2014,11,14,4,0,3,14,27,29,45,19,118,23.6,3,45,42,4,1,0
3974,2014-11-18,2014,11,18,1,0,15,18,22,24,41,1,120,24.0,15,41,26,2,3,0
3975,2014-11-21,2014,11,21,4,0,7,10,12,32,40,14,101,20.2,7,40,33,1,4,1
3976,2014-11-25,2014,11,25,1,0,8,19,24,37,40,7,128,25.6,8,40,32,2,3,0
3977,2014-11-28,2014,11,28,4,0,21,28,33,40,43,10,165,33.0,21,43,22,3,2,1
3978,2014-12-02,2014,12,2,1,0,19,25,26,40,43,12,153,30.6,19,43,24,3,2,1
3979,2014-12-05,2014,12,5,4,0,14,20,26,28,39,12,127,25.4,14,39,25,1,4,1
3980,2014-12-09,2014,12,9,1,0,13,22,35,36,43,15,149,29.8,13,43,30,3,2,0
3981,2014-12-12,2014,12,12,4,0,26,33,34,36,38,2,167,33.4,26,38,12,1,4,1
3982,2014-12-16,2014,12,16,1,0,9,10,11,15,34,2,79,15.8,9,34,25,3,2,1
3983,2014-12-19,2014,12,19,4,0,7,9,10,29,45,7,100,20.0,7,45,38,4,1,0
3984,2014-12-23,2014,12,23,1,0,2,25,31,32,36,3,126,25.2,2,36,34,2,3,0
3985,2014-12-26,2014,12,26,4,0,10,12,13,30,45,11,110,22.0,10,45,35,2,3,0
3986,2014-12-30,2014,12,30,1,0,8,15,25,31,40,13,119,23.8,8,40,32,3,2,0
3987,2015-01-02,2015,1,2,4,0,1,14,21,41,43,16,120,24.0,1,43,42,4,1,1
3988,2015-01-06,2015,1,6,1,0,2,9,14,18,20,20,63,12.6,2,20,18,1,4,1
3989,2015-01-09,2015,1,9,4,0,2,13,15,17,31,5,78,15.6,2,31,29,4,1,0
3990,2015-01-13,2015,1,13,1,0,3,9,15,18,35,17,80,16.0,3,35,32,4,1,0
3991,2015-01-16,2015,1,16,4,0,5,7,14,29,42,4,97,19.4,5,42,37,3,2,1
3992,2015-01-20,2015,1,20,1,0,3,4,23,31,35,5,96,19.2,3,35,32,4,1,0
3993,2015-01-23,2015,1,23,4,0,1,8,11,29,34,13,83,16.6,1,34,33,3,2,0
3994,2015-01-27,2015,1,27,1,0,12,26,28,31,35,13,132,26.4,12,35,23,2,3,0
3995,2015-01-30,2015,1,30,4,0,4,23,25,43,45,17,140,28.0,4,45,41,4,1,0
3996,2015-02-03,2015,2,3,1,0,11,12,25,41,42,20,131,26.2,11,42,31,3,2,1
3997,2015-02-06,2015,2,6,4,0,17,23,36,38,42,2,156,31.2,17,42,25,2,3,1
3998,2015-02-10,2015,2,10,1,0,10,20,27,31,33,6,121,24.2,10,33,23,3,2,1
3999,2015-02-13,2015,2,13,4,0,6,11,20,27,37,20,101,20.2,6,37,31,3,2,1
4000,2015-02-17,2015,2,17,1,0,1,5,9,18,40,17,73,14.6,1,40,39,3,2,0
4001,2015-02-20,2015,2,20,4,0,2,11,12,19,40,12,84,16.8,2,40,38,2,3,1
4002,2015-02-24,2015,2,24,1,0,13,14,18,25,39,20,109,21.8,13,39,26,3,2,1
4003,2015-02-27,2015,2,27,4,0,4,9,27,31,41,11,112,22.4,4,41,37,4,1,0
4004,2015-03-03,2015,3,3,1,0,1,27,30,33,38,9,129,25.8,1,38,37,3,2,0
4005,2015-03-06,2015,3,6,4,0,10,21,23,25,45,9,124,24.8,10,45,35,4,1,0
4006,2015-03-10,2015,3,10,1,0,24,26,27,31,33,18,141,28.2,24,33,9,3,2,1
4007,2015-03-13,2015,3,13,4,0,18,19,20,22,43,6,122,24.4,18,43,25,2,3,1
4008,2015-03-17,2015,3,17,1,0,12,15,26,34,41,16,128,25.6,12,41,29,2,3,1
4009,2015-03-20,2015,3,20,4,0,11,17,27,34,42,9,131,26.2,11,42,31,3,2,0
4010,2015-03-24,2015,3,24,1,0,5,17,21,25,36,16,104,20.8,5,36,31,4,1,1
4011,2015-03-27,2015,3,27,4,0,8,23,33,35,40,17,139,27.8,8,40,32,3,2,0
4012,2015-03-31,2015,3,31,1,0,5,6,20,26,27,15,84,16.8,5,27,22,2,3,0
4013,2015-04-07,2015,4,7,1,0,5,16,22,24,40,7,107,21.4,5,40,35,1,4,0
4014,2015-04-10,2015,4,10,4,0,12,13,17,22,28,18,92,18.4,12,28,16,2,3,1
4015,2015-04-14,2015,4,14,1,0,20,22,23,29,33,19,127,25.4,20,33,13,3,2,0
4016,2015-04-17,2015,4,17,4,0,5,6,26,31,41,16,109,21.8,5,41,36,3,2,1
4017,2015-04-21,2015,4,21,1,0,7,9,22,28,35,15,101,20.2,7,35,28,3,2,0
4018,2015-04-24,2015,4,24,4,0,4,13,20,31,38,1,106,21.2,4,38,34,2,3,0
4019,2015-04-28,2015,4,28,1,0,11,27,37,39,44,3,158,31.6,11,44,33,4,1,0
4020,2015-05-01,2015,5,1,4,0,4,8,20,35,45,16,112,22.4,4,45,41,2,3,1
4021,2015-05-05,2015,5,5,1,0,4,8,18,22,38,15,90,18.0,4,38,34,0,5,0
4022,2015-05-08,2015,5,8,4,0,2,22,37,38,43,15,142,28.4,2,43,41,2,3,0
4023,2015-05-12,2015,5,12,1,0,18,21,24,28,41,15,132,26.4,18,41,23,2,3,0
4024,2015-05-15,2015,5,15,4,0,8,26,40,44,45,7,163,32.6,8,45,37,1,4,0
4025,2015-05-19,2015,5,19,1,0,3,21,25,26,36,1,111,22.2,3,36,33,3,2,0
4026,2015-05-22,2015,5,22,4,0,9,31,32,40,41,10,153,30.6,9,41,32,3,2,1
4027,2015-05-26,2015,5,26,1,0,12,13,20,31,36,19,112,22.4,12,36,24,2,3,0
4028,2015-05-29,2015,5,29,4,0,4,12,17,25,29,5,87,17.4,4,29,25,3,2,0
4029,2015-06-02,2015,6,2,1,0,6,8,11,19,22,17,66,13.2,6,22,16,2,3,0
4030,2015-06-05,2015,6,5,4,0,5,9,21,25,35,4,95,19.0,5,35,30,5,0,1
4031,2015-06-09,2015,6,9,1,0,2,8,16,18,30,12,74,14.8,2,30,28,0,5,1
4032,2015-06-12,2015,6,12,4,0,21,26,28,30,44,10,149,29.8,21,44,23,1,4,1
4033,2015-06-16,2015,6,16,1,0,10,13,15,22,30,1,90,18.0,10,30,20,2,3,0
4034,2015-06-19,2015,6,19,4,0,1,22,29,34,35,15,121,24.2,1,35,34,3,2,0
4035,2015-06-23,2015,6,23,1,0,4,11,19,24,42,6,100,20.0,4,42,38,2,3,1
4036,2015-06-26,2015,6,26,4,0,11,12,24,27,32,20,106,21.2,11,32,21,2,3,1
4037,2015-06-30,2015,6,30,1,0,12,15,25,39,44,19,135,27.0,12,44,32,3,2,0
4038,2015-07-03,2015,7,3,4,0,2,9,19,24,26,14,80,16.0,2,26,24,2,3,1
4039,2015-07-07,2015,7,7,1,0,11,16,20,22,38,5,107,21.4,11,38,27,1,4,0
4040,2015-07-10,2015,7,10,4,0,10,11,14,19,34,14,88,17.6,10,34,24,2,3,1
4041,2015-07-14,2015,7,14,1,0,8,12,15,25,36,10,96,19.2,8,36,28,2,3,1
4042,2015-07-17,2015,7,17,4,0,8,23,24,42,44,4,141,28.2,8,44,36,1,4,1
4043,2015-07-21,2015,7,21,1,0,4,18,19,21,29,17,91,18.2,4,29,25,3,2,0
4044,2015-07-24,2015,7,24,4,0,12,34,35,38,39,3,158,31.6,12,39,27,2,3,0
4045,2015-07-28,2015,7,28,1,0,6,21,23,36,43,18,129,25.8,6,43,37,3,2,1
4046,2015-07-31,2015,7,31,4,0,4,9,28,35,38,14,114,22.8,4,38,34,2,3,1
4047,2015-08-04,2015,8,4,1,0,4,7,8,26,36,13,81,16.2,4,36,32,1,4,0
4048,2015-08-07,2015,8,7,4,0,9,10,19,28,45,12,111,22.2,9,45,36,3,2,1
4049,2015-08-11,2015,8,11,1,0,11,14,20,24,44,16,113,22.6,11,44,33,1,4,1
4050,2015-08-14,2015,8,14,4,0,2,17,26,32,43,11,120,24.0,2,43,41,2,3,0
4051,2015-08-18,2015,8,18,1,0,6,20,30,40,43,13,139,27.8,6,43,37,1,4,0
4052,2015-08-21,2015,8,21,4,0,8,14,23,26,45,1,116,23.2,8,45,37,2,3,0
4053,2015-08-25,2015,8,25,1,0,2,11,19,20,31,10,83,16.6,2,31,29,3,2,1
4054,2015-08-28,2015,8,28,4,0,10,16,18,20,31,17,95,19.0,10,31,21,1,4,0
4055,2015-09-01,2015,9,1,1,0,23,30,31,44,45,7,173,34.6,23,45,22,3,2,0
4056,2015-09-04,2015,9,4,4,0,1,25,29,43,44,13,142,28.4,1,44,43,4,1,0
4057,2015-09-08,2015,9,8,1,0,1,12,13,14,23,20,63,12.6,1,23,22,3,2,1
4058,2015-09-11,2015,9,11,4,0,2,6,22,23,41,9,94,18.8,2,41,39,2,3,0
4059,2015-09-15,2015,9,15,1,0,5,19,21,42,43,17,130,26.0,5,43,38,4,1,0
4060,2015-09-18,2015,9,18,4,0,5,17,25,40,45,6,132,26.4,5,45,40,4,1,1
4061,2015-09-22,2015,9,22,1,0,2,21,22,25,31,19,101,20.2,2,31,29,3,2,0
4062,2015-09-25,2015,9,25,4,0,14,20,21,26,32,12,113,22.6,14,32,18,1,4,1
4063,2015-09-29,2015,9,29,1,0,10,11,12,24,35,19,92,18.4,10,35,25,2,3,0
4064,2015-10-02,2015,10,2,4,0,6,9,14,32,43,1,104,20.8,6,43,37,2,3,0
4065,2015-10-06,2015,10,6,1,0,24,35,38,42,44,9,183,36.6,24,44,20,1,4,0
4066,2015-10-09,2015,10,9,4,0,14,17,32,41,43,5,147,29.4,14,43,29,3,2,0
4067,2015-10-13,2015,10,13,1,0,7,11,14,23,34,3,89,17.8,7,34,27,3,2,0
4068,2015-10-16,2015,10,16,4,0,28,34,41,42,45,8,190,38.0,28,45,17,2,3,1
4069,2015-10-20,2015,10,20,1,0,13,14,17,35,44,6,123,24.6,13,44,31,3,2,1
4070,2015-10-23,2015,10,23,4,0,1,5,27,33,37,10,103,20.6,1,37,36,5,0,1
4071,2015-10-27,2015,10,27,1,0,5,13,18,27,41,3,104,20.8,5,41,36,4,1,0
4072,2015-10-30,2015,10,30,4,0,3,6,18,40,44,12,111,22.2,3,44,41,1,4,1
4073,2015-11-03,2015,11,3,1,0,1,7,10,37,45,3,100,20.0,1,45,44,4,1,0
4074,2015-11-06,2015,11,6,4,0,19,24,30,40,42,10,155,31.0,19,42,23,1,4,1
4075,2015-11-10,2015,11,10,1,0,6,21,22,28,43,2,120,24.0,6,43,37,2,3,1
4076,2015-11-13,2015,11,13,4,0,2,11,16,31,45,20,105,21.0,2,45,43,3,2,1
4077,2015-11-17,2015,11,17,1,0,17,29,35,38,40,13,159,31.8,17,40,23,3,2,0
4078,2015-11-20,2015,11,20,4,0,10,16,29,37,41,7,133,26.6,10,41,31,3,2,0
4079,2015-11-24,2015,11,24,1,0,30,33,34,44,45,8,186,37.2,30,45,15,2,3,1
4080,2015-11-27,2015,11,27,4,0,1,19,28,42,44,18,134,26.8,1,44,43,2,3,1
4081,2015-12-01,2015,12,1,1,0,4,10,18,23,34,1,89,17.8,4,34,30,1,4,0
4082,2015-12-04,2015,12,4,4,0,7,18,34,35,41,1,135,27.0,7,41,34,3,2,0
4083,2015-12-08,2015,12,8,1,0,7,10,12,24,26,7,79,15.8,7,26,19,1,4,0
4084,2015-12-11,2015,12,11,4,0,1,3,5,11,38,13,58,11.6,1,38,37,4,1,0
4085,2015-12-15,2015,12,15,1,0,4,11,18,20,42,12,95,19.0,4,42,38,1,4,1
4086,2015-12-18,2015,12,18,4,0,3,35,40,43,45,5,166,33.2,3,45,42,4,1,0
4087,2015-12-22,2015,12,22,1,0,3,8,16,38,43,9,108,21.6,3,43,40,2,3,0
4088,2015-12-29,2015,12,29,1,0,5,7,14,25,30,3,81,16.2,5,30,25,3,2,0
4089,2016-01-01,2016,1,1,4,0,13,17,24,34,40,18,128,25.6,13,40,27,2,3,1
4090,2016-01-05,2016,1,5,1,0,24,29,38,39,45,18,175,35.0,24,45,21,3,2,1
4091,2016-01-08,2016,1,8,4,0,15,17,38,39,43,11,152,30.4,15,43,28,4,1,0
4092,2016-01-12,2016,1,12,1,0,10,16,27,29,36,13,118,23.6,10,36,26,2,3,0
4093,2016-01-15,2016,1,15,4,0,4,9,19,31,32,1,95,19.0,4,32,28,3,2,0
4094,2016-01-19,2016,1,19,1,0,1,4,9,35,39,5,88,17.6,1,39,38,4,1,0
4095,2016-01-22,2016,1,22,4,0,1,5,15,23,43,11,87,17.4,1,43,42,5,0,0
4096,2016-01-26,2016,1,26,1,0,3,12,16,27,37,12,95,19.0,3,37,34,3,2,1
4097,2016-01-29,2016,1,29,4,0,5,14,20,24,28,5,91,18.2,5,28,23,1,4,0
4098,2016-02-02,2016,2,2,1,0,7,8,32,35,44,9,126,25.2,7,44,37,2,3,0
4099,2016-02-05,2016,2,5,4,0,6,15,16,31,40,9,108,21.6,6,40,34,2,3,0
4100,2016-02-09,2016,2,9,1,0,14,21,41,42,43,4,161,32.2,14,43,29,3,2,1
4101,2016-02-12,2016,2,12,4,0,9,32,40,42,44,19,167,33.4,9,44,35,1,4,0
4102,2016-02-16,2016,2,16,1,0,5,9,11,14,42,7,81,16.2,5,42,37,3,2,0
4103,2016-02-19,2016,2,19,4,0,12,14,15,23,41,18,105,21.0,12,41,29,3,2,1
4104,2016-02-23,2016,2,23,1,0,3,15,16,23,24,3,81,16.2,3,24,21,3,2,0
4105,2016-02-26,2016,2,26,4,0,5,12,35,36,38,17,126,25.2,5,38,33,2,3,0
4106,2016-03-01,2016,3,1,1,0,4,8,15,17,27,1,71,14.2,4,27,23,3,2,0
4107,2016-03-04,2016,3,4,4,0,1,6,30,40,43,6,120,24.0,1,43,42,2,3,1
4108,2016-03-08,2016,3,8,1,0,2,6,15,26,39,12,88,17.6,2,39,37,2,3,1
4109,2016-03-11,2016,3,11,4,0,1,2,3,13,34,11,53,10.6,1,34,33,3,2,0
4110,2016-03-15,2016,3,15,1,0,4,7,32,41,44,11,128,25.6,4,44,40,2,3,0
4111,2016-03-18,2016,3,18,4,0,14,17,26,32,33,14,122,24.4,14,33,19,2,3,1
4112,2016-03-22,2016,3,22,1,0,11,13,23,42,43,4,132,26.4,11,43,32,4,1,1
4113,2016-03-25,2016,3,25,4,0,1,7,12,21,33,2,74,14.8,1,33,32,4,1,1
4114,2016-03-29,2016,3,29,1,0,4,28,37,40,45,14,154,30.8,4,45,41,2,3,1
4115,2016-04-01,2016,4,1,4,0,11,15,31,37,43,11,137,27.4,11,43,32,5,0,0
4116,2016-04-05,2016,4,5,1,0,4,24,27,36,40,8,131,26.2,4,40,36,1,4,1
4117,2016-04-08,2016,4,8,4,0,24,28,34,35,43,13,164,32.8,24,43,19,2,3,0
4118,2016-04-12,2016,4,12,1,0,2,16,18,20,24,16,80,16.0,2,24,22,0,5,1
4119,2016-04-15,2016,4,15,4,0,20,29,33,37,38,6,157,31.4,20,38,18,3,2,1
4120,2016-04-19,2016,4,19,1,0,10,11,12,32,33,17,98,19.6,10,33,23,2,3,0
4121,2016-04-22,2016,4,22,4,0,1,4,12,18,29,16,64,12.8,1,29,28,2,3,1
4122,2016-04-26,2016,4,26,1,0,1,3,16,19,31,13,70,14.0,1,31,30,4,1,0
4123,2016-04-29,2016,4,29,4,0,3,11,22,35,41,9,112,22.4,3,41,38,4,1,0
4124,2016-05-03,2016,5,3,1,0,1,15,23,32,41,11,112,22.4,1,41,40,4,1,0
4125,2016-05-06,2016,5,6,4,0,3,13,24,41,44,5,125,25.0,3,44,41,3,2,0
4126,2016-05-10,2016,5,10,1,0,5,20,26,27,33,18,111,22.2,5,33,28,3,2,1
4127,2016-05-13,2016,5,13,4,0,3,5,23,29,37,20,97,19.4,3,37,34,5,0,1
4128,2016-05-17,2016,5,17,1,0,8,15,17,24,30,18,94,18.8,8,30,22,2,3,1
4129,2016-05-20,2016,5,20,4,0,21,29,32,36,43,3,161,32.2,21,43,22,3,2,0
4130,2016-05-24,2016,5,24,1,0,8,12,23,24,31,15,98,19.6,8,31,23,2,3,0
4131,2016-05-27,2016,5,27,4,0,7,15,24,28,29,2,103,20.6,7,29,22,3,2,1
4132,2016-05-31,2016,5,31,1,0,3,28,38,39,42,16,150,30.0,3,42,39,2,3,1
4133,2016-06-03,2016,6,3,4,0,7,14,20,37,43,12,121,24.2,7,43,36,3,2,1
4134,2016-06-07,2016,6,7,1,0,3,4,11,23,37,17,78,15.6,3,37,34,4,1,0
4135,2016-06-10,2016,6,10,4,0,3,6,17,21,27,10,74,14.8,3,27,24,4,1,1
4136,2016-06-14,2016,6,14,1,0,20,24,40,44,45,17,173,34.6,20,45,25,1,4,0
4137,2016-06-17,2016,6,17,4,0,7,9,23,39,45,10,123,24.6,7,45,38,5,0,1
4138,2016-06-21,2016,6,21,1,0,3,13,22,26,43,18,107,21.4,3,43,40,3,2,1
4139,2016-06-24,2016,6,24,4,0,1,7,9,21,43,9,81,16.2,1,43,42,5,0,0
4140,2016-06-28,2016,6,28,1,0,4,5,7,10,34,16,60,12.0,4,34,30,2,3,1
4141,2016-07-01,2016,7,1,4,0,17,20,22,27,41,18,127,25.4,17,41,24,3,2,1
4142,2016-07-05,2016,7,5,1,0,9,17,19,29,42,15,116,23.2,9,42,33,4,1,0
4143,2016-07-08,2016,7,8,4,0,1,12,26,36,37,3,112,22.4,1,37,36,2,3,0
4144,2016-07-12,2016,7,12,1,0,4,12,23,31,41,5,111,22.2,4,41,37,3,2,0
4145,2016-07-15,2016,7,15,4,0,2,14,31,34,37,12,118,23.6,2,37,35,2,3,1
4146,2016-07-19,2016,7,19,1,0,2,31,34,38,39,5,144,28.8,2,39,37,2,3,0
4147,2016-07-22,2016,7,22,4,0,1,7,16,28,35,3,87,17.4,1,35,34,3,2,0
4148,2016-07-26,2016,7,26,1,0,1,6,16,22,25,13,70,14.0,1,25,24,2,3,0
4149,2016-07-29,2016,7,29,4,0,4,12,31,41,42,19,130,26.0,4,42,38,2,3,0
4150,2016-08-02,2016,8,2,1,0,8,11,14,30,42,8,105,21.0,8,42,34,1,4,1
4151,2016-08-05,2016,8,5,4,0,3,21,34,37,40,20,135,27.0,3,40,37,3,2,1
4152,2016-08-09,2016,8,9,1,0,5,13,17,24,36,18,95,19.0,5,36,31,3,2,1
4153,2016-08-12,2016,8,12,4,0,10,15,35,38,39,13,137,27.4,10,39,29,3,2,0
4154,2016-08-16,2016,8,16,1,0,7,8,16,30,44,14,105,21.0,7,44,37,1,4,1
4155,2016-08-19,2016,8,19,4,0,6,18,32,33,36,4,125,25.0,6,36,30,1,4,1
4156,2016-08-23,2016,8,23,1,0,9,13,19,26,43,8,110,22.0,9,43,34,4,1,1
4157,2016-08-26,2016,8,26,4,0,2,12,14,32,42,8,102,20.4,2,42,40,0,5,1
4158,2016-08-30,2016,8,30,1,0,4,9,14,18,34,10,79,15.8,4,34,30,1,4,1
4159,2016-09-02,2016,9,2,4,0,20,23,30,38,41,10,152,30.4,20,41,21,2,3,1
4160,2016-09-06,2016,9,6,1,0,4,18,39,43,44,12,148,29.6,4,44,40,2,3,1
4161,2016-09-09,2016,9,9,4,0,2,18,35,37,41,15,133,26.6,2,41,39,3,2,0
4162,2016-09-13,2016,9,13,1,0,1,5,16,21,40,2,83,16.6,1,40,39,3,2,1
4163,2016-09-16,2016,9,16,4,0,1,12,33,34,37,16,117,23.4,1,37,36,3,2,1
4164,2016-09-20,2016,9,20,1,0,2,18,29,32,44,20,125,25.0,2,44,42,1,4,1
4165,2016-09-23,2016,9,23,4,0,3,11,30,32,37,3,113,22.6,3,37,34,3,2,0
4166,2016-09-27,2016,9,27,1,0,3,11,34,37,45,15,130,26.0,3,45,42,4,1,0
4167,2016-09-30,2016,9,30,4,0,5,15,16,25,36,16,97,19.4,5,36,31,3,2,1
4168,2016-10-04,2016,10,4,1,0,4,16,18,25,30,6,93,18.6,4,30,26,1,4,1
4169,2016-10-07,2016,10,7,4,0,2,14,24,34,45,7,119,23.8,2,45,43,1,4,0
4170,2016-10-11,2016,10,11,1,0,15,23,24,26,36,19,124,24.8,15,36,21,2,3,0
4171,2016-10-14,2016,10,14,4,0,4,12,31,38,40,3,125,25.0,4,40,36,1,4,0
4172,2016-10-18,2016,10,18,1,0,7,19,35,41,44,16,146,29.2,7,44,37,4,1,1
4173,2016-10-21,2016,10,21,4,0,8,15,20,22,29,19,94,18.8,8,29,21,2,3,0
4174,2016-10-25,2016,10,25,1,0,8,24,27,30,43,14,132,26.4,8,43,35,2,3,1
4175,2016-10-28,2016,10,28,4,0,9,10,18,25,36,3,98,19.6,9,36,27,2,3,0
4176,2016-11-01,2016,11,1,1,0,24,25,26,37,44,12,156,31.2,24,44,20,2,3,1
4177,2016-11-04,2016,11,4,4,0,5,14,23,31,36,19,109,21.8,5,36,31,3,2,0
4178,2016-11-08,2016,11,8,1,0,5,30,40,43,44,2,162,32.4,5,44,39,2,3,1
4179,2016-11-11,2016,11,11,4,0,1,3,20,35,36,12,95,19.0,1,36,35,3,2,1
4180,2016-11-15,2016,11,15,1,0,11,17,23,42,45,13,138,27.6,11,45,34,4,1,0
4181,2016-11-18,2016,11,18,4,0,2,7,12,18,21,10,60,12.0,2,21,19,2,3,1
4182,2016-11-22,2016,11,22,1,0,17,18,19,25,36,13,115,23.0,17,36,19,3,2,0
4183,2016-11-25,2016,11,25,4,0,5,21,22,28,33,18,109,21.8,5,33,28,3,2,1
4184,2016-11-29,2016,11,29,1,0,4,9,22,31,41,12,107,21.4,4,41,37,3,2,1
4185,2016-12-02,2016,12,2,4,0,1,11,24,28,42,9,106,21.2,1,42,41,2,3,0
4186,2016-12-06,2016,12,6,1,0,1,24,29,33,38,20,125,25.0,1,38,37,3,2,1
4187,2016-12-09,2016,12,9,4,0,1,2,8,10,14,9,35,7.0,1,14,13,1,4,0
4188,2016-12-13,2016,12,13,1,0,7,8,23,26,33,16,97,19.4,7,33,26,3,2,1
4189,2016-12-16,2016,12,16,4,0,8,15,26,28,35,10,112,22.4,8,35,27,2,3,1
4190,2016-12-20,2016,12,20,1,0,1,9,17,20,23,12,70,14.0,1,23,22,4,1,1
4191,2016-12-23,2016,12,23,4,0,1,4,6,11,16,2,38,7.6,1,16,15,2,3,1
4192,2016-12-27,2016,12,27,1,0,8,16,20,21,36,4,101,20.2,8,36,28,1,4,1
4193,2016-12-30,2016,12,30,4,0,14,31,33,42,44,15,164,32.8,14,44,30,2,3,0
4194,2017-01-03,2017,1,3,1,0,6,16,26,29,31,8,108,21.6,6,31,25,2,3,1
4195,2017-01-06,2017,1,6,4,0,11,14,30,40,42,9,137,27.4,11,42,31,1,4,0
4196,2017-01-10,2017,1,10,1,0,6,20,25,28,31,10,110,22.0,6,31,25,2,3,1
4197,2017-01-13,2017,1,13,4,0,14,20,21,26,38,18,119,23.8,14,38,24,1,4,1
4198,2017-01-17,2017,1,17,1,0,12,29,35,36,41,10,153,30.6,12,41,29,3,2,1
4199,2017-01-20,2017,1,20,4,0,5,7,17,23,41,6,93,18.6,5,41,36,5,0,1
4200,2017-01-24,2017,1,24,1,0,7,19,33,35,39,5,133,26.6,7,39,32,5,0,0
4201,2017-01-27,2017,1,27,4,0,4,5,16,28,30,10,83,16.6,4,30,26,1,4,1
4202,2017-01-31,2017,1,31,1,0,2,9,31,40,45,3,127,25.4,2,45,43,3,2,0
4203,2017-02-03,2017,2,3,4,0,20,22,37,39,43,17,161,32.2,20,43,23,3,2,0
4204,2017-02-07,2017,2,7,1,0,7,16,18,30,39,2,110,22.0,7,39,32,2,3,1
4205,2017-02-10,2017,2,10,4,0,1,12,21,24,42,5,100,20.0,1,42,41,2,3,0
4206,2017-02-14,2017,2,14,1,0,5,12,14,39,42,17,112,22.4,5,42,37,2,3,0
4207,2017-02-17,2017,2,17,4,0,9,20,23,39,42,6,133,26.6,9,42,33,3,2,1
4208,2017-02-21,2017,2,21,1,0,9,11,14,29,37,5,100,20.0,9,37,28,4,1,0
4209,2017-02-24,2017,2,24,4,0,6,9,20,30,38,11,103,20.6,6,38,32,1,4,0
4210,2017-02-28,2017,2,28,1,0,9,15,20,42,45,5,131,26.2,9,45,36,3,2,0
4211,2017-03-03,2017,3,3,4,0,1,19,24,34,41,16,119,23.8,1,41,40,3,2,1
4212,2017-03-07,2017,3,7,1,0,6,10,14,35,44,5,109,21.8,6,44,38,1,4,0
4213,2017-03-10,2017,3,10,4,0,11,20,24,28,33,2,116,23.2,11,33,22,2,3,1
4214,2017-03-14,2017,3,14,1,0,11,19,31,33,36,10,130,26.0,11,36,25,4,1,1
4215,2017-03-17,2017,3,17,4,0,6,15,20,31,37,8,109,21.8,6,37,31,3,2,1
4216,2017-03-21,2017,3,21,1,0,7,9,10,33,34,14,93,18.6,7,34,27,3,2,1
4217,2017-03-24,2017,3,24,4,0,1,3,5,13,15,11,37,7.4,1,15,14,5,0,0
4218,2017-03-28,2017,3,28,1,0,2,6,7,22,27,3,64,12.8,2,27,25,2,3,0
4219,2017-03-31,2017,3,31,4,0,9,11,20,22,36,13,98,19.6,9,36,27,2,3,0
4220,2017-04-04,2017,4,4,1,0,10,19,28,33,34,1,124,24.8,10,34,24,2,3,0
4221,2017-04-07,2017,4,7,4,0,20,21,24,34,43,20,142,28.4,20,43,23,2,3,1
4222,2017-04-11,2017,4,11,1,0,14,18,24,27,38,18,121,24.2,14,38,24,1,4,1
4223,2017-04-14,2017,4,14,4,0,13,17,20,33,42,4,125,25.0,13,42,29,3,2,1
4224,2017-04-18,2017,4,18,1,0,2,5,21,24,25,1,77,15.4,2,25,23,3,2,0
4225,2017-04-21,2017,4,21,4,0,3,7,11,29,40,18,90,18.0,3,40,37,4,1,1
4226,2017-04-25,2017,4,25,1,0,2,19,25,30,32,13,108,21.6,2,32,30,2,3,0
4227,2017-04-28,2017,4,28,4,0,8,23,24,40,44,7,139,27.8,8,44,36,1,4,0
4228,2017-05-02,2017,5,2,1,0,2,10,12,27,32,13,83,16.6,2,32,30,1,4,0
4229,2017-05-05,2017,5,5,4,0,8,9,21,24,26,4,88,17.6,8,26,18,2,3,1
4230,2017-05-09,2017,5,9,1,0,18,19,23,37,43,14,140,28.0,18,43,25,4,1,1
4231,2017-05-12,2017,5,12,4,0,1,3,15,30,37,5,86,17.2,1,37,36,4,1,0
4232,2017-05-16,2017,5,16,1,0,9,20,30,36,38,13,133,26.6,9,38,29,1,4,0
4233,2017-05-19,2017,5,19,4,0,1,2,9,17,37,7,66,13.2,1,37,36,4,1,0
4234,2017-05-23,2017,5,23,1,0,4,7,15,22,26,4,74,14.8,4,26,22,2,3,1
4235,2017-05-26,2017,5,26,4,0,13,26,29,31,37,7,136,27.2,13,37,24,4,1,0
4236,2017-05-30,2017,5,30,1,0,12,14,25,26,39,2,116,23.2,12,39,27,2,3,1
4237,2017-06-02,2017,6,2,4,0,7,11,16,38,45,20,117,23.4,7,45,38,3,2,1
4238,2017-06-06,2017,6,6,1,0,1,27,28,32,43,12,131,26.2,1,43,42,3,2,1
4239,2017-06-09,2017,6,9,4,0,11,12,17,19,35,1,94,18.8,11,35,24,4,1,0
4240,2017-06-13,2017,6,13,1,0,13,18,32,36,45,14,144,28.8,13,45,32,2,3,1
4241,2017-06-16,2017,6,16,4,0,4,7,25,28,33,14,97,19.4,4,33,29,3,2,1
4242,2017-06-20,2017,6,20,1,0,14,21,28,38,40,18,141,28.2,14,40,26,1,4,1
4243,2017-06-23,2017,6,23,4,0,14,20,33,44,45,19,156,31.2,14,45,31,2,3,0
4244,2017-06-27,2017,6,27,1,0,26,27,30,32,45,16,160,32.0,26,45,19,2,3,1
4245,2017-06-30,2017,6,30,4,0,4,5,10,23,28,3,70,14.0,4,28,24,2,3,0
4246,2017-07-04,2017,7,4,1,0,5,7,10,15,30,5,67,13.4,5,30,25,3,2,0
4247,2017-07-07,2017,7,7,4,0,9,16,18,32,43,2,118,23.6,9,43,34,2,3,1
4248,2017-07-11,2017,7,11,1,0,2,15,19,27,34,19,97,19.4,2,34,32,3,2,0
4249,2017-07-14,2017,7,14,4,0,21,28,29,31,35,8,144,28.8,21,35,14,4,1,1
4250,2017-07-18,2017,7,18,1,0,23,25,30,40,43,20,161,32.2,23,43,20,3,2,1
4251,2017-07-21,2017,7,21,4,0,7,20,29,40,43,6,139,27.8,7,43,36,3,2,1
4252,2017-07-25,2017,7,25,1,0,12,18,22,29,44,6,125,25.0,12,44,32,1,4,1
4253,2017-07-28,2017,7,28,4,0,7,28,30,35,39,1,139,27.8,7,39,32,3,2,0
4254,2017-08-01,2017,8,1,1,0,5,18,36,40,42,5,141,28.2,5,42,37,1,4,0
4255,2017-08-04,2017,8,4,4,0,15,17,24,25,28,17,109,21.8,15,28,13,3,2,0
4256,2017-08-08,2017,8,8,1,0,3,5,12,14,22,9,56,11.2,3,22,19,2,3,0
4257,2017-08-11,2017,8,11,4,0,11,28,31,32,41,18,143,28.6,11,41,30,3,2,1
4258,2017-08-15,2017,8,15,1,0,4,17,27,34,35,5,117,23.4,4,35,31,3,2,0
4259,2017-08-18,2017,8,18,4,0,13,23,30,34,40,11,140,28.0,13,40,27,2,3,0
4260,2017-08-22,2017,8,22,1,0,15,19,31,36,44,9,145,29.0,15,44,29,3,2,0
4261,2017-08-25,2017,8,25,4,0,2,15,23,28,32,2,100,20.0,2,32,30,2,3,1
4262,2017-08-29,2017,8,29,1,0,12,13,17,19,34,11,95,19.0,12,34,22,3,2,0
4263,2017-09-01,2017,9,1,4,0,11,13,31,39,41,15,135,27.0,11,41,30,5,0,0
4264,2017-09-05,2017,9,5,1,0,2,13,14,15,32,6,76,15.2,2,32,30,2,3,1
4265,2017-09-08,2017,9,8,4,0,6,7,34,39,42,12,128,25.6,6,42,36,2,3,1
4266,2017-09-12,2017,9,12,1,0,2,3,11,29,41,15,86,17.2,2,41,39,4,1,0
4267,2017-09-15,2017,9,15,4,0,11,16,24,28,44,6,123,24.6,11,44,33,1,4,1
4268,2017-09-19,2017,9,19,1,0,15,22,25,36,39,19,137,27.4,15,39,24,3,2,0
4269,2017-09-22,2017,9,22,4,0,4,12,28,30,39,3,113,22.6,4,39,35,1,4,0
4270,2017-09-26,2017,9,26,1,0,9,17,33,42,45,13,146,29.2,9,45,36,4,1,0
4271,2017-09-29,2017,9,29,4,0,26,28,32,39,42,9,167,33.4,26,42,16,1,4,0
4272,2017-10-03,2017,10,3,1,0,7,26,35,36,39,14,143,28.6,7,39,32,3,2,1
4273,2017-10-06,2017,10,6,4,0,18,22,23,31,38,17,132,26.4,18,38,20,2,3,0
4274,2017-10-10,2017,10,10,1,0,13,15,25,29,39,14,121,24.2,13,39,26,5,0,1
4275,2017-10-13,2017,10,13,4,0,5,8,25,30,32,17,100,20.0,5,32,27,2,3,0
4276,2017-10-17,2017,10,17,1,0,1,3,10,39,43,13,96,19.2,1,43,42,4,1,0
4277,2017-10-20,2017,10,20,4,0,19,20,24,26,30,20,119,23.8,19,30,11,1,4,1
4278,2017-10-24,2017,10,24,1,0,13,26,37,42,44,3,162,32.4,13,44,31,2,3,0
4279,2017-10-27,2017,10,27,4,0,14,15,21,29,45,6,124,24.8,14,45,31,4,1,1
4280,2017-10-31,2017,10,31,1,0,6,10,16,36,43,17,111,22.2,6,43,37,1,4,0
4281,2017-11-03,2017,11,3,4,0,3,17,19,23,44,19,106,21.2,3,44,41,4,1,0
4282,2017-11-07,2017,11,7,1,0,9,10,22,34,44,18,119,23.8,9,44,35,1,4,1
4283,2017-11-10,2017,11,10,4,0,13,28,31,33,44,8,149,29.8,13,44,31,3,2,1
4284,2017-11-14,2017,11,14,1,0,8,21,25,34,41,20,129,25.8,8,41,33,3,2,1
4285,2017-11-17,2017,11,17,4,0,13,14,24,36,42,20,129,25.8,13,42,29,1,4,1
4286,2017-11-21,2017,11,21,1,0,16,23,32,34,41,18,146,29.2,16,41,25,2,3,1
4287,2017-11-24,2017,11,24,4,0,4,14,29,37,43,18,127,25.4,4,43,39,3,2,1
4288,2017-11-28,2017,11,28,1,0,7,11,28,38,39,14,123,24.6,7,39,32,3,2,1
4289,2017-12-01,2017,12,1,4,0,8,11,22,28,29,1,98,19.6,8,29,21,2,3,0
4290,2017-12-05,2017,12,5,1,0,4,8,19,32,40,18,103,20.6,4,40,36,1,4,1
4291,2017-12-08,2017,12,8,4,0,3,8,17,22,27,13,77,15.4,3,27,24,3,2,0
4292,2017-12-12,2017,12,12,1,0,7,10,15,24,39,19,95,19.0,7,39,32,3,2,0
4293,2017-12-15,2017,12,15,4,0,2,9,10,17,44,18,82,16.4,2,44,42,2,3,1
4294,2017-12-19,2017,12,19,1,0,3,7,11,43,44,4,108,21.6,3,44,41,4,1,1
4295,2017-12-22,2017,12,22,4,0,5,9,16,19,31,3,80,16.0,5,31,26,4,1,0
4296,2017-12-26,2017,12,26,1,0,13,14,29,42,44,4,142,28.4,13,44,31,2,3,1
4297,2017-12-29,2017,12,29,4,0,3,7,21,41,42,18,114,22.8,3,42,39,4,1,1
4298,2018-01-02,2018,1,2,1,0,21,29,30,34,37,20,151,30.2,21,37,16,3,2,1
4299,2018-01-05,2018,1,5,4,0,8,31,34,35,44,4,152,30.4,8,44,36,2,3,1
4300,2018-01-09,2018,1,9,1,0,4,11,18,19,40,19,92,18.4,4,40,36,2,3,0
4301,2018-01-12,2018,1,12,4,0,15,17,20,25,42,19,119,23.8,15,42,27,3,2,0
4302,2018-01-16,2018,1,16,1,0,12,27,29,35,36,15,139,27.8,12,36,24,3,2,0
4303,2018-01-19,2018,1,19,4,0,1,3,13,24,27,12,68,13.6,1,27,26,4,1,1
4304,2018-01-23,2018,1,23,1,0,3,28,40,41,42,8,154,30.8,3,42,39,2,3,1
4305,2018-01-26,2018,1,26,4,0,6,8,14,22,25,3,75,15.0,6,25,19,1,4,0
4306,2018-01-30,2018,1,30,1,0,8,20,41,42,43,4,154,30.8,8,43,35,2,3,1
4307,2018-02-02,2018,2,2,4,0,10,13,30,36,45,19,134,26.8,10,45,35,2,3,0
4308,2018-02-06,2018,2,6,1,0,6,7,21,27,40,15,101,20.2,6,40,34,3,2,0
4309,2018-02-09,2018,2,9,4,0,1,8,10,26,39,17,84,16.8,1,39,38,2,3,0
4310,2018-02-13,2018,2,13,1,0,5,10,12,29,42,8,98,19.6,5,42,37,2,3,1
4311,2018-02-16,2018,2,16,4,0,2,8,26,28,30,2,94,18.8,2,30,28,0,5,1
4312,2018-02-20,2018,2,20,1,0,8,27,30,33,42,3,140,28.0,8,42,34,2,3,0
4313,2018-02-23,2018,2,23,4,0,15,20,31,36,45,17,147,29.4,15,45,30,3,2,0
4314,2018-02-27,2018,2,27,1,0,6,16,18,33,34,13,107,21.4,6,34,28,1,4,0
4315,2018-03-02,2018,3,2,4,0,1,14,27,33,40,12,115,23.0,1,40,39,3,2,1
4316,2018-03-06,2018,3,6,1,0,12,24,29,35,36,1,136,27.2,12,36,24,2,3,0
4317,2018-03-09,2018,3,9,4,0,9,11,20,26,34,10,100,20.0,9,34,25,2,3,1
4318,2018-03-13,2018,3,13,1,0,13,26,31,37,43,15,150,30.0,13,43,30,4,1,0
4319,2018-03-16,2018,3,16,4,0,8,17,29,31,38,5,123,24.6,8,38,30,3,2,0
4320,2018-03-20,2018,3,20,1,0,5,21,35,37,40,9,138,27.6,5,40,35,4,1,0
4321,2018-03-23,2018,3,23,4,0,3,23,24,35,37,9,122,24.4,3,37,34,4,1,0
4322,2018-03-27,2018,3,27,1,0,4,9,12,18,31,6,74,14.8,4,31,27,2,3,1
4323,2018-03-30,2018,3,30,4,0,8,19,34,37,41,11,139,27.8,8,41,33,3,2,0
4324,2018-04-03,2018,4,3,1,0,4,13,16,33,40,2,106,21.2,4,40,36,2,3,1
4325,2018-04-06,2018,4,6,4,0,3,11,26,35,43,3,118,23.6,3,43,40,4,1,0
4326,2018-04-10,2018,4,10,1,0,2,14,17,31,34,19,98,19.6,2,34,32,2,3,0
4327,2018-04-13,2018,4,13,4,0,6,9,21,23,30,14,89,17.8,6,30,24,3,2,1
4328,2018-04-17,2018,4,17,1,0,3,6,7,16,33,17,65,13.0,3,33,30,3,2,0
4329,2018-04-20,2018,4,20,4,0,5,13,20,31,35,9,104,20.8,5,35,30,4,1,0
4330,2018-04-24,2018,4,24,1,0,6,16,17,39,43,4,121,24.2,6,43,37,3,2,1
4331,2018-04-27,2018,4,27,4,0,2,8,12,20,43,6,85,17.0,2,43,41,1,4,1
4332,2018-05-01,2018,5,1,1,0,8,17,29,40,42,11,136,27.2,8,42,34,2,3,0
4333,2018-05-04,2018,5,4,4,0,4,9,11,12,25,6,61,12.2,4,25,21,3,2,1
4334,2018-05-08,2018,5,8,1,0,3,4,6,26,44,5,83,16.6,3,44,41,1,4,0
4335,2018-05-11,2018,5,11,4,0,8,22,33,40,43,3,146,29.2,8,43,35,2,3,0
4336,2018-05-15,2018,5,15,1,0,5,10,20,27,40,10,102,20.4,5,40,35,2,3,1
4337,2018-05-18,2018,5,18,4,0,6,10,11,28,40,7,95,19.0,6,40,34,1,4,0
4338,2018-05-22,2018,5,22,1,0,3,10,15,19,44,14,91,18.2,3,44,41,3,2,1
4339,2018-05-25,2018,5,25,4,0,6,11,23,36,37,13,113,22.6,6,37,31,3,2,0
4340,2018-05-29,2018,5,29,1,0,12,21,31,37,41,13,142,28.4,12,41,29,4,1,0
4341,2018-06-01,2018,6,1,4,0,1,37,40,41,43,4,162,32.4,1,43,42,4,1,1
4342,2018-06-05,2018,6,5,1,0,10,13,28,33,45,14,129,25.8,10,45,35,3,2,1
4343,2018-06-08,2018,6,8,4,0,3,13,25,26,34,13,101,20.2,3,34,31,3,2,0
4344,2018-06-12,2018,6,12,1,0,3,5,31,35,37,13,111,22.2,3,37,34,5,0,0
4345,2018-06-15,2018,6,15,4,0,8,9,14,28,41,9,100,20.0,8,41,33,2,3,0
4346,2018-06-19,2018,6,19,1,0,12,20,23,24,37,4,116,23.2,12,37,25,2,3,1
4347,2018-06-22,2018,6,22,4,0,2,6,13,14,19,17,54,10.8,2,19,17,2,3,0
4348,2018-06-26,2018,6,26,1,0,15,25,39,43,50,14,172,34.4,15,50,35,4,1,1
4349,2018-06-29,2018,6,29,4,0,15,22,25,31,37,16,130,26.0,15,37,22,4,1,1
4350,2018-07-03,2018,7,3,1,0,3,38,48,49,50,18,188,37.6,3,50,47,2,3,1
4351,2018-07-06,2018,7,6,4,0,8,16,19,35,39,11,117,23.4,8,39,31,3,2,0
4352,2018-07-10,2018,7,10,1,0,1,31,34,38,46,12,150,30.0,1,46,45,2,3,1
4353,2018-07-13,2018,7,13,4,0,13,14,34,38,45,11,144,28.8,13,45,32,2,3,0
4354,2018-07-17,2018,7,17,1,0,12,26,34,35,44,4,151,30.2,12,44,32,1,4,1
4355,2018-07-20,2018,7,20,4,0,9,21,22,33,39,5,124,24.8,9,39,30,4,1,0
4356,2018-07-24,2018,7,24,1,0,9,15,18,24,29,19,95,19.0,9,29,20,3,2,0
4357,2018-07-27,2018,7,27,4,0,4,15,19,33,36,2,107,21.4,4,36,32,3,2,1
4358,2018-07-31,2018,7,31,1,0,3,6,14,34,36,12,93,18.6,3,36,33,1,4,1
4359,2018-08-03,2018,8,3,4,0,1,15,23,24,35,4,98,19.6,1,35,34,4,1,1
4360,2018-08-07,2018,8,7,1,0,2,3,19,24,30,3,78,15.6,2,30,28,2,3,0
4361,2018-08-10,2018,8,10,4,0,3,10,14,43,50,14,120,24.0,3,50,47,2,3,1
4362,2018-08-14,2018,8,14,1,0,13,29,32,38,45,5,157,31.4,13,45,32,3,2,0
4363,2018-08-17,2018,8,17,4,0,9,19,24,35,42,10,129,25.8,9,42,33,3,2,1
4364,2018-08-21,2018,8,21,1,0,19,21,23,34,45,9,142,28.4,19,45,26,4,1,0
4365,2018-08-24,2018,8,24,4,0,3,6,25,27,40,4,101,20.2,3,40,37,3,2,1
4366,2018-08-28,2018,8,28,1,0,4,13,21,41,44,15,123,24.6,4,44,40,3,2,0
4367,2018-08-31,2018,8,31,4,0,7,38,42,43,47,3,177,35.4,7,47,40,3,2,0
4368,2018-09-04,2018,9,4,1,0,3,13,24,25,41,8,106,21.2,3,41,38,4,1,1
4369,2018-09-07,2018,9,7,4,0,9,11,20,28,44,6,112,22.4,9,44,35,2,3,1
4370,2018-09-11,2018,9,11,1,0,3,26,34,40,50,12,153,30.6,3,50,47,1,4,1
4371,2018-09-14,2018,9,14,4,0,10,17,29,31,40,9,127,25.4,10,40,30,3,2,0
4372,2018-09-18,2018,9,18,1,0,15,22,23,31,38,1,129,25.8,15,38,23,3,2,0
4373,2018-09-21,2018,9,21,4,0,28,32,39,43,46,8,188,37.6,28,46,18,2,3,1
4374,2018-09-25,2018,9,25,1,0,7,15,17,30,40,11,109,21.8,7,40,33,3,2,0
4375,2018-09-28,2018,9,28,4,0,7,24,31,36,50,2,148,29.6,7,50,43,2,3,1
4376,2018-10-02,2018,10,2,1,0,3,7,15,24,35,18,84,16.8,3,35,32,4,1,1
4377,2018-10-05,2018,10,5,4,0,32,36,42,46,49,11,205,41.0,32,49,17,1,4,0
4378,2018-10-09,2018,10,9,1,0,5,13,22,24,40,5,104,20.8,5,40,35,2,3,0
4379,2018-10-12,2018,10,12,4,0,1,2,11,19,44,8,77,15.4,1,44,43,3,2,1
4380,2018-10-16,2018,10,16,1,0,2,8,27,35,41,8,113,22.6,2,41,39,3,2,1
4381,2018-10-19,2018,10,19,4,0,1,32,39,41,43,6,156,31.2,1,43,42,4,1,1
4382,2018-10-23,2018,10,23,1,0,4,17,21,28,48,20,118,23.6,4,48,44,2,3,1
4383,2018-10-26,2018,10,26,4,0,2,15,19,24,38,20,98,19.6,2,38,36,2,3,1
4384,2018-10-30,2018,10,30,1,0,19,20,24,27,29,19,119,23.8,19,29,10,3,2,0
4385,2018-11-02,2018,11,2,4,0,2,30,36,42,47,13,157,31.4,2,47,45,1,4,0
4386,2018-11-06,2018,11,6,1,0,10,20,48,49,50,12,177,35.4,10,50,40,1,4,1
4387,2018-11-09,2018,11,9,4,0,6,7,10,19,43,20,85,17.0,6,43,37,3,2,1
4388,2018-11-13,2018,11,13,1,0,4,6,19,24,41,8,94,18.8,4,41,37,2,3,1
4389,2018-11-16,2018,11,16,4,0,20,24,32,33,35,18,144,28.8,20,35,15,2,3,1
4390,2018-11-20,2018,11,20,1,0,14,32,33,37,47,15,163,32.6,14,47,33,3,2,0
4391,2018-11-23,2018,11,23,4,0,3,6,8,23,30,8,70,14.0,3,30,27,2,3,1
4392,2018-11-27,2018,11,27,1,0,12,27,39,41,46,10,165,33.0,12,46,34,3,2,1
4393,2018-11-30,2018,11,30,4,0,12,15,25,29,49,7,130,26.0,12,49,37,4,1,0
4394,2018-12-04,2018,12,4,1,0,5,13,20,33,34,6,105,21.0,5,34,29,3,2,1
4395,2018-12-07,2018,12,7,4,0,3,6,22,33,47,15,111,22.2,3,47,44,3,2,0
4396,2018-12-11,2018,12,11,1,0,7,29,39,42,48,7,165,33.0,7,48,41,3,2,0
4397,2018-12-14,2018,12,14,4,0,4,5,9,16,20,3,54,10.8,4,20,16,2,3,0
4398,2018-12-18,2018,12,18,1,0,3,5,14,20,32,16,74,14.8,3,32,29,2,3,1
4399,2018-12-21,2018,12,21,4,0,22,34,40,44,48,2,188,37.6,22,48,26,0,5,1
4400,2018-12-25,2018,12,25,1,0,13,16,28,29,30,7,116,23.2,13,30,17,2,3,0
4401,2018-12-28,2018,12,28,4,0,18,21,30,32,50,8,151,30.2,18,50,32,1,4,1
4402,2019-01-01,2019,1,1,1,0,42,44,46,47,48,11,227,45.4,42,48,6,1,4,0
4403,2019-01-04,2019,1,4,4,0,7,9,24,26,29,1,95,19.0,7,29,22,3,2,0
4404,2019-01-08,2019,1,8,1,0,2,15,35,44,46,13,142,28.4,2,46,44,2,3,0
4405,2019-01-11,2019,1,11,4,0,8,21,25,29,42,15,125,25.0,8,42,34,3,2,0
4406,2019-01-15,2019,1,15,1,0,9,13,24,27,29,20,102,20.4,9,29,20,4,1,1
4407,2019-01-18,2019,1,18,4,0,8,23,26,38,40,9,135,27.0,8,40,32,1,4,0
4408,2019-01-22,2019,1,22,1,0,6,15,24,41,47,3,133,26.6,6,47,41,3,2,0
4409,2019-01-25,2019,1,25,4,0,20,27,31,40,41,9,159,31.8,20,41,21,3,2,0
4410,2019-01-29,2019,1,29,1,0,6,7,23,25,29,5,90,18.0,6,29,23,4,1,0
4411,2019-02-01,2019,2,1,4,0,5,13,19,39,41,3,117,23.4,5,41,36,5,0,0
4412,2019-02-05,2019,2,5,1,0,5,28,31,35,50,9,149,29.8,5,50,45,3,2,0
4413,2019-02-08,2019,2,8,4,0,22,30,39,41,42,11,174,34.8,22,42,20,2,3,0
4414,2019-02-12,2019,2,12,1,0,15,16,24,38,47,13,140,28.0,15,47,32,2,3,0
4415,2019-02-15,2019,2,15,4,0,19,20,37,42,43,17,161,32.2,19,43,24,3,2,0
4416,2019-02-19,2019,2,19,1,0,14,18,21,26,35,5,114,22.8,14,35,21,2,3,0
4417,2019-02-22,2019,2,22,4,0,7,9,10,11,40,2,77,15.4,7,40,33,3,2,1
4418,2019-02-26,2019,2,26,1,0,10,20,28,31,33,12,122,24.4,10,33,23,2,3,1
4419,2019-03-01,2019,3,1,4,0,24,29,34,46,49,15,182,36.4,24,49,25,2,3,0
4420,2019-03-05,2019,3,5,1,0,1,18,24,48,49,20,140,28.0,1,49,48,2,3,1
4421,2019-03-08,2019,3,8,4,0,4,5,7,11,22,3,49,9.8,4,22,18,3,2,0
4422,2019-03-12,2019,3,12,1,0,8,27,40,46,48,18,169,33.8,8,48,40,1,4,1
4423,2019-03-15,2019,3,15,4,0,19,36,40,45,49,5,189,37.8,19,49,30,3,2,0
4424,2019-03-19,2019,3,19,1,0,3,16,32,33,36,7,120,24.0,3,36,33,2,3,0
4425,2019-03-22,2019,3,22,4,0,8,10,15,34,35,16,102,20.4,8,35,27,2,3,1
4426,2019-03-26,2019,3,26,1,0,1,8,24,26,30,2,89,17.8,1,30,29,1,4,1
4427,2019-03-29,2019,3,29,4,0,3,6,11,13,31,13,64,12.8,3,31,28,4,1,0
4428,2019-04-02,2019,4,2,1,0,11,29,35,38,41,18,154,30.8,11,41,30,4,1,1
4429,2019-04-05,2019,4,5,4,0,15,22,29,31,48,3,145,29.0,15,48,33,3,2,0
4430,2019-04-09,2019,4,9,1,0,5,11,13,28,38,14,95,19.0,5,38,33,3,2,1
4431,2019-04-12,2019,4,12,4,0,28,35,41,43,50,12,197,39.4,28,50,22,3,2,1
4432,2019-04-16,2019,4,16,1,0,5,6,32,44,48,5,135,27.0,5,48,43,1,4,0
4433,2019-04-19,2019,4,19,4,0,17,19,25,43,47,4,151,30.2,17,47,30,5,0,1
4434,2019-04-23,2019,4,23,1,0,10,35,37,46,48,9,176,35.2,10,48,38,2,3,0
4435,2019-04-26,2019,4,26,4,0,13,16,19,43,49,13,140,28.0,13,49,36,4,1,0
4436,2019-04-30,2019,4,30,1,0,1,3,20,46,48,5,118,23.6,1,48,47,2,3,0
4437,2019-05-03,2019,5,3,4,0,13,18,20,35,36,11,122,24.4,13,36,23,2,3,0
4438,2019-05-07,2019,5,7,1,0,15,22,30,45,48,13,160,32.0,15,48,33,2,3,0
4439,2019-05-10,2019,5,10,4,0,14,22,23,39,43,15,141,28.2,14,43,29,3,2,0
4440,2019-05-14,2019,5,14,1,0,15,18,34,44,46,16,157,31.4,15,46,31,1,4,1
4441,2019-05-17,2019,5,17,4,0,9,19,29,31,46,17,134,26.8,9,46,37,4,1,0
4442,2019-05-21,2019,5,21,1,0,3,11,15,33,43,13,105,21.0,3,43,40,5,0,0
4443,2019-05-24,2019,5,24,4,0,3,25,29,38,39,7,134,26.8,3,39,36,4,1,0
4444,2019-05-28,2019,5,28,1,0,15,21,25,33,43,17,137,27.4,15,43,28,5,0,0
4445,2019-05-31,2019,5,31,4,0,5,21,25,27,47,12,125,25.0,5,47,42,5,0,1
4446,2019-06-04,2019,6,4,1,0,10,16,22,46,50,19,144,28.8,10,50,40,0,5,0
4447,2019-06-07,2019,6,7,4,0,4,11,21,22,45,14,103,20.6,4,45,41,3,2,1
4448,2019-06-11,2019,6,11,1,0,11,14,15,38,47,13,125,25.0,11,47,36,3,2,0
4449,2019-06-14,2019,6,14,4,0,24,26,27,35,39,15,151,30.2,24,39,15,3,2,0
4450,2019-06-18,2019,6,18,1,0,2,3,17,20,33,3,75,15.0,2,33,31,3,2,0
4451,2019-06-21,2019,6,21,4,0,8,15,28,46,49,8,146,29.2,8,49,41,2,3,1
4452,2019-06-25,2019,6,25,1,0,3,32,33,38,40,11,146,29.2,3,40,37,2,3,0
4453,2019-06-28,2019,6,28,4,0,3,13,16,33,41,10,106,21.2,3,41,38,4,1,1
4454,2019-07-02,2019,7,2,1,0,16,29,43,44,47,15,179,35.8,16,47,31,3,2,0
4455,2019-07-05,2019,7,5,4,0,28,37,39,46,47,12,197,39.4,28,47,19,3,2,1
4456,2019-07-09,2019,7,9,1,0,9,12,28,44,49,13,142,28.4,9,49,40,2,3,0
4457,2019-07-12,2019,7,12,4,0,29,35,46,47,48,17,205,41.0,29,48,19,3,2,0
4458,2019-07-16,2019,7,16,1,0,3,5,20,23,40,14,91,18.2,3,40,37,3,2,1
4459,2019-07-19,2019,7,19,4,0,3,12,13,20,41,16,89,17.8,3,41,38,3,2,1
4460,2019-07-23,2019,7,23,1,0,4,6,35,45,48,20,138,27.6,4,48,44,2,3,1
4461,2019-07-26,2019,7,26,4,0,4,17,19,43,48,7,131,26.2,4,48,44,3,2,0
4462,2019-07-30,2019,7,30,1,0,1,14,29,32,38,18,114,22.8,1,38,37,2,3,1
4463,2019-08-02,2019,8,2,4,0,5,31,45,46,47,5,174,34.8,5,47,42,4,1,0
4464,2019-08-06,2019,8,6,1,0,6,8,15,30,37,20,96,19.2,6,37,31,2,3,1
4465,2019-08-09,2019,8,9,4,0,2,18,34,37,48,3,139,27.8,2,48,46,1,4,0
4466,2019-08-13,2019,8,13,1,0,5,16,17,25,38,2,101,20.2,5,38,33,3,2,1
4467,2019-08-16,2019,8,16,4,0,3,10,14,31,41,9,99,19.8,3,41,38,3,2,0
4468,2019-08-20,2019,8,20,1,0,11,19,20,39,41,9,130,26.0,11,41,30,4,1,0
4469,2019-08-23,2019,8,23,4,0,8,9,15,20,24,14,76,15.2,8,24,16,2,3,1
4470,2019-08-27,2019,8,27,1,0,4,5,9,10,11,13,39,7.8,4,11,7,3,2,0
4471,2019-08-30,2019,8,30,4,0,8,14,36,40,47,2,145,29.0,8,47,39,1,4,1
4472,2019-09-03,2019,9,3,1,0,6,11,16,31,34,19,98,19.6,6,34,28,2,3,0
4473,2019-09-06,2019,9,6,4,0,2,20,25,40,49,20,136,27.2,2,49,47,2,3,1
4474,2019-09-10,2019,9,10,1,0,10,15,24,28,50,5,127,25.4,10,50,40,1,4,0
4475,2019-09-13,2019,9,13,4,0,8,9,10,11,42,9,80,16.0,8,42,34,2,3,0
4476,2019-09-17,2019,9,17,1,0,13,21,23,35,49,8,141,28.2,13,49,36,5,0,1
4477,2019-09-20,2019,9,20,4,0,9,16,22,29,35,6,111,22.2,9,35,26,3,2,1
4478,2019-09-24,2019,9,24,1,0,6,34,35,36,46,12,157,31.4,6,46,40,1,4,1
4479,2019-09-27,2019,9,27,4,0,14,16,18,22,39,15,109,21.8,14,39,25,1,4,0
4480,2019-10-01,2019,10,1,1,0,3,9,29,32,50,7,123,24.6,3,50,47,3,2,0
4481,2019-10-04,2019,10,4,4,0,4,5,23,29,31,17,92,18.4,4,31,27,4,1,0
4482,2019-10-08,2019,10,8,1,0,4,15,36,37,50,17,142,28.4,4,50,46,2,3,0
4483,2019-10-11,2019,10,11,4,0,15,16,17,26,43,10,117,23.4,15,43,28,3,2,1
4484,2019-10-15,2019,10,15,1,0,10,34,36,39,50,6,169,33.8,10,50,40,1,4,1
4485,2019-10-18,2019,10,18,4,0,15,21,31,34,44,2,145,29.0,15,44,29,3,2,1
4486,2019-10-22,2019,10,22,1,0,3,22,31,35,48,16,139,27.8,3,48,45,3,2,1
4487,2019-10-25,2019,10,25,4,0,2,21,29,37,49,9,138,27.6,2,49,47,4,1,0
4488,2019-10-29,2019,10,29,1,0,8,29,38,41,50,2,166,33.2,8,50,42,2,3,1
4489,2019-11-01,2019,11,1,4,0,13,25,29,43,47,12,157,31.4,13,47,34,5,0,1
4490,2019-11-05,2019,11,5,1,0,4,7,18,27,37,8,93,18.6,4,37,33,3,2,1
4491,2019-11-08,2019,11,8,4,0,5,18,27,37,45,12,132,26.4,5,45,40,4,1,1
4492,2019-11-12,2019,11,12,1,0,3,5,10,11,25,10,54,10.8,3,25,22,4,1,1
4493,2019-11-15,2019,11,15,4,0,13,15,31,37,49,13,145,29.0,13,49,36,5,0,0
4494,2019-11-19,2019,11,19,1,0,3,4,16,43,44,10,110,22.0,3,44,41,2,3,1
4495,2019-11-22,2019,11,22,4,0,5,17,18,20,26,7,86,17.2,5,26,21,2,3,0
4496,2019-11-26,2019,11,26,1,0,2,8,11,13,32,3,66,13.2,2,32,30,2,3,0
4497,2019-11-29,2019,11,29,4,0,6,11,21,25,49,12,112,22.4,6,49,43,4,1,1
4498,2019-12-03,2019,12,3,1,0,5,6,15,23,45,6,94,18.8,5,45,40,4,1,1
4499,2019-12-06,2019,12,6,4,0,12,19,33,34,49,8,147,29.4,12,49,37,3,2,1
4500,2019-12-10,2019,12,10,1,0,18,21,24,40,50,17,153,30.6,18,50,32,1,4,0
4501,2019-12-13,2019,12,13,4,0,1,9,13,25,34,10,82,16.4,1,34,33,4,1,1
4502,2019-12-17,2019,12,17,1,0,15,27,33,38,48,1,161,32.2,15,48,33,3,2,0
4503,2019-12-20,2019,12,20,4,0,8,10,22,36,40,20,116,23.2,8,40,32,0,5,1
4504,2019-12-24,2019,12,24,1,0,14,18,29,41,46,6,148,29.6,14,46,32,2,3,1
4505,2019-12-27,2019,12,27,4,0,4,13,34,36,38,4,125,25.0,4,38,34,1,4,1
4506,2019-12-31,2019,12,31,1,0,22,31,44,49,50,8,196,39.2,22,50,28,2,3,1
4507,2020-01-03,2020,1,3,4,0,8,9,18,43,50,12,128,25.6,8,50,42,2,3,1
4508,2020-01-07,2020,1,7,1,0,4,8,18,35,49,10,114,22.8,4,49,45,2,3,1
4509,2020-01-10,2020,1,10,4,0,23,25,28,30,40,13,146,29.2,23,40,17,2,3,0
4510,2020-01-14,2020,1,14,1,0,9,10,11,32,43,15,105,21.0,9,43,34,3,2,0
4511,2020-01-17,2020,1,17,4,0,7,8,18,26,31,16,90,18.0,7,31,24,2,3,1
4512,2020-01-21,2020,1,21,1,0,14,18,32,42,49,17,155,31.0,14,49,35,1,4,0
4513,2020-01-24,2020,1,24,4,0,5,11,26,48,49,12,139,27.8,5,49,44,3,2,1
4514,2020-01-28,2020,1,28,1,0,14,18,31,36,49,9,148,29.6,14,49,35,2,3,0
4515,2020-01-31,2020,1,31,4,0,11,14,18,29,34,15,106,21.2,11,34,23,2,3,0
4516,2020-02-04,2020,2,4,1,0,3,15,23,37,45,18,123,24.6,3,45,42,5,0,1
4517,2020-02-07,2020,2,7,4,0,2,4,29,38,47,1,120,24.0,2,47,45,2,3,0
4518,2020-02-11,2020,2,11,1,0,9,22,40,43,46,1,160,32.0,9,46,37,2,3,0
4519,2020-02-14,2020,2,14,4,0,2,19,40,49,50,6,160,32.0,2,50,48,2,3,1
4520,2020-02-18,2020,2,18,1,0,14,17,20,36,49,2,136,27.2,14,49,35,2,3,1
4521,2020-02-21,2020,2,21,4,0,4,18,30,34,36,20,122,24.4,4,36,32,0,5,1
4522,2020-02-25,2020,2,25,1,0,4,10,17,26,31,11,88,17.6,4,31,27,2,3,0
4523,2020-02-28,2020,2,28,4,0,1,31,37,49,50,2,168,33.6,1,50,49,4,1,1
4524,2020-03-03,2020,3,3,1,0,11,17,18,27,44,8,117,23.4,11,44,33,3,2,1
4525,2020-03-06,2020,3,6,4,0,6,23,26,28,47,6,130,26.0,6,47,41,2,3,1
4526,2020-03-10,2020,3,10,1,0,6,8,24,25,50,10,113,22.6,6,50,44,1,4,1
4527,2020-03-13,2020,3,13,4,0,5,6,12,22,50,11,95,19.0,5,50,45,1,4,0
4528,2020-03-17,2020,3,17,1,0,16,29,34,38,49,14,166,33.2,16,49,33,2,3,1
4529,2020-03-20,2020,3,20,4,0,4,9,16,21,36,14,86,17.2,4,36,32,2,3,1
4530,2020-03-24,2020,3,24,1,0,4,12,41,45,46,5,148,29.6,4,46,42,2,3,0
4531,2020-03-27,2020,3,27,4,0,3,8,18,38,45,3,112,22.4,3,45,42,2,3,0
4532,2020-03-31,2020,3,31,1,0,14,20,28,43,49,5,154,30.8,14,49,35,2,3,0
4533,2020-04-03,2020,4,3,4,0,9,10,29,32,45,9,125,25.0,9,45,36,3,2,0
4534,2020-04-07,2020,4,7,1,0,4,13,32,34,42,9,125,25.0,4,42,38,1,4,0
4535,2020-04-10,2020,4,10,4,0,7,14,22,24,41,16,108,21.6,7,41,34,2,3,1
4536,2020-04-14,2020,4,14,1,0,6,11,25,31,46,9,119,23.8,6,46,40,3,2,0
4537,2020-04-17,2020,4,17,4,0,16,19,20,23,25,10,103,20.6,16,25,9,3,2,1
4538,2020-04-21,2020,4,21,1,0,8,13,21,46,50,13,138,27.6,8,50,42,2,3,0
4539,2020-04-24,2020,4,24,4,0,10,12,22,42,50,18,136,27.2,10,50,40,0,5,1
4540,2020-04-28,2020,4,28,1,0,6,12,32,36,45,4,131,26.2,6,45,39,1,4,1
4541,2020-05-01,2020,5,1,4,0,12,20,43,48,49,6,172,34.4,12,49,37,2,3,1
4542,2020-05-05,2020,5,5,1,0,6,22,41,46,49,3,164,32.8,6,49,43,2,3,0
4543,2020-05-08,2020,5,8,4,0,12,21,30,35,45,18,143,28.6,12,45,33,3,2,1
4544,2020-05-12,2020,5,12,1,0,6,22,34,44,45,11,151,30.2,6,45,39,1,4,0
4545,2020-05-15,2020,5,15,4,0,5,7,13,19,47,4,91,18.2,5,47,42,5,0,1
4546,2020-05-19,2020,5,19,1,0,9,15,19,36,44,10,123,24.6,9,44,35,3,2,1
4547,2020-05-22,2020,5,22,4,0,9,10,24,41,45,15,129,25.8,9,45,36,3,2,0
4548,2020-05-26,2020,5,26,1,0,15,25,34,39,42,4,155,31.0,15,42,27,3,2,1
4549,2020-05-29,2020,5,29,4,0,4,27,30,34,45,20,140,28.0,4,45,41,2,3,1
4550,2020-06-02,2020,6,2,1,0,5,15,29,41,46,14,136,27.2,5,46,41,4,1,1
4551,2020-06-05,2020,6,5,4,0,14,23,28,40,48,3,153,30.6,14,48,34,1,4,0
4552,2020-06-09,2020,6,9,1,0,5,37,43,49,50,3,184,36.8,5,50,45,4,1,0
4553,2020-06-12,2020,6,12,4,0,9,27,38,43,48,15,165,33.0,9,48,39,3,2,0
4554,2020-06-16,2020,6,16,1,0,4,26,27,29,41,15,127,25.4,4,41,37,3,2,0
4555,2020-06-19,2020,6,19,4,0,21,28,29,33,48,7,159,31.8,21,48,27,3,2,0
4556,2020-06-23,2020,6,23,1,0,2,7,16,36,47,18,108,21.6,2,47,45,2,3,1
4557,2020-06-26,2020,6,26,4,0,11,20,21,34,50,7,136,27.2,11,50,39,2,3,0
4558,2020-06-30,2020,6,30,1,0,2,11,27,36,39,3,115,23.0,2,39,37,3,2,0
4559,2020-07-03,2020,7,3,4,0,2,7,15,25,41,1,90,18.0,2,41,39,4,1,0
4560,2020-07-07,2020,7,7,1,0,2,7,13,20,45,18,87,17.4,2,45,43,3,2,1
4561,2020-07-10,2020,7,10,4,0,11,16,44,46,50,1,167,33.4,11,50,39,1,4,0
4562,2020-07-14,2020,7,14,1,0,20,21,28,48,49,3,166,33.2,20,49,29,2,3,0
4563,2020-07-17,2020,7,17,4,0,12,15,24,30,38,6,119,23.8,12,38,26,1,4,1
4564,2020-07-21,2020,7,21,1,0,17,20,22,32,41,3,132,26.4,17,41,24,2,3,0
4565,2020-07-24,2020,7,24,4,0,4,6,11,27,34,10,82,16.4,4,34,30,2,3,1
4566,2020-07-28,2020,7,28,1,0,3,28,30,38,40,8,139,27.8,3,40,37,1,4,1
4567,2020-07-31,2020,7,31,4,0,6,18,30,46,48,11,148,29.6,6,48,42,0,5,0
4568,2020-08-04,2020,8,4,1,0,4,28,34,38,47,16,151,30.2,4,47,43,1,4,1
4569,2020-08-07,2020,8,7,4,0,11,30,42,45,48,12,176,35.2,11,48,37,2,3,1
4570,2020-08-11,2020,8,11,1,0,27,29,39,40,42,6,177,35.4,27,42,15,3,2,1
4571,2020-08-14,2020,8,14,4,0,10,11,16,25,30,1,92,18.4,10,30,20,2,3,0
4572,2020-08-18,2020,8,18,1,0,6,22,30,39,49,2,146,29.2,6,49,43,2,3,1
4573,2020-08-21,2020,8,21,4,0,13,32,33,40,41,1,159,31.8,13,41,28,3,2,0
4574,2020-08-25,2020,8,25,1,0,7,20,32,34,48,1,141,28.2,7,48,41,1,4,0
4575,2020-08-28,2020,8,28,4,0,8,10,17,44,45,12,124,24.8,8,45,37,2,3,1
4576,2020-09-01,2020,9,1,1,0,16,21,22,36,39,5,134,26.8,16,39,23,2,3,0
4577,2020-09-04,2020,9,4,4,0,2,3,11,12,43,13,71,14.2,2,43,41,3,2,0
4578,2020-09-08,2020,9,8,1,0,12,13,14,36,50,6,125,25.0,12,50,38,1,4,1
4579,2020-09-11,2020,9,11,4,0,1,4,10,12,49,18,76,15.2,1,49,48,2,3,1
4580,2020-09-15,2020,9,15,1,0,3,18,32,40,46,7,139,27.8,3,46,43,1,4,0
4581,2020-09-18,2020,9,18,4,0,8,19,24,29,44,8,124,24.8,8,44,36,2,3,1
4582,2020-09-22,2020,9,22,1,0,3,10,28,31,41,7,113,22.6,3,41,38,3,2,0
4583,2020-09-25,2020,9,25,4,0,2,17,18,27,37,4,101,20.2,2,37,35,3,2,1
4584,2020-09-29,2020,9,29,1,0,7,12,16,28,38,13,101,20.2,7,38,31,1,4,0
4585,2020-10-02,2020,10,2,4,0,8,10,23,41,50,9,132,26.4,8,50,42,2,3,0
4586,2020-10-06,2020,10,6,1,0,6,21,25,29,33,9,114,22.8,6,33,27,4,1,0
4587,2020-10-09,2020,10,9,4,0,8,21,38,41,50,4,158,31.6,8,50,42,2,3,1
4588,2020-10-13,2020,10,13,1,0,13,15,20,27,28,7,103,20.6,13,28,15,3,2,0
4589,2020-10-16,2020,10,16,4,0,1,7,18,37,48,13,111,22.2,1,48,47,3,2,0
4590,2020-10-20,2020,10,20,1,0,15,20,29,32,45,4,141,28.2,15,45,30,3,2,1
4591,2020-10-23,2020,10,23,4,0,3,6,36,41,43,17,129,25.8,3,43,40,3,2,0
4592,2020-10-27,2020,10,27,1,0,19,25,41,45,46,12,176,35.2,19,46,27,4,1,1
4593,2020-10-30,2020,10,30,4,0,4,27,36,46,49,16,162,32.4,4,49,45,2,3,1
4594,2020-11-03,2020,11,3,1,0,1,2,25,36,39,12,103,20.6,1,39,38,3,2,1
4595,2020-11-06,2020,11,6,4,0,6,9,33,40,44,11,132,26.4,6,44,38,2,3,0
4596,2020-11-10,2020,11,10,1,0,6,23,30,35,36,14,130,26.0,6,36,30,2,3,1
4597,2020-11-13,2020,11,13,4,0,1,11,16,19,24,19,71,14.2,1,24,23,3,2,0
4598,2020-11-17,2020,11,17,1,0,11,12,36,37,38,12,134,26.8,11,38,27,2,3,1
4599,2020-11-20,2020,11,20,4,0,7,10,13,22,50,12,102,20.4,7,50,43,2,3,1
4600,2020-11-24,2020,11,24,1,0,13,15,30,43,47,18,148,29.6,13,47,34,4,1,1
4601,2020-11-27,2020,11,27,4,0,13,29,34,36,49,18,161,32.2,13,49,36,3,2,1
4602,2020-12-01,2020,12,1,1,0,5,6,7,8,9,10,35,7.0,5,9,4,3,2,1
4603,2020-12-04,2020,12,4,4,0,13,15,24,30,50,9,132,26.4,13,50,37,2,3,0
4604,2020-12-08,2020,12,8,1,0,6,16,35,37,40,2,134,26.8,6,40,34,2,3,1
4605,2020-12-11,2020,12,11,4,0,13,18,25,36,49,19,141,28.2,13,49,36,3,2,0
4606,2020-12-15,2020,12,15,1,0,3,7,13,34,50,6,107,21.4,3,50,47,3,2,1
4607,2020-12-18,2020,12,18,4,0,20,22,24,28,47,14,141,28.2,20,47,27,1,4,1
4608,2020-12-22,2020,12,22,1,0,9,12,15,27,42,14,105,21.0,9,42,33,3,2,1
4609,2020-12-29,2020,12,29,1,0,15,17,24,28,30,19,114,22.8,15,30,15,2,3,0
4610,2021-01-01,2021,1,1,4,0,1,7,24,30,44,1,106,21.2,1,44,43,2,3,0
4611,2021-01-05,2021,1,5,1,0,4,17,42,46,48,14,157,31.4,4,48,44,1,4,1
4612,2021-01-08,2021,1,8,4,0,11,16,28,32,41,6,128,25.6,11,41,30,2,3,1
4613,2021-01-12,2021,1,12,1,0,11,13,28,36,37,15,125,25.0,11,37,26,3,2,0
4614,2021-01-15,2021,1,15,4,0,24,31,40,45,48,20,188,37.6,24,48,24,2,3,1
4615,2021-01-19,2021,1,19,1,0,13,16,28,42,45,11,144,28.8,13,45,32,2,3,0
4616,2021-01-22,2021,1,22,4,0,11,14,36,37,44,19,142,28.4,11,44,33,2,3,0
4617,2021-01-26,2021,1,26,1,0,4,8,12,15,19,17,58,11.6,4,19,15,2,3,0
4618,2021-01-29,2021,1,29,4,0,2,11,16,22,47,19,98,19.6,2,47,45,2,3,0
4619,2021-02-02,2021,2,2,1,0,6,13,22,34,49,10,124,24.8,6,49,43,2,3,1
4620,2021-02-05,2021,2,5,4,0,8,16,19,20,50,18,113,22.6,8,50,42,1,4,1
4621,2021-02-09,2021,2,9,1,0,4,7,15,30,32,10,88,17.6,4,32,28,2,3,1
4622,2021-02-12,2021,2,12,4,0,3,15,35,39,41,5,133,26.6,3,41,38,5,0,0
4623,2021-02-16,2021,2,16,1,0,5,18,31,36,45,8,135,27.0,5,45,40,3,2,1
4624,2021-02-19,2021,2,19,4,0,3,17,20,25,47,3,112,22.4,3,47,44,4,1,0
4625,2021-02-23,2021,2,23,1,0,8,13,25,32,42,16,120,24.0,8,42,34,2,3,1
4626,2021-02-26,2021,2,26,4,0,1,3,7,41,44,11,96,19.2,1,44,43,4,1,0
4627,2021-03-02,2021,3,2,1,0,1,11,21,32,42,11,107,21.4,1,42,41,3,2,0
4628,2021-03-05,2021,3,5,4,0,6,15,39,40,48,17,148,29.6,6,48,42,2,3,0
4629,2021-03-09,2021,3,9,1,0,28,30,36,37,41,7,172,34.4,28,41,13,2,3,0
4630,2021-03-12,2021,3,12,4,0,7,15,29,34,39,2,124,24.8,7,39,32,4,1,1
4631,2021-03-16,2021,3,16,1,0,11,20,21,32,36,18,120,24.0,11,36,25,2,3,1
4632,2021-03-19,2021,3,19,4,0,5,16,27,32,46,18,126,25.2,5,46,41,2,3,1
4633,2021-03-23,2021,3,23,1,0,7,9,10,18,34,16,78,15.6,7,34,27,2,3,1
4634,2021-03-26,2021,3,26,4,0,5,25,27,42,47,15,146,29.2,5,47,42,4,1,0
4635,2021-03-30,2021,3,30,1,0,7,16,24,25,38,9,110,22.0,7,38,31,2,3,0
4636,2021-04-02,2021,4,2,4,0,4,8,15,25,26,17,78,15.6,4,26,22,2,3,0
4637,2021-04-06,2021,4,6,1,0,3,13,21,42,45,8,124,24.8,3,45,42,4,1,1
4638,2021-04-09,2021,4,9,4,0,18,31,39,45,46,17,179,35.8,18,46,28,3,2,0
4639,2021-04-13,2021,4,13,1,0,6,8,22,31,42,15,109,21.8,6,42,36,1,4,0
4640,2021-04-16,2021,4,16,4,0,2,5,12,25,49,20,93,18.6,2,49,47,3,2,1
4641,2021-04-20,2021,4,20,1,0,3,5,12,32,49,19,101,20.2,3,49,46,3,2,0
4642,2021-04-23,2021,4,23,4,0,5,14,19,30,35,12,103,20.6,5,35,30,3,2,1
4643,2021-04-27,2021,4,27,1,0,1,8,22,29,49,18,109,21.8,1,49,48,3,2,1
4644,2021-04-30,2021,4,30,4,0,6,12,22,38,45,4,123,24.6,6,45,39,1,4,1
4645,2021-05-04,2021,5,4,1,0,3,9,17,25,39,13,93,18.6,3,39,36,5,0,0
4646,2021-05-07,2021,5,7,4,0,4,7,19,20,49,19,99,19.8,4,49,45,3,2,0
4647,2021-05-11,2021,5,11,1,0,4,10,17,29,38,20,98,19.6,4,38,34,2,3,1
4648,2021-05-14,2021,5,14,4,0,3,16,28,31,48,11,126,25.2,3,48,45,2,3,0
4649,2021-05-18,2021,5,18,1,0,4,11,30,35,45,12,125,25.0,4,45,41,3,2,1
4650,2021-05-21,2021,5,21,4,0,19,21,24,45,50,5,159,31.8,19,50,31,3,2,0
4651,2021-05-25,2021,5,25,1,0,3,4,8,25,44,15,84,16.8,3,44,41,2,3,0
4652,2021-05-28,2021,5,28,4,0,31,33,36,38,44,4,182,36.4,31,44,13,2,3,1
4653,2021-06-01,2021,6,1,1,0,3,5,23,37,42,11,110,22.0,3,42,39,4,1,0
4654,2021-06-04,2021,6,4,4,0,17,34,37,39,44,10,171,34.2,17,44,27,3,2,1
4655,2021-06-08,2021,6,8,1,0,1,3,17,28,50,7,99,19.8,1,50,49,3,2,0
4656,2021-06-11,2021,6,11,4,0,9,12,27,37,48,7,133,26.6,9,48,39,3,2,0
4657,2021-06-15,2021,6,15,1,0,13,23,24,27,44,10,131,26.2,13,44,31,3,2,1
4658,2021-06-18,2021,6,18,4,0,3,8,19,28,49,11,107,21.4,3,49,46,3,2,0
4659,2021-06-22,2021,6,22,1,0,3,11,24,33,41,16,112,22.4,3,41,38,4,1,1
4660,2021-06-25,2021,6,25,4,0,4,16,34,36,46,6,136,27.2,4,46,42,0,5,1
4661,2021-06-29,2021,6,29,1,0,6,35,41,43,45,4,170,34.0,6,45,39,4,1,1
4662,2021-07-02,2021,7,2,4,0,20,30,34,38,43,7,165,33.0,20,43,23,1,4,0
4663,2021-07-06,2021,7,6,1,0,1,16,18,26,39,8,100,20.0,1,39,38,2,3,1
4664,2021-07-09,2021,7,9,4,0,3,12,29,31,38,15,113,22.6,3,38,35,3,2,0
4665,2021-07-13,2021,7,13,1,0,2,28,29,38,42,2,139,27.8,2,42,40,1,4,1
4666,2021-07-16,2021,7,16,4,0,20,22,25,41,45,5,153,30.6,20,45,25,3,2,0
4667,2021-07-20,2021,7,20,1,0,7,32,33,40,42,6,154,30.8,7,42,35,2,3,1
4668,2021-07-23,2021,7,23,4,0,21,45,47,48,49,18,210,42.0,21,49,28,4,1,1
4669,2021-07-27,2021,7,27,1,0,5,12,15,28,29,14,89,17.8,5,29,24,3,2,1
4670,2021-07-30,2021,7,30,4,0,4,12,27,35,50,1,128,25.6,4,50,46,2,3,0
4671,2021-08-03,2021,8,3,1,0,8,16,18,30,34,4,106,21.2,8,34,26,0,5,1
4672,2021-08-06,2021,8,6,4,0,7,13,18,20,25,6,83,16.6,7,25,18,3,2,1
4673,2021-08-10,2021,8,10,1,0,1,4,12,13,33,6,63,12.6,1,33,32,3,2,1
4674,2021-08-13,2021,8,13,4,0,5,23,41,42,50,2,161,32.2,5,50,45,3,2,1
4675,2021-08-17,2021,8,17,1,0,10,18,23,30,48,1,129,25.8,10,48,38,1,4,0
4676,2021-08-20,2021,8,20,4,0,6,21,33,37,50,18,147,29.4,6,50,44,3,2,1
4677,2021-08-24,2021,8,24,1,0,21,23,34,35,41,9,154,30.8,21,41,20,4,1,0
4678,2021-08-27,2021,8,27,4,0,6,10,11,45,47,13,119,23.8,6,47,41,3,2,0
4679,2021-08-31,2021,8,31,1,0,9,10,35,42,48,20,144,28.8,9,48,39,2,3,1
4680,2021-09-03,2021,9,3,4,0,2,9,18,42,43,8,114,22.8,2,43,41,2,3,1
4681,2021-09-07,2021,9,7,1,0,2,11,13,19,40,2,85,17.0,2,40,38,3,2,1
4682,2021-09-10,2021,9,10,4,0,8,12,17,28,43,13,108,21.6,8,43,35,2,3,0
4683,2021-09-14,2021,9,14,1,0,16,18,23,31,35,10,123,24.6,16,35,19,3,2,1
4684,2021-09-17,2021,9,17,4,0,8,10,17,26,39,14,100,20.0,8,39,31,2,3,1
4685,2021-09-21,2021,9,21,1,0,18,26,41,44,47,4,176,35.2,18,47,29,2,3,1
4686,2021-09-24,2021,9,24,4,0,14,17,24,31,43,15,129,25.8,14,43,29,3,2,0
4687,2021-09-28,2021,9,28,1,0,13,15,20,28,29,15,105,21.0,13,29,16,3,2,0
4688,2021-10-01,2021,10,1,4,0,24,25,38,40,49,2,176,35.2,24,49,25,2,3,1
4689,2021-10-05,2021,10,5,1,0,2,13,20,42,47,3,124,24.8,2,47,45,2,3,0
4690,2021-10-08,2021,10,8,4,0,4,14,18,24,38,9,98,19.6,4,38,34,0,5,0
4691,2021-10-12,2021,10,12,1,0,23,30,32,36,39,12,160,32.0,23,39,16,2,3,1
4692,2021-10-15,2021,10,15,4,0,15,30,44,45,48,15,182,36.4,15,48,33,2,3,0
4693,2021-10-19,2021,10,19,1,0,15,19,21,24,41,2,120,24.0,15,41,26,4,1,1
4694,2021-10-22,2021,10,22,4,0,3,8,17,40,47,13,115,23.0,3,47,44,3,2,0
4695,2021-10-26,2021,10,26,1,0,8,15,19,27,49,4,118,23.6,8,49,41,4,1,1
4696,2021-10-29,2021,10,29,4,0,29,42,45,47,49,8,212,42.4,29,49,20,4,1,1
4697,2021-11-02,2021,11,2,1,0,11,24,25,26,38,20,124,24.8,11,38,27,2,3,1
4698,2021-11-05,2021,11,5,4,0,9,15,38,40,42,2,144,28.8,9,42,33,2,3,1
4699,2021-11-09,2021,11,9,1,0,13,15,32,43,44,3,147,29.4,13,44,31,3,2,0
4700,2021-11-12,2021,11,12,4,0,2,24,27,41,49,17,143,28.6,2,49,47,3,2,0
4701,2021-11-16,2021,11,16,1,0,8,9,36,42,50,4,145,29.0,8,50,42,1,4,1
4702,2021-11-19,2021,11,19,4,0,4,16,39,40,50,9,149,29.8,4,50,46,1,4,0
4703,2021-11-23,2021,11,23,1,0,3,18,21,24,28,1,94,18.8,3,28,25,2,3,0
4704,2021-11-26,2021,11,26,4,0,5,7,11,19,38,14,80,16.0,5,38,33,4,1,1
4705,2021-11-30,2021,11,30,1,0,2,17,22,31,35,4,107,21.4,2,35,33,3,2,1
4706,2021-12-03,2021,12,3,4,0,9,19,20,30,31,10,109,21.8,9,31,22,3,2,1
4707,2021-12-07,2021,12,7,1,0,4,7,17,19,23,14,70,14.0,4,23,19,4,1,1
4708,2021-12-10,2021,12,10,4,0,23,24,27,48,49,3,171,34.2,23,49,26,3,2,0
4709,2021-12-14,2021,12,14,1,0,5,19,30,37,43,16,134,26.8,5,43,38,4,1,1
4710,2021-12-17,2021,12,17,4,0,19,28,34,38,48,4,167,33.4,19,48,29,1,4,1
4711,2021-12-21,2021,12,21,1,0,13,35,46,47,50,5,191,38.2,13,50,37,3,2,0
4712,2021-12-24,2021,12,24,4,0,6,10,11,29,41,16,97,19.4,6,41,35,3,2,1
4713,2021-12-28,2021,12,28,1,0,2,13,16,49,50,18,130,26.0,2,50,48,2,3,1
4714,2021-12-31,2021,12,31,4,0,27,30,33,38,49,5,177,35.4,27,49,22,3,2,0
4715,2022-01-04,2022,1,4,1,0,3,19,38,45,46,19,151,30.2,3,46,43,3,2,0
4716,2022-01-07,2022,1,7,4,0,10,12,37,42,43,2,144,28.8,10,43,33,2,3,1
4717,2022-01-11,2022,1,11,1,0,20,23,27,38,45,17,153,30.6,20,45,25,3,2,0
4718,2022-01-14,2022,1,14,4,0,12,22,26,29,49,20,138,27.6,12,49,37,2,3,1
4719,2022-01-18,2022,1,18,1,0,9,36,44,45,46,16,180,36.0,9,46,37,2,3,1
4720,2022-01-21,2022,1,21,4,0,10,14,19,34,37,12,114,22.8,10,37,27,2,3,1
4721,2022-01-25,2022,1,25,1,0,3,11,29,32,36,8,111,22.2,3,36,33,3,2,1
4722,2022-01-28,2022,1,28,4,0,1,12,21,26,48,18,108,21.6,1,48,47,2,3,1
4723,2022-02-01,2022,2,1,1,0,31,33,37,40,43,1,184,36.8,31,43,12,4,1,0
4724,2022-02-04,2022,2,4,4,0,2,10,11,23,24,11,70,14.0,2,24,22,2,3,0
4725,2022-02-08,2022,2,8,1,0,1,4,14,39,49,13,107,21.4,1,49,48,3,2,0
4726,2022-02-11,2022,2,11,4,0,9,18,34,36,49,12,146,29.2,9,49,40,2,3,1
4727,2022-02-15,2022,2,15,1,0,2,9,26,27,32,17,96,19.2,2,32,30,2,3,0
4728,2022-02-18,2022,2,18,4,0,2,15,31,47,48,15,143,28.6,2,48,46,3,2,0
4729,2022-02-22,2022,2,22,1,0,18,29,31,32,49,1,159,31.8,18,49,31,3,2,0
4730,2022-02-25,2022,2,25,4,0,6,12,26,40,45,1,129,25.8,6,45,39,1,4,0
4731,2022-03-01,2022,3,1,1,0,4,15,26,38,39,19,122,24.4,4,39,35,2,3,0
4732,2022-03-04,2022,3,4,4,0,9,17,33,46,49,5,154,30.8,9,49,40,4,1,0
4733,2022-03-08,2022,3,8,1,0,8,14,21,40,43,5,126,25.2,8,43,35,2,3,0
4734,2022-03-11,2022,3,11,4,0,5,11,24,37,47,2,124,24.8,5,47,42,4,1,1
4735,2022-03-15,2022,3,15,1,0,19,24,37,38,41,16,159,31.8,19,41,22,3,2,1
4736,2022-03-18,2022,3,18,4,0,3,12,15,19,22,8,71,14.2,3,22,19,3,2,1
4737,2022-03-22,2022,3,22,1,0,20,30,35,43,48,19,176,35.2,20,48,28,2,3,0
4738,2022-03-25,2022,3,25,4,0,15,28,32,43,50,17,168,33.6,15,50,35,2,3,0
4739,2022-03-29,2022,3,29,1,0,1,20,35,42,46,2,144,28.8,1,46,45,2,3,1
4740,2022-04-01,2022,4,1,4,0,11,17,21,37,47,7,133,26.6,11,47,36,5,0,0
4741,2022-04-05,2022,4,5,1,0,18,36,38,42,50,17,184,36.8,18,50,32,0,5,0
4742,2022-04-08,2022,4,8,4,0,7,12,13,16,38,16,86,17.2,7,38,31,2,3,1
4743,2022-04-12,2022,4,12,1,0,11,15,28,34,42,5,130,26.0,11,42,31,2,3,0
4744,2022-04-15,2022,4,15,4,0,4,10,12,35,39,4,100,20.0,4,39,35,2,3,1
4745,2022-04-19,2022,4,19,1,0,12,25,26,28,43,8,134,26.8,12,43,31,2,3,1
4746,2022-04-22,2022,4,22,4,0,13,20,30,38,42,9,143,28.6,13,42,29,1,4,0
4747,2022-04-26,2022,4,26,1,0,2,20,38,43,46,9,149,29.8,2,46,44,1,4,0
4748,2022-04-29,2022,4,29,4,0,5,10,25,34,50,16,124,24.8,5,50,45,2,3,1
4749,2022-05-03,2022,5,3,1,0,24,26,35,39,44,20,168,33.6,24,44,20,2,3,1
4750,2022-05-06,2022,5,6,4,0,4,14,30,34,38,14,120,24.0,4,38,34,0,5,1
4751,2022-05-10,2022,5,10,1,0,22,38,42,48,49,16,199,39.8,22,49,27,1,4,1
4752,2022-05-13,2022,5,13,4,0,9,14,15,35,49,13,122,24.4,9,49,40,4,1,0
4753,2022-05-17,2022,5,17,1,0,15,24,32,35,46,11,152,30.4,15,46,31,2,3,0
4754,2022-05-20,2022,5,20,4,0,2,14,19,24,39,9,98,19.6,2,39,37,2,3,0
4755,2022-05-24,2022,5,24,1,0,7,16,21,22,32,12,98,19.6,7,32,25,2,3,1
4756,2022-05-27,2022,5,27,4,0,7,24,26,27,50,18,134,26.8,7,50,43,2,3,1
4757,2022-05-31,2022,5,31,1,0,1,5,17,24,33,13,80,16.0,1,33,32,4,1,0
4758,2022-06-03,2022,6,3,4,0,12,17,20,21,33,6,103,20.6,12,33,21,3,2,1
4759,2022-06-07,2022,6,7,1,0,4,7,35,41,46,4,133,26.6,4,46,42,3,2,1
4760,2022-06-10,2022,6,10,4,0,12,25,26,27,49,13,139,27.8,12,49,37,3,2,0
4761,2022-06-14,2022,6,14,1,0,5,23,26,46,48,16,148,29.6,5,48,43,2,3,1
4762,2022-06-17,2022,6,17,4,0,4,22,32,46,48,16,152,30.4,4,48,44,0,5,1
4763,2022-06-21,2022,6,21,1,0,2,6,18,40,50,16,116,23.2,2,50,48,0,5,1
4764,2022-06-24,2022,6,24,4,0,4,13,25,38,44,13,124,24.8,4,44,40,2,3,0
4765,2022-06-28,2022,6,28,1,0,9,12,28,29,50,13,128,25.6,9,50,41,2,3,0
4766,2022-07-01,2022,7,1,4,0,6,8,13,21,28,1,76,15.2,6,28,22,2,3,0
4767,2022-07-05,2022,7,5,1,0,13,14,16,18,31,19,92,18.4,13,31,18,2,3,0
4768,2022-07-08,2022,7,8,4,0,4,9,19,21,37,15,90,18.0,4,37,33,4,1,0
4769,2022-07-12,2022,7,12,1,0,1,17,21,47,48,15,134,26.8,1,48,47,4,1,0
4770,2022-07-15,2022,7,15,4,0,3,9,36,44,50,16,142,28.4,3,50,47,2,3,1
4771,2022-07-19,2022,7,19,1,0,14,18,29,46,47,16,154,30.8,14,47,33,2,3,1
4772,2022-07-22,2022,7,22,4,0,5,18,19,20,48,1,110,22.0,5,48,43,2,3,0
4773,2022-07-26,2022,7,26,1,0,4,6,9,41,50,13,110,22.0,4,50,46,2,3,0
4774,2022-07-29,2022,7,29,4,0,7,14,28,32,36,8,117,23.4,7,36,29,1,4,1
4775,2022-08-02,2022,8,2,1,0,13,14,20,43,45,1,135,27.0,13,45,32,3,2,0
4776,2022-08-05,2022,8,5,4,0,16,18,21,32,44,18,131,26.2,16,44,28,1,4,1
4777,2022-08-09,2022,8,9,1,0,6,26,39,42,43,1,156,31.2,6,43,37,2,3,0
4778,2022-08-12,2022,8,12,4,0,24,30,38,39,44,16,175,35.0,24,44,20,1,4,1
4779,2022-08-16,2022,8,16,1,0,21,33,40,42,48,2,184,36.8,21,48,27,2,3,1
4780,2022-08-19,2022,8,19,4,0,23,36,39,40,43,3,181,36.2,23,43,20,3,2,0
4781,2022-08-23,2022,8,23,1,0,10,11,17,29,40,15,107,21.4,10,40,30,3,2,0
4782,2022-08-26,2022,8,26,4,0,3,11,17,23,45,15,99,19.8,3,45,42,5,0,0
4783,2022-08-30,2022,8,30,1,0,1,7,10,27,35,17,80,16.0,1,35,34,4,1,0
4784,2022-09-02,2022,9,2,4,0,1,12,18,20,41,5,92,18.4,1,41,40,2,3,0
4785,2022-09-06,2022,9,6,1,0,2,8,26,31,34,5,101,20.2,2,34,32,1,4,0
4786,2022-09-09,2022,9,9,4,0,9,14,22,35,47,4,127,25.4,9,47,38,3,2,1
4787,2022-09-13,2022,9,13,1,0,1,10,11,20,33,11,75,15.0,1,33,32,3,2,0
4788,2022-09-16,2022,9,16,4,0,7,16,27,28,29,17,107,21.4,7,29,22,3,2,0
4789,2022-09-20,2022,9,20,1,0,13,16,23,45,47,17,144,28.8,13,47,34,4,1,0
4790,2022-09-23,2022,9,23,4,0,9,25,42,46,47,16,169,33.8,9,47,38,3,2,1
4791,2022-09-27,2022,9,27,1,0,4,32,39,40,46,6,161,32.2,4,46,42,1,4,1
4792,2022-09-30,2022,9,30,4,0,7,27,29,35,50,3,148,29.6,7,50,43,4,1,0
4793,2022-10-04,2022,10,4,1,0,23,24,27,38,41,2,153,30.6,23,41,18,3,2,1
4794,2022-10-07,2022,10,7,4,0,3,12,16,33,45,15,109,21.8,3,45,42,3,2,0
4795,2022-10-11,2022,10,11,1,0,2,12,25,29,34,16,102,20.4,2,34,32,2,3,1
4796,2022-10-14,2022,10,14,4,0,6,17,22,33,37,2,115,23.0,6,37,31,3,2,1
4797,2022-10-18,2022,10,18,1,0,6,7,14,29,48,13,104,20.8,6,48,42,2,3,0
4798,2022-10-21,2022,10,21,4,0,16,18,26,35,41,3,136,27.2,16,41,25,2,3,0
4799,2022-10-25,2022,10,25,1,0,20,23,27,39,46,6,155,31.0,20,46,26,3,2,1
4800,2022-10-28,2022,10,28,4,0,15,25,30,32,40,9,142,28.4,15,40,25,2,3,0
4801,2022-11-01,2022,11,1,1,0,3,6,22,29,47,19,107,21.4,3,47,44,3,2,0
4802,2022-11-04,2022,11,4,4,0,1,8,29,35,40,15,113,22.6,1,40,39,3,2,0
4803,2022-11-08,2022,11,8,1,0,7,8,9,10,17,17,51,10.2,7,17,10,3,2,0
4804,2022-11-11,2022,11,11,4,0,1,28,34,35,39,18,137,27.4,1,39,38,3,2,1
4805,2022-11-15,2022,11,15,1,0,5,7,16,36,41,2,105,21.0,5,41,36,3,2,1
4806,2022-11-18,2022,11,18,4,0,13,24,29,47,50,5,163,32.6,13,50,37,3,2,0
4807,2022-11-22,2022,11,22,1,0,5,18,21,37,38,19,119,23.8,5,38,33,3,2,0
4808,2022-11-25,2022,11,25,4,0,7,16,26,34,40,11,123,24.6,7,40,33,1,4,0
4809,2022-11-29,2022,11,29,1,0,4,6,8,33,38,5,89,17.8,4,38,34,1,4,0
4810,2022-12-02,2022,12,2,4,0,12,14,28,31,34,5,119,23.8,12,34,22,1,4,0
4811,2022-12-06,2022,12,6,1,0,1,9,10,47,50,11,117,23.4,1,50,49,3,2,0
4812,2022-12-09,2022,12,9,4,0,2,9,17,45,48,14,121,24.2,2,48,46,3,2,1
4813,2022-12-13,2022,12,13,1,0,16,23,36,43,46,17,164,32.8,16,46,30,2,3,0
4814,2022-12-16,2022,12,16,4,0,26,28,36,43,48,11,181,36.2,26,48,22,1,4,0
4815,2022-12-20,2022,12,20,1,0,4,9,19,24,29,2,85,17.0,4,29,25,3,2,1
4816,2022-12-23,2022,12,23,4,0,3,12,13,18,46,1,92,18.4,3,46,43,2,3,0
4817,2022-12-27,2022,12,27,1,0,3,19,24,28,45,12,119,23.8,3,45,42,3,2,1
4818,2022-12-30,2022,12,30,4,0,5,8,27,33,48,7,121,24.2,5,48,43,3,2,0
4819,2023-01-03,2023,1,3,1,0,2,21,33,39,42,11,137,27.4,2,42,40,3,2,0
4820,2023-01-06,2023,1,6,4,0,6,20,31,37,46,4,140,28.0,6,46,40,2,3,1
4821,2023-01-10,2023,1,10,1,0,8,22,27,37,50,9,144,28.8,8,50,42,2,3,0
4822,2023-01-13,2023,1,13,4,0,12,19,25,29,41,2,126,25.2,12,41,29,4,1,1
4823,2023-01-17,2023,1,17,1,0,1,9,37,38,39,5,124,24.8,1,39,38,4,1,0
4824,2023-01-20,2023,1,20,4,0,5,12,15,39,47,8,118,23.6,5,47,42,4,1,1
4825,2023-01-24,2023,1,24,1,0,3,10,32,40,48,2,133,26.6,3,48,45,1,4,1
4826,2023-01-27,2023,1,27,4,0,27,34,36,40,50,2,187,37.4,27,50,23,1,4,1
4827,2023-01-31,2023,1,31,1,0,12,14,17,29,50,20,122,24.4,12,50,38,2,3,1
4828,2023-02-03,2023,2,3,4,0,17,32,35,42,43,6,169,33.8,17,43,26,3,2,1
4829,2023-02-07,2023,2,7,1,0,3,4,23,32,49,8,111,22.2,3,49,46,3,2,1
4830,2023-02-10,2023,2,10,4,0,3,5,21,42,46,6,117,23.4,3,46,43,3,2,1
4831,2023-02-14,2023,2,14,1,0,8,14,18,21,49,11,110,22.0,8,49,41,2,3,0
4832,2023-02-17,2023,2,17,4,0,1,2,4,19,24,19,50,10.0,1,24,23,2,3,0
4833,2023-02-21,2023,2,21,1,0,10,18,22,36,48,2,134,26.8,10,48,38,0,5,1
4834,2023-02-24,2023,2,24,4,0,7,23,31,38,43,11,142,28.4,7,43,36,4,1,0
4835,2023-02-28,2023,2,28,1,0,2,14,21,22,40,19,99,19.8,2,40,38,1,4,0
4836,2023-03-03,2023,3,3,4,0,18,20,41,47,50,14,176,35.2,18,50,32,2,3,1
4837,2023-03-07,2023,3,7,1,0,8,14,15,27,49,16,113,22.6,8,49,41,3,2,1
4838,2023-03-10,2023,3,10,4,0,12,19,22,27,37,6,117,23.4,12,37,25,3,2,1
4839,2023-03-14,2023,3,14,1,0,8,20,29,42,44,16,143,28.6,8,44,36,1,4,1
4840,2023-03-17,2023,3,17,4,0,21,22,27,41,43,5,154,30.8,21,43,22,4,1,0
4841,2023-03-21,2023,3,21,1,0,7,22,28,34,41,10,132,26.4,7,41,34,2,3,1
4842,2023-03-24,2023,3,24,4,0,6,27,33,45,46,14,157,31.4,6,46,40,3,2,1
4843,2023-03-28,2023,3,28,1,0,10,22,27,42,49,19,150,30.0,10,49,39,2,3,0
4844,2023-03-31,2023,3,31,4,0,7,20,41,42,49,7,159,31.8,7,49,42,3,2,0
4845,2023-04-04,2023,4,4,1,0,15,18,29,33,35,12,130,26.0,15,35,20,4,1,1
4846,2023-04-07,2023,4,7,4,0,9,15,21,22,26,13,93,18.6,9,26,17,3,2,0
4847,2023-04-11,2023,4,11,1,0,4,30,38,43,49,19,164,32.8,4,49,45,2,3,0
4848,2023-04-14,2023,4,14,4,0,16,20,33,37,44,16,150,30.0,16,44,28,2,3,1
4849,2023-04-18,2023,4,18,1,0,3,5,8,15,25,16,56,11.2,3,25,22,4,1,1
4850,2023-04-21,2023,4,21,4,0,2,3,6,12,49,10,72,14.4,2,49,47,2,3,1
4851,2023-04-25,2023,4,25,1,0,10,12,13,23,47,16,105,21.0,10,47,37,3,2,1
4852,2023-04-28,2023,4,28,4,0,20,21,28,35,44,11,148,29.6,20,44,24,2,3,0
4853,2023-05-02,2023,5,2,1,0,13,16,17,41,43,18,130,26.0,13,43,30,4,1,1
4854,2023-05-05,2023,5,5,4,0,2,20,24,29,43,20,118,23.6,2,43,41,2,3,1
4855,2023-05-09,2023,5,9,1,0,2,4,16,17,34,19,73,14.6,2,34,32,1,4,0
4856,2023-05-12,2023,5,12,4,0,5,11,30,40,47,18,133,26.6,5,47,42,3,2,1
4857,2023-05-16,2023,5,16,1,0,1,5,14,36,45,19,101,20.2,1,45,44,3,2,0
4858,2023-05-19,2023,5,19,4,0,3,16,22,42,49,19,132,26.4,3,49,46,2,3,0
4859,2023-05-23,2023,5,23,1,0,20,24,26,28,38,13,136,27.2,20,38,18,0,5,0
4860,2023-05-26,2023,5,26,4,0,4,9,21,22,41,7,97,19.4,4,41,37,3,2,0
4861,2023-05-30,2023,5,30,1,0,3,7,38,48,50,16,146,29.2,3,50,47,2,3,1
4862,2023-06-02,2023,6,2,4,0,1,4,5,12,25,14,47,9.4,1,25,24,3,2,1
4863,2023-06-06,2023,6,6,1,0,3,9,15,38,44,12,109,21.8,3,44,41,3,2,1
4864,2023-06-09,2023,6,9,4,0,5,17,22,27,37,2,108,21.6,5,37,32,4,1,1
4865,2023-06-13,2023,6,13,1,0,10,28,31,35,42,1,146,29.2,10,42,32,2,3,0
4866,2023-06-16,2023,6,16,4,0,13,21,26,30,50,2,140,28.0,13,50,37,2,3,1
4867,2023-06-20,2023,6,20,1,0,20,24,33,44,48,6,169,33.8,20,48,28,1,4,1
4868,2023-06-23,2023,6,23,4,0,19,37,41,43,47,16,187,37.4,19,47,28,5,0,1
4869,2023-06-27,2023,6,27,1,0,7,21,33,45,46,12,152,30.4,7,46,39,4,1,1
4870,2023-06-30,2023,6,30,4,0,9,17,27,36,37,16,126,25.2,9,37,28,4,1,1
4871,2023-07-04,2023,7,4,1,0,13,29,30,31,47,8,150,30.0,13,47,34,4,1,1
4872,2023-07-07,2023,7,7,4,0,8,21,25,26,29,18,109,21.8,8,29,21,3,2,1
4873,2023-07-11,2023,7,11,1,0,10,19,20,22,48,19,119,23.8,10,48,38,1,4,0
4874,2023-07-14,2023,7,14,4,0,1,22,31,32,41,9,127,25.4,1,41,40,3,2,0
4875,2023-07-18,2023,7,18,1,0,5,21,33,45,50,5,154,30.8,5,50,45,4,1,0
4876,2023-07-21,2023,7,21,4,0,19,21,25,31,48,20,144,28.8,19,48,29,4,1,1
4877,2023-07-25,2023,7,25,1,0,14,24,25,44,48,4,155,31.0,14,48,34,1,4,1
4878,2023-07-28,2023,7,28,4,0,2,6,11,20,47,7,86,17.2,2,47,45,2,3,0
4879,2023-08-01,2023,8,1,1,0,1,16,30,38,46,10,131,26.2,1,46,45,1,4,1
4880,2023-08-04,2023,8,4,4,0,19,27,28,37,43,4,154,30.8,19,43,24,4,1,1
4881,2023-08-08,2023,8,8,1,0,17,18,26,39,46,4,146,29.2,17,46,29,2,3,1
4882,2023-08-11,2023,8,11,4,0,30,35,42,43,44,5,194,38.8,30,44,14,2,3,0
4883,2023-08-15,2023,8,15,1,0,7,9,16,34,38,11,104,20.8,7,38,31,2,3,0
4884,2023-08-18,2023,8,18,4,0,1,3,6,7,16,1,33,6.6,1,16,15,3,2,0
4885,2023-08-22,2023,8,22,1,0,5,10,16,19,29,10,79,15.8,5,29,24,3,2,1
4886,2023-08-25,2023,8,25,4,0,3,4,7,13,24,5,51,10.2,3,24,21,3,2,0
4887,2023-08-29,2023,8,29,1,0,8,23,31,36,44,17,142,28.4,8,44,36,2,3,0
4888,2023-09-01,2023,9,1,4,0,1,3,8,33,49,4,94,18.8,1,49,48,4,1,1
4889,2023-09-05,2023,9,5,1,0,4,12,18,24,50,12,108,21.6,4,50,46,0,5,1
4890,2023-09-08,2023,9,8,4,0,5,8,14,35,36,12,98,19.6,5,36,31,2,3,1
4891,2023-09-12,2023,9,12,1,0,3,15,18,36,45,20,117,23.4,3,45,42,3,2,1
4892,2023-09-15,2023,9,15,4,0,3,21,28,35,46,19,133,26.6,3,46,43,3,2,0
4893,2023-09-19,2023,9,19,1,0,15,18,36,43,46,18,158,31.6,15,46,31,2,3,1
4894,2023-09-22,2023,9,22,4,0,8,9,19,26,27,5,89,17.8,8,27,19,3,2,0
4895,2023-09-26,2023,9,26,1,0,8,22,25,35,44,2,134,26.8,8,44,36,2,3,1
4896,2023-09-29,2023,9,29,4,0,6,14,27,31,47,14,125,25.0,6,47,41,3,2,1
4897,2023-10-03,2023,10,3,1,0,3,8,15,24,45,14,95,19.0,3,45,42,3,2,1
4898,2023-10-06,2023,10,6,4,0,19,21,25,41,49,9,155,31.0,19,49,30,5,0,0
4899,2023-10-10,2023,10,10,1,0,7,15,19,20,49,10,110,22.0,7,49,42,4,1,1
4900,2023-10-13,2023,10,13,4,0,9,11,39,41,44,19,144,28.8,9,44,35,4,1,0
4901,2023-10-17,2023,10,17,1,0,5,18,29,36,49,18,137,27.4,5,49,44,3,2,1
4902,2023-10-20,2023,10,20,4,0,3,7,13,18,42,12,83,16.6,3,42,39,3,2,1
4903,2023-10-24,2023,10,24,1,0,1,10,33,37,46,4,127,25.4,1,46,45,3,2,1
4904,2023-10-27,2023,10,27,4,0,16,17,21,31,36,15,121,24.2,16,36,20,3,2,0
4905,2023-10-31,2023,10,31,1,0,10,15,19,36,48,4,128,25.6,10,48,38,2,3,1
4906,2023-11-03,2023,11,3,4,0,1,8,24,26,31,2,90,18.0,1,31,30,2,3,1
4907,2023-11-07,2023,11,7,1,0,3,13,28,31,40,15,115,23.0,3,40,37,3,2,0
4908,2023-11-10,2023,11,10,4,0,3,18,21,37,46,3,125,25.0,3,46,43,3,2,0
4909,2023-11-14,2023,11,14,1,0,10,24,30,33,44,20,141,28.2,10,44,34,1,4,1
4910,2023-11-17,2023,11,17,4,0,4,20,24,30,42,8,120,24.0,4,42,38,0,5,1
4911,2023-11-21,2023,11,21,1,0,3,13,24,45,49,10,134,26.8,3,49,46,4,1,1
4912,2023-11-24,2023,11,24,4,0,21,32,40,41,47,4,181,36.2,21,47,26,3,2,1
4913,2023-11-28,2023,11,28,1,0,4,17,25,26,46,5,118,23.6,4,46,42,2,3,0
4914,2023-12-01,2023,12,1,4,0,16,18,44,46,48,8,172,34.4,16,48,32,0,5,1
4915,2023-12-05,2023,12,5,1,0,19,20,21,30,39,12,129,25.8,19,39,20,3,2,1
4916,2023-12-08,2023,12,8,4,0,2,22,24,32,33,1,113,22.6,2,33,31,1,4,0
4917,2023-12-12,2023,12,12,1,0,7,9,15,38,41,17,110,22.0,7,41,34,4,1,0
4918,2023-12-15,2023,12,15,4,0,16,24,34,38,44,13,156,31.2,16,44,28,0,5,0
4919,2023-12-19,2023,12,19,1,0,4,17,25,28,35,2,109,21.8,4,35,31,3,2,1
4920,2023-12-22,2023,12,22,4,0,24,27,29,34,38,16,152,30.4,24,38,14,2,3,1
4921,2023-12-26,2023,12,26,1,0,6,29,30,34,38,12,137,27.4,6,38,32,1,4,1
4922,2023-12-29,2023,12,29,4,0,17,21,38,48,49,15,173,34.6,17,49,32,3,2,0
4923,2024-01-02,2024,1,2,1,0,9,20,23,46,50,5,148,29.6,9,50,41,2,3,0
4924,2024-01-05,2024,1,5,4,0,2,18,31,43,50,7,144,28.8,2,50,48,2,3,0
4925,2024-01-09,2024,1,9,1,0,12,20,24,33,43,19,132,26.4,12,43,31,2,3,0
4926,2024-01-12,2024,1,12,4,0,15,29,36,45,49,5,174,34.8,15,49,34,4,1,0
4927,2024-01-16,2024,1,16,1,0,5,29,40,42,47,6,163,32.6,5,47,42,3,2,1
4928,2024-01-19,2024,1,19,4,0,11,18,20,41,46,15,136,27.2,11,46,35,2,3,0
4929,2024-01-23,2024,1,23,1,0,9,16,21,26,39,16,111,22.2,9,39,30,3,2,1
4930,2024-01-26,2024,1,26,4,0,1,6,13,20,21,12,61,12.2,1,21,20,3,2,1
4931,2024-01-30,2024,1,30,1,0,1,8,30,39,44,3,122,24.4,1,44,43,2,3,0
4932,2024-02-02,2024,2,2,4,0,21,35,37,43,46,19,182,36.4,21,46,25,4,1,0
4933,2024-02-06,2024,2,6,1,0,2,6,10,18,28,15,64,12.8,2,28,26,0,5,0
4934,2024-02-09,2024,2,9,4,0,8,16,24,29,36,17,113,22.6,8,36,28,1,4,0
4935,2024-02-13,2024,2,13,1,0,13,15,30,32,46,17,136,27.2,13,46,33,2,3,0
4936,2024-02-16,2024,2,16,4,0,18,33,35,46,48,16,180,36.0,18,48,30,2,3,1
4937,2024-02-20,2024,2,20,1,0,4,13,16,21,32,4,86,17.2,4,32,28,2,3,1
4938,2024-02-23,2024,2,23,4,0,3,19,22,35,38,17,117,23.4,3,38,35,3,2,0
4939,2024-02-27,2024,2,27,1,0,12,13,33,39,43,4,140,28.0,12,43,31,4,1,1
4940,2024-03-01,2024,3,1,4,0,10,30,35,42,46,10,163,32.6,10,46,36,1,4,1
4941,2024-03-05,2024,3,5,1,0,2,4,23,27,31,4,87,17.4,2,31,29,3,2,1
4942,2024-03-08,2024,3,8,4,0,7,18,19,27,28,14,99,19.8,7,28,21,3,2,1
4943,2024-03-12,2024,3,12,1,0,2,18,21,47,48,9,136,27.2,2,48,46,2,3,0
4944,2024-03-15,2024,3,15,4,0,4,9,20,22,33,20,88,17.6,4,33,29,2,3,1
4945,2024-03-19,2024,3,19,1,0,7,15,19,26,36,15,103,20.6,7,36,29,3,2,0
4946,2024-03-22,2024,3,22,4,0,9,10,36,43,44,7,142,28.4,9,44,35,2,3,0
4947,2024-03-26,2024,3,26,1,0,11,15,35,41,45,12,147,29.4,11,45,34,5,0,1
4948,2024-03-29,2024,3,29,4,0,1,13,24,25,35,4,98,19.6,1,35,34,4,1,1
4949,2024-04-02,2024,4,2,1,0,13,20,28,39,47,18,147,29.4,13,47,34,3,2,1
4950,2024-04-05,2024,4,5,4,0,6,8,16,28,36,18,94,18.8,6,36,30,0,5,1
4951,2024-04-09,2024,4,9,1,0,5,7,31,36,42,10,121,24.2,5,42,37,3,2,1
4952,2024-04-12,2024,4,12,4,0,22,26,42,43,45,20,178,35.6,22,45,23,2,3,1
4953,2024-04-16,2024,4,16,1,0,6,14,26,32,41,3,119,23.8,6,41,35,1,4,0
4954,2024-04-19,2024,4,19,4,0,4,17,18,44,48,19,131,26.2,4,48,44,1,4,0
4955,2024-04-23,2024,4,23,1,0,13,20,26,37,42,7,138,27.6,13,42,29,2,3,0
4956,2024-04-26,2024,4,26,4,0,5,12,13,17,32,12,79,15.8,5,32,27,3,2,1
4957,2024-04-30,2024,4,30,1,0,5,8,14,33,36,2,96,19.2,5,36,31,2,3,1
4958,2024-05-03,2024,5,3,4,0,28,31,33,37,44,2,173,34.6,28,44,16,3,2,1
4959,2024-05-07,2024,5,7,1,0,2,4,10,39,40,11,95,19.0,2,40,38,1,4,0
4960,2024-05-10,2024,5,10,4,0,9,21,33,43,44,10,150,30.0,9,44,35,4,1,1
4961,2024-05-14,2024,5,14,1,0,4,9,39,41,44,19,137,27.4,4,44,40,3,2,0
4962,2024-05-17,2024,5,17,4,0,18,22,23,31,32,18,126,25.2,18,32,14,2,3,1
4963,2024-05-21,2024,5,21,1,0,3,9,16,26,38,8,92,18.4,3,38,35,2,3,1
4964,2024-05-24,2024,5,24,4,0,4,14,16,18,25,11,77,15.4,4,25,21,1,4,0
4965,2024-05-28,2024,5,28,1,0,2,3,23,39,45,14,112,22.4,2,45,43,4,1,1
4966,2024-05-31,2024,5,31,4,0,17,20,22,35,43,7,137,27.4,17,43,26,3,2,0
4967,2024-06-04,2024,6,4,1,0,4,15,38,41,42,17,140,28.0,4,42,38,2,3,0
4968,2024-06-07,2024,6,7,4,0,6,9,17,37,41,19,110,22.0,6,41,35,4,1,0
4969,2024-06-11,2024,6,11,1,0,12,22,25,43,50,16,152,30.4,12,50,38,2,3,1
4970,2024-06-14,2024,6,14,4,0,19,24,40,45,49,7,177,35.4,19,49,30,3,2,0
4971,2024-06-18,2024,6,18,1,0,9,13,18,45,49,2,134,26.8,9,49,40,4,1,1
4972,2024-06-21,2024,6,21,4,0,9,29,30,33,49,10,150,30.0,9,49,40,4,1,1
4973,2024-06-25,2024,6,25,1,0,3,32,40,42,49,5,166,33.2,3,49,46,2,3,0
4974,2024-06-28,2024,6,28,4,0,19,22,31,40,47,5,159,31.8,19,47,28,3,2,0
4975,2024-07-02,2024,7,2,1,0,6,15,20,32,42,5,115,23.0,6,42,36,1,4,0
4976,2024-07-05,2024,7,5,4,0,18,19,22,38,49,15,146,29.2,18,49,31,2,3,0
4977,2024-07-09,2024,7,9,1,0,2,7,19,31,45,4,104,20.8,2,45,43,4,1,1
4978,2024-07-12,2024,7,12,4,0,5,10,26,37,44,15,122,24.4,5,44,39,2,3,0
4979,2024-07-16,2024,7,16,1,0,2,10,22,48,49,7,131,26.2,2,49,47,1,4,0
4980,2024-07-19,2024,7,19,4,0,2,6,9,31,37,6,85,17.0,2,37,35,3,2,1
4981,2024-07-23,2024,7,23,1,0,3,11,16,26,48,7,104,20.8,3,48,45,2,3,0
4982,2024-07-26,2024,7,26,4,0,6,9,12,38,39,17,104,20.8,6,39,33,2,3,0
4983,2024-07-30,2024,7,30,1,0,7,15,20,32,46,4,120,24.0,7,46,39,2,3,1
4984,2024-08-02,2024,8,2,4,0,2,5,10,31,32,11,80,16.0,2,32,30,2,3,0
4985,2024-08-06,2024,8,6,1,0,5,31,34,40,46,10,156,31.2,5,46,41,2,3,1
4986,2024-08-09,2024,8,9,4,0,7,13,28,37,44,6,129,25.8,7,44,37,3,2,1
4987,2024-08-13,2024,8,13,1,0,6,34,35,42,46,11,163,32.6,6,46,40,1,4,0
4988,2024-08-16,2024,8,16,4,0,9,14,15,22,36,1,96,19.2,9,36,27,2,3,0
4989,2024-08-20,2024,8,20,1,0,5,7,13,23,40,7,88,17.6,5,40,35,4,1,0
4990,2024-08-23,2024,8,23,4,0,20,22,37,39,40,7,158,31.6,20,40,20,2,3,0
4991,2024-08-27,2024,8,27,1,0,13,35,39,42,49,2,178,35.6,13,49,36,4,1,1
4992,2024-08-30,2024,8,30,4,0,8,27,33,43,48,14,159,31.8,8,48,40,3,2,1
4993,2024-09-03,2024,9,3,1,0,2,9,30,38,47,2,126,25.2,2,47,45,2,3,1
4994,2024-09-06,2024,9,6,4,0,10,17,23,44,46,4,140,28.0,10,46,36,2,3,1
4995,2024-09-10,2024,9,10,1,0,16,17,18,47,48,6,146,29.2,16,48,32,2,3,1
4996,2024-09-13,2024,9,13,4,0,2,10,25,37,43,7,117,23.4,2,43,41,3,2,0
4997,2024-09-17,2024,9,17,1,0,23,26,43,44,49,16,185,37.0,23,49,26,3,2,1
4998,2024-09-20,2024,9,20,4,0,6,12,16,18,47,19,99,19.8,6,47,41,1,4,0
4999,2024-09-24,2024,9,24,1,0,19,23,30,31,38,19,141,28.2,19,38,19,3,2,0
5000,2024-09-27,2024,9,27,4,0,12,22,29,43,47,10,153,30.6,12,47,35,3,2,1
5001,2024-10-01,2024,10,1,1,0,3,10,14,25,39,1,91,18.2,3,39,36,3,2,0
5002,2024-10-04,2024,10,4,4,0,2,8,24,42,48,17,124,24.8,2,48,46,0,5,0
5003,2024-10-08,2024,10,8,1,0,3,13,31,37,40,9,124,24.8,3,40,37,4,1,0
5004,2024-10-11,2024,10,11,4,0,3,8,13,46,48,11,118,23.6,3,48,45,2,3,0
5005,2024-10-15,2024,10,15,1,0,14,32,35,39,44,17,164,32.8,14,44,30,2,3,0
5006,2024-10-18,2024,10,18,4,0,4,12,28,33,48,14,125,25.0,4,48,44,1,4,1
5007,2024-10-22,2024,10,22,1,0,2,23,27,45,49,12,146,29.2,2,49,47,4,1,1
5008,2024-10-25,2024,10,25,4,0,10,38,39,42,49,17,178,35.6,10,49,39,2,3,0
5009,2024-10-29,2024,10,29,1,0,1,19,30,37,40,16,127,25.4,1,40,39,3,2,1
5010,2024-11-01,2024,11,1,4,0,3,12,17,29,38,18,99,19.8,3,38,35,3,2,1
5011,2024-11-05,2024,11,5,1,0,10,14,20,36,43,17,123,24.6,10,43,33,1,4,0
5012,2024-11-08,2024,11,8,4,0,4,5,29,35,45,7,118,23.6,4,45,41,4,1,0
5013,2024-11-12,2024,11,12,1,0,4,5,18,39,42,14,108,21.6,4,42,38,2,3,1
5014,2024-11-15,2024,11,15,4,0,5,18,21,23,31,18,98,19.6,5,31,26,4,1,1
5015,2024-11-19,2024,11,19,1,0,3,11,17,21,37,6,89,17.8,3,37,34,5,0,1
5016,2024-11-22,2024,11,22,4,0,15,17,19,43,49,8,143,28.6,15,49,34,5,0,1
5017,2024-11-26,2024,11,26,1,0,12,18,22,36,38,12,126,25.2,12,38,26,0,5,1
5018,2024-11-29,2024,11,29,4,0,5,16,27,32,40,1,120,24.0,5,40,35,2,3,0
5019,2024-12-03,2024,12,3,1,0,6,9,11,23,27,10,76,15.2,6,27,21,4,1,1
5020,2024-12-06,2024,12,6,4,0,5,15,19,32,35,11,106,21.2,5,35,30,4,1,0
5021,2024-12-10,2024,12,10,1,0,1,6,29,39,44,17,119,23.8,1,44,43,3,2,0
5022,2024-12-13,2024,12,13,4,0,3,28,39,40,49,14,159,31.8,3,49,46,3,2,1
5023,2024-12-17,2024,12,17,1,0,12,21,28,32,40,12,133,26.6,12,40,28,1,4,1
5024,2024-12-20,2024,12,20,4,0,1,16,20,41,48,8,126,25.2,1,48,47,2,3,1
5025,2024-12-24,2024,12,24,1,0,5,7,8,12,18,9,50,10.0,5,18,13,2,3,0
5026,2024-12-27,2024,12,27,4,0,6,10,23,30,47,18,116,23.2,6,47,41,2,3,1
5027,2024-12-31,2024,12,31,1,0,1,26,31,32,47,2,137,27.4,1,47,46,3,2,1
5028,2025-01-03,2025,1,3,4,0,6,9,10,25,47,1,97,19.4,6,47,41,3,2,0
5029,2025-01-07,2025,1,7,1,0,9,12,27,39,42,18,129,25.8,9,42,33,3,2,1
5030,2025-01-10,2025,1,10,4,0,10,14,33,44,47,2,148,29.6,10,47,37,2,3,1
5031,2025-01-14,2025,1,14,1,0,20,23,30,34,44,7,151,30.2,20,44,24,1,4,0
5032,2025-01-17,2025,1,17,4,0,4,11,27,39,40,8,121,24.2,4,40,36,3,2,1
5033,2025-01-21,2025,1,21,1,0,1,2,15,23,37,4,78,15.6,1,37,36,4,1,1
5034,2025-01-24,2025,1,24,4,0,12,15,24,43,49,18,143,28.6,12,49,37,3,2,1
5035,2025-01-28,2025,1,28,1,0,17,21,26,42,43,14,149,29.8,17,43,26,3,2,1
5036,2025-01-31,2025,1,31,4,0,3,27,36,40,47,15,153,30.6,3,47,44,3,2,0
5037,2025-02-04,2025,2,4,1,0,19,23,27,41,49,8,159,31.8,19,49,30,5,0,1
5038,2025-02-07,2025,2,7,4,0,7,30,34,42,49,1,162,32.4,7,49,42,2,3,0
5039,2025-02-11,2025,2,11,1,0,7,15,21,23,33,13,99,19.8,7,33,26,5,0,0
5040,2025-02-14,2025,2,14,4,0,2,8,25,37,44,18,116,23.2,2,44,42,2,3,1
5041,2025-02-18,2025,2,18,1,0,16,19,34,36,43,16,148,29.6,16,43,27,2,3,1
5042,2025-02-21,2025,2,21,4,0,2,3,15,17,42,5,79,15.8,2,42,40,3,2,0
5043,2025-02-25,2025,2,25,1,0,18,23,27,34,44,18,146,29.2,18,44,26,2,3,1
5044,2025-02-28,2025,2,28,4,0,11,19,20,21,44,6,115,23.0,11,44,33,3,2,1
5045,2025-03-04,2025,3,4,1,0,20,23,35,43,50,15,171,34.2,20,50,30,3,2,0
5046,2025-03-07,2025,3,7,4,0,12,13,16,28,46,3,115,23.0,12,46,34,1,4,0
5047,2025-03-11,2025,3,11,1,0,8,28,30,44,48,2,158,31.6,8,48,40,0,5,1
5048,2025-03-14,2025,3,14,4,0,7,32,38,45,46,2,168,33.6,7,46,39,2,3,1
5049,2025-03-18,2025,3,18,1,0,15,22,29,35,43,10,144,28.8,15,43,28,4,1,1
5050,2025-03-21,2025,3,21,4,0,9,16,24,32,50,19,131,26.2,9,50,41,1,4,0
5051,2025-03-25,2025,3,25,1,0,22,32,38,39,40,10,171,34.2,22,40,18,1,4,1
5052,2025-03-28,2025,3,28,4,0,1,6,13,14,35,3,69,13.8,1,35,34,3,2,0
5053,2025-04-01,2025,4,1,1,0,1,6,12,13,36,7,68,13.6,1,36,35,2,3,0
5054,2025-04-04,2025,4,4,4,0,8,20,35,36,38,2,137,27.4,8,38,30,1,4,1
5055,2025-04-08,2025,4,8,1,0,1,16,23,37,42,6,119,23.8,1,42,41,3,2,1
5056,2025-04-11,2025,4,11,4,0,5,12,14,22,48,18,101,20.2,5,48,43,1,4,1
5057,2025-04-15,2025,4,15,1,0,19,24,38,40,41,2,162,32.4,19,41,22,2,3,1
5058,2025-04-18,2025,4,18,4,0,15,17,22,33,45,12,132,26.4,15,45,30,4,1,1
5059,2025-04-22,2025,4,22,1,0,18,32,33,38,43,9,164,32.8,18,43,25,2,3,0
5060,2025-04-25,2025,4,25,4,0,5,9,13,46,47,11,120,24.0,5,47,42,4,1,0
5061,2025-04-29,2025,4,29,1,0,5,14,32,33,45,13,129,25.8,5,45,40,3,2,0
5062,2025-05-02,2025,5,2,4,0,2,6,17,37,47,9,109,21.8,2,47,45,3,2,0
5063,2025-05-06,2025,5,6,1,0,19,20,32,35,37,19,143,28.6,19,37,18,3,2,0
5064,2025-05-09,2025,5,9,4,0,5,6,14,38,50,10,113,22.6,5,50,45,1,4,1
5065,2025-05-13,2025,5,13,1,0,11,21,29,37,39,12,137,27.4,11,39,28,5,0,1
5066,2025-05-16,2025,5,16,4,0,9,16,20,28,39,19,112,22.4,9,39,30,2,3,0
5067,2025-05-20,2025,5,20,1,0,13,26,31,32,47,18,149,29.8,13,47,34,3,2,1
5068,2025-05-23,2025,5,23,4,0,1,17,18,27,49,15,112,22.4,1,49,48,4,1,0
5069,2025-05-27,2025,5,27,1,0,13,22,33,38,50,15,156,31.2,13,50,37,2,3,0
5070,2025-05-30,2025,5,30,4,0,10,13,34,43,46,1,146,29.2,10,46,36,2,3,0
5071,2025-06-03,2025,6,3,1,0,5,26,40,47,50,14,168,33.6,5,50,45,2,3,1
5072,2025-06-06,2025,6,6,4,0,9,24,34,41,44,2,152,30.4,9,44,35,2,3,1
5073,2025-06-10,2025,6,10,1,0,5,11,23,29,48,1,116,23.2,5,48,43,4,1,0
5074,2025-06-13,2025,6,13,4,0,1,21,34,46,47,12,149,29.8,1,47,46,3,2,1
5075,2025-06-17,2025,6,17,1,0,5,23,26,38,43,4,135,27.0,5,43,38,3,2,1
5076,2025-06-20,2025,6,20,4,0,22,23,25,29,42,8,141,28.2,22,42,20,3,2,1
5077,2025-06-24,2025,6,24,1,0,2,22,27,36,39,19,126,25.2,2,39,37,2,3,0
5078,2025-06-27,2025,6,27,4,0,11,23,32,41,47,17,154,30.8,11,47,36,4,1,0
5079,2025-07-01,2025,7,1,1,0,8,9,26,30,31,8,104,20.8,8,31,23,2,3,1
5080,2025-07-04,2025,7,4,4,0,15,16,22,30,32,7,115,23.0,15,32,17,1,4,0
5081,2025-07-08,2025,7,8,1,0,14,19,37,44,48,17,162,32.4,14,48,34,2,3,0
5082,2025-07-11,2025,7,11,4,0,1,7,8,15,20,15,51,10.2,1,20,19,3,2,0
5083,2025-07-15,2025,7,15,1,0,5,21,26,28,39,6,119,23.8,5,39,34,3,2,1
5084,2025-07-18,2025,7,18,4,0,10,15,26,31,41,5,123,24.6,10,41,31,3,2,0
5085,2025-07-22,2025,7,22,1,0,3,8,10,27,49,1,97,19.4,3,49,46,3,2,0
5086,2025-07-25,2025,7,25,4,0,3,29,35,39,42,5,148,29.6,3,42,39,4,1,0
5087,2025-07-29,2025,7,29,1,0,4,17,20,24,30,19,95,19.0,4,30,26,1,4,0
5088,2025-08-01,2025,8,1,4,0,5,31,33,34,40,13,143,28.6,5,40,35,3,2,0
5089,2025-08-05,2025,8,5,1,0,10,32,34,40,48,14,164,32.8,10,48,38,0,5,1
5090,2025-08-08,2025,8,8,4,0,13,26,39,41,48,18,167,33.4,13,48,35,3,2,1
5091,2025-08-12,2025,8,12,1,0,8,10,20,41,48,4,127,25.4,8,48,40,1,4,1
5092,2025-08-15,2025,8,15,4,0,4,11,19,32,33,12,99,19.8,4,33,29,3,2,1
5093,2025-08-19,2025,8,19,1,0,2,10,22,27,40,17,101,20.2,2,40,38,1,4,0
5094,2025-08-22,2025,8,22,4,0,4,10,27,37,50,18,128,25.6,4,50,46,2,3,1
5095,2025-08-26,2025,8,26,1,0,13,19,24,44,50,15,150,30.0,13,50,37,2,3,0
5096,2025-08-29,2025,8,29,4,0,12,14,29,45,50,15,150,30.0,12,50,38,2,3,0
5097,2025-09-02,2025,9,2,1,0,20,31,33,34,50,6,168,33.6,20,50,30,2,3,1
5098,2025-09-05,2025,9,5,4,0,22,30,33,35,38,20,158,31.6,22,38,16,2,3,1
5099,2025-09-09,2025,9,9,1,0,21,28,40,43,45,13,177,35.4,21,45,24,3,2,0
5100,2025-09-12,2025,9,12,4,0,17,23,25,26,37,18,128,25.6,17,37,20,4,1,1
5101,2025-09-16,2025,9,16,1,0,22,24,26,33,35,7,140,28.0,22,35,13,2,3,0
5102,2025-09-19,2025,9,19,4,0,2,16,24,41,47,19,130,26.0,2,47,45,2,3,0
5103,2025-09-23,2025,9,23,1,0,10,23,32,43,45,18,153,30.6,10,45,35,3,2,1
5104,2025-09-26,2025,9,26,4,0,3,13,19,24,40,12,99,19.8,3,40,37,3,2,1
5105,2025-09-30,2025,9,30,1,0,14,22,25,37,46,4,144,28.8,14,46,32,2,3,1
5106,2025-10-03,2025,10,3,4,0,12,14,33,41,44,10,144,28.8,12,44,32,2,3,1
5107,2025-10-07,2025,10,7,1,0,13,18,21,23,24,16,99,19.8,13,24,11,3,2,1
5108,2025-10-10,2025,10,10,4,0,6,10,40,44,50,11,150,30.0,6,50,44,0,5,0
5109,2025-10-14,2025,10,14,1,0,5,25,31,40,41,20,142,28.4,5,41,36,4,1,1
5110,2025-10-17,2025,10,17,4,0,18,27,29,32,45,16,151,30.2,18,45,27,3,2,1
5111,2025-10-21,2025,10,21,1,0,7,10,16,21,30,11,84,16.8,7,30,23,2,3,0
5112,2025-10-24,2025,10,24,4,0,15,18,24,32,44,20,133,26.6,15,44,29,1,4,1
5113,2025-10-28,2025,10,28,1,0,2,13,31,32,42,1,120,24.0,2,42,40,2,3,0
5114,2025-10-31,2025,10,31,4,0,19,24,25,30,49,6,147,29.4,19,49,30,3,2,1
5115,2025-11-04,2025,11,4,1,0,5,20,22,28,46,1,121,24.2,5,46,41,1,4,0
5116,2025-11-07,2025,11,7,4,0,7,33,40,41,49,10,170,34.0,7,49,42,4,1,1
5117,2025-11-11,2025,11,11,1,0,9,13,17,47,49,8,135,27.0,9,49,40,5,0,1
5118,2025-11-14,2025,11,14,4,0,16,28,32,36,48,13,160,32.0,16,48,32,0,5,0
5119,2025-11-18,2025,11,18,1,0,23,30,42,45,50,19,190,38.0,23,50,27,2,3,0
5120,2025-11-21,2025,11,21,4,0,1,28,39,49,50,6,167,33.4,1,50,49,3,2,1
5121,2025-11-25,2025,11,25,1,0,15,24,28,31,37,16,135,27.0,15,37,22,3,2,1
5122,2025-11-28,2025,11,28,4,0,3,17,28,29,34,1,111,22.2,3,34,31,3,2,0
5123,2025-12-02,2025,12,2,1,0,16,21,33,39,46,12,155,31.0,16,46,30,3,2,1
5124,2025-12-05,2025,12,5,4,0,12,20,27,35,46,9,140,28.0,12,46,34,2,3,0
5125,2025-12-09,2025,12,9,1,0,11,36,41,43,46,8,177,35.4,11,46,35,3,2,1
5126,2025-12-12,2025,12,12,4,0,17,18,30,42,50,3,157,31.4,17,50,33,1,4,0
5127,2025-12-16,2025,12,16,1,0,11,17,18,35,50,7,131,26.2,11,50,39,3,2,0
5128,2025-12-19,2025,12,19,4,0,2,11,15,16,30,15,74,14.8,2,30,28,2,3,0
5129,2025-12-23,2025,12,23,1,0,3,12,29,46,49,3,139,27.8,3,49,46,3,2,0
5130,2025-12-26,2025,12,26,4,0,18,20,35,46,48,2,167,33.4,18,48,30,1,4,1
5131,2025-12-30,2025,12,30,1,0,6,13,14,42,45,11,120,24.0,6,45,39,2,3,0
5132,2026-01-02,2026,1,2,4,0,17,18,35,38,39,9,147,29.4,17,39,22,3,2,0
5133,2026-01-06,2026,1,6,1,0,9,12,13,30,34,2,98,19.6,9,34,25,2,3,1
5134,2026-01-09,2026,1,9,4,0,11,20,35,42,50,7,158,31.6,11,50,39,2,3,0
5135,2026-01-13,2026,1,13,1,0,21,32,33,39,50,3,175,35.0,21,50,29,3,2,0
5136,2026-01-16,2026,1,16,4,0,8,22,36,39,47,20,152,30.4,8,47,39,2,3,1
5137,2026-01-20,2026,1,20,1,0,2,3,16,17,35,5,73,14.6,2,35,33,3,2,0
5138,2026-01-23,2026,1,23,4,0,4,16,24,29,31,15,104,20.8,4,31,27,2,3,0
5139,2026-01-27,2026,1,27,1,0,11,13,28,43,48,3,143,28.6,11,48,37,3,2,0
5140,2026-01-30,2026,1,30,4,0,19,26,31,33,39,2,148,29.6,19,39,20,4,1,1
5141,2026-02-03,2026,2,3,1,0,2,11,20,40,49,2,122,24.4,2,49,47,2,3,1
5142,2026-02-06,2026,2,6,4,0,6,13,21,28,31,5,99,19.8,6,31,25,3,2,0
5143,2026-02-10,2026,2,10,1,0,17,23,25,39,49,11,153,30.6,17,49,32,5,0,0
5144,2026-02-13,2026,2,13,4,0,4,10,23,26,37,20,100,20.0,4,37,33,2,3,1
5145,2026-02-17,2026,2,17,1,0,5,15,23,24,42,5,109,21.8,5,42,37,3,2,0
5146,2026-02-20,2026,2,20,4,0,17,19,25,28,35,17,124,24.8,17,35,18,4,1,0
5147,2026-02-24,2026,2,24,1,0,19,23,33,34,41,9,150,30.0,19,41,22,4,1,0
5148,2026-02-27,2026,2,27,4,0,11,14,24,32,43,2,124,24.8,11,43,32,2,3,1
5149,2026-03-03,2026,3,3,1,0,1,9,29,38,43,15,120,24.0,1,43,42,4,1,0
5150,2026-03-06,2026,3,6,4,0,10,11,15,18,50,11,104,20.8,10,50,40,2,3,0
5151,2026-03-10,2026,3,10,1,0,1,5,13,20,25,14,64,12.8,1,25,24,4,1,1
5152,2026-03-13,2026,3,13,4,0,1,3,27,45,50,17,126,25.2,1,50,49,4,1,0
5153,2026-03-17,2026,3,17,1,0,10,13,40,47,48,5,158,31.6,10,48,38,2,3,0
5154,2026-03-20,2026,3,20,4,0,5,8,11,17,41,2,82,16.4,5,41,36,4,1,1
5155,2026-03-24,2026,3,24,1,0,11,13,19,22,39,1,104,20.8,11,39,28,4,1,0
5156,2026-03-27,2026,3,27,4,0,6,12,25,28,36,15,107,21.4,6,36,30,1,4,0
5157,2026-03-31,2026,3,31,1,0,5,13,15,24,43,6,100,20.0,5,43,38,4,1,1
5158,2026-04-03,2026,4,3,4,0,1,14,25,29,41,18,110,22.0,1,41,40,4,1,1
5159,2026-04-07,2026,4,7,1,0,16,17,18,22,41,10,114,22.8,16,41,25,2,3,1
5160,2026-04-10,2026,4,10,4,0,27,36,38,40,48,17,189,37.8,27,48,21,1,4,0
5161,2026-04-14,2026,4,14,1,0,2,6,16,30,31,6,85,17.0,2,31,29,1,4,1
5162,2026-04-17,2026,4,17,4,0,17,26,39,43,45,2,170,34.0,17,45,28,4,1,1
5163,2026-04-21,2026,4,21,1,0,5,13,31,32,47,3,128,25.6,5,47,42,4,1,0
5164,2026-04-24,2026,4,24,4,0,16,19,24,25,41,20,125,25.0,16,41,25,3,2,1
5165,2026-04-28,2026,4,28,1,0,5,17,38,44,47,2,151,30.2,5,47,42,3,2,1
5166,2026-05-01,2026,5,1,4,0,15,17,27,29,35,12,123,24.6,15,35,20,5,0,1
5167,2026-05-05,2026,5,5,1,0,1,4,5,22,28,5,60,12.0,1,28,27,2,3,0
5168,2026-05-08,2026,5,8,4,0,1,32,40,43,48,9,164,32.8,1,48,47,2,3,0
5169,2026-05-12,2026,5,12,1,0,25,30,32,33,46,6,166,33.2,25,46,21,2,3,1
5170,2026-05-15,2026,5,15,4,0,20,24,29,38,39,11,150,30.0,20,39,19,2,3,0
5171,2026-05-19,2026,5,19,1,0,19,24,29,47,48,4,167,33.4,19,48,29,3,2,1
5172,2026-05-22,2026,5,22,4,0,6,8,16,22,25,18,77,15.4,6,25,19,1,4,1
5173,2026-05-26,2026,5,26,1,0,1,9,30,31,47,3,118,23.6,1,47,46,4,1,0
5174,2026-05-29,2026,5,29,4,0,9,14,16,25,30,14,94,18.8,9,30,21,2,3,1
5175,2026-06-02,2026,6,2,1,0,2,10,22,28,49,7,111,22.2,2,49,47,1,4,0
5176,2026-06-05,2026,6,5,4,0,2,16,33,37,43,6,131,26.2,2,43,41,3,2,1
5177,2026-06-09,2026,6,9,1,0,5,8,12,19,48,1,92,18.4,5,48,43,2,3,0
5178,2026-06-12,2026,6,12,4,0,7,23,27,30,45,6,132,26.4,7,45,38,4,1,1
5179,2026-06-16,2026,6,16,1,0,2,19,20,40,43,11,124,24.8,2,43,41,2,3,0
5180,2026-06-19,2026,6,19,4,0,9,10,27,37,44,13,127,25.4,9,44,35,3,2,0
5181,2026-06-23,2026,6,23,1,0,16,25,32,33,50,11,156,31.2,16,50,34,2,3,0
5182,2026-06-26,2026,6,26,4,0,17,26,37,40,45,13,165,33.0,17,45,28,3,2,0
5183,2026-06-30,2026,6,30,1,0,21,26,40,42,44,15,173,34.6,21,44,23,1,4,0
5184,2026-07-03,2026,7,3,4,0,9,14,27,32,34,15,116,23.2,9,34,25,2,3,0
5185,2026-07-07,2026,7,7,1,0,16,18,21,29,47,11,131,26.2,16,47,31,3,2,0
5186,2026-07-10,2026,7,10,4,0,2,12,13,20,23,12,70,14.0,2,23,21,2,3,1
5187,2026-07-14,2026,7,14,1,0,9,13,21,36,40,4,119,23.8,9,40,31,3,2,1
5188,2026-07-17,2026,7,17,4,0,6,9,31,37,42,4,125,25.0,6,42,36,3,2,1
5189,2026-07-21,2026,7,21,1,0,15,40,41,47,50,16,193,38.6,15,50,35,3,2,1
5190,2026-07-24,2026,7,24,4,0,4,8,13,22,38,1,85,17.0,4,38,34,1,4,0
5191,2026-07-28,2026,7,28,1,0,3,12,27,36,47,15,125,25.0,3,47,44,3,2,0
5192,2026-07-31,2026,7,31,4,0,10,11,37,45,46,11,149,29.8,10,46,36,3,2,0
5193,2026-08-04,2026,8,4,1,0,16,24,29,34,38,15,141,28.2,16,38,22,1,4,0
5194,2026-08-07,2026,8,7,4,0,8,22,31,39,40,5,140,28.0,8,40,32,2,3,0
5195,2026-08-11,2026,8,11,1,0,3,14,26,40,48,10,131,26.2,3,48,45,1,4,1
5196,2026-08-14,2026,8,14,4,0,14,15,19,39,44,3,131,26.2,14,44,30,3,2,0
5197,2026-08-18,2026,8,18,1,0,3,7,20,31,39,13,100,20.0,3,39,36,4,1,0
5198,2026-08-21,2026,8,21,4,0,2,4,5,24,49,4,84,16.8,2,49,47,2,3,1
5199,2010-01-01,2010,1,1,4,0,17,21,24,32,37,10,131,26.2,17,37,20,3,2,1
5200,2010-01-05,2010,1,5,1,0,1,8,31,43,44,11,127,25.4,1,44,43,3,2,0
5201,2010-01-08,2010,1,8,4,0,6,15,27,39,45,19,132,26.4,6,45,39,4,1,0
5202,2010-01-12,2010,1,12,1,0,10,11,18,30,35,7,104,20.8,10,35,25,2,3,0
5203,2010-01-15,2010,1,15,4,0,1,5,21,42,44,8,113,22.6,1,44,43,3,2,1
5204,2010-01-19,2010,1,19,1,0,10,16,18,21,38,18,103,20.6,10,38,28,1,4,1
5205,2010-01-22,2010,1,22,4,0,7,11,18,19,34,7,89,17.8,7,34,27,3,2,0
5206,2010-01-26,2010,1,26,1,0,2,3,15,21,36,19,77,15.4,2,36,34,3,2,0
5207,2010-01-29,2010,1,29,4,0,2,6,39,42,43,3,132,26.4,2,43,41,2,3,0
5208,2010-02-02,2010,2,2,1,0,7,25,33,38,42,8,145,29.0,7,42,35,3,2,1
5209,2010-02-05,2010,2,5,4,0,1,8,21,29,39,20,98,19.6,1,39,38,4,1,1
5210,2010-02-09,2010,2,9,1,0,10,18,26,36,45,19,135,27.0,10,45,35,1,4,0
5211,2010-02-12,2010,2,12,4,0,6,32,36,38,45,1,157,31.4,6,45,39,1,4,0
5212,2010-02-16,2010,2,16,1,0,22,23,30,33,44,9,152,30.4,22,44,22,2,3,0
5213,2010-02-19,2010,2,19,4,0,7,8,10,22,35,4,82,16.4,7,35,28,2,3,1
5214,2010-02-23,2010,2,23,1,0,4,12,18,34,41,14,109,21.8,4,41,37,1,4,1
5215,2010-02-26,2010,2,26,4,0,4,9,14,23,37,8,87,17.4,4,37,33,3,2,1
5216,2010-03-02,2010,3,2,1,0,1,12,15,36,43,6,107,21.4,1,43,42,3,2,1
5217,2010-03-05,2010,3,5,4,0,10,11,12,22,38,10,93,18.6,10,38,28,1,4,1
5218,2010-03-09,2010,3,9,1,0,3,6,11,28,45,15,93,18.6,3,45,42,3,2,0
5219,2010-03-12,2010,3,12,4,0,8,14,18,22,28,10,90,18.0,8,28,20,0,5,1
5220,2010-03-16,2010,3,16,1,0,16,32,40,42,45,16,175,35.0,16,45,29,1,4,1
5221,2010-03-19,2010,3,19,4,0,7,11,33,44,45,3,140,28.0,7,45,38,4,1,0
5222,2010-03-23,2010,3,23,1,0,1,6,9,10,15,11,41,8.2,1,15,14,3,2,0
5223,2010-03-26,2010,3,26,4,0,25,30,33,36,44,15,168,33.6,25,44,19,2,3,0
5224,2010-03-30,2010,3,30,1,0,9,27,30,35,42,17,143,28.6,9,42,33,3,2,0
5225,2010-04-06,2010,4,6,1,0,2,13,19,38,42,16,114,22.8,2,42,40,2,3,1
5226,2010-04-09,2010,4,9,4,0,2,16,27,30,31,15,106,21.2,2,31,29,2,3,0
5227,2010-04-13,2010,4,13,1,0,15,18,28,42,45,5,148,29.6,15,45,30,2,3,0
5228,2010-04-16,2010,4,16,4,0,7,19,21,37,40,18,124,24.8,7,40,33,4,1,1
5229,2010-04-20,2010,4,20,1,0,7,20,26,32,39,3,124,24.8,7,39,32,2,3,0
5230,2010-04-23,2010,4,23,4,0,12,18,43,44,45,5,162,32.4,12,45,33,2,3,0
5231,2010-04-27,2010,4,27,1,0,13,14,23,24,27,1,101,20.2,13,27,14,3,2,0
5232,2010-04-30,2010,4,30,4,0,1,11,30,35,44,15,121,24.2,1,44,43,3,2,0
5233,2010-05-04,2010,5,4,1,0,9,17,28,36,43,4,133,26.6,9,43,34,3,2,1
5234,2010-05-07,2010,5,7,4,0,10,18,25,26,34,15,113,22.6,10,34,24,1,4,0
5235,2010-05-11,2010,5,11,1,0,4,14,17,42,44,13,121,24.2,4,44,40,1,4,0
5236,2010-05-14,2010,5,14,4,0,6,8,15,32,42,7,103,20.6,6,42,36,1,4,0
5237,2010-05-18,2010,5,18,1,0,6,17,25,29,42,6,119,23.8,6,42,36,3,2,1
5238,2010-05-21,2010,5,21,4,0,2,14,25,30,40,2,111,22.2,2,40,38,1,4,1
5239,2010-05-25,2010,5,25,1,0,4,15,21,30,32,8,102,20.4,4,32,28,2,3,1
5240,2010-05-28,2010,5,28,4,0,2,9,24,26,42,2,103,20.6,2,42,40,1,4,1
5241,2010-06-01,2010,6,1,1,0,2,5,12,23,45,15,87,17.4,2,45,43,3,2,0
5242,2010-06-04,2010,6,4,4,0,1,16,20,27,33,13,97,19.4,1,33,32,3,2,0
5243,2010-06-08,2010,6,8,1,0,7,8,23,30,39,6,107,21.4,7,39,32,3,2,1
5244,2010-06-11,2010,6,11,4,0,12,14,18,23,42,13,109,21.8,12,42,30,1,4,0
5245,2010-06-15,2010,6,15,1,0,13,25,34,40,41,7,153,30.6,13,41,28,3,2,0
5246,2010-06-18,2010,6,18,4,0,6,8,9,11,22,15,56,11.2,6,22,16,2,3,0
5247,2010-06-22,2010,6,22,1,0,16,23,36,40,45,19,160,32.0,16,45,29,2,3,0
5248,2010-06-25,2010,6,25,4,0,13,23,31,40,42,11,149,29.8,13,42,29,3,2,0
5249,2010-06-29,2010,6,29,1,0,5,8,9,23,35,9,80,16.0,5,35,30,4,1,0
5250,2010-07-02,2010,7,2,4,0,2,6,7,9,31,7,55,11.0,2,31,29,3,2,0
5251,2010-07-06,2010,7,6,1,0,7,8,21,39,41,9,116,23.2,7,41,34,4,1,0
5252,2010-07-09,2010,7,9,4,0,12,15,18,20,25,13,90,18.0,12,25,13,2,3,0
5253,2010-07-13,2010,7,13,1,0,5,11,13,20,30,15,79,15.8,5,30,25,3,2,0
5254,2010-07-16,2010,7,16,4,0,13,20,42,44,45,12,164,32.8,13,45,32,2,3,1
5255,2010-07-20,2010,7,20,1,0,1,21,27,32,36,9,117,23.4,1,36,35,3,2,0
5256,2010-07-23,2010,7,23,4,0,18,23,24,33,37,15,135,27.0,18,37,19,3,2,0
5257,2010-07-27,2010,7,27,1,0,2,7,19,24,30,20,82,16.4,2,30,28,2,3,1
5258,2010-07-30,2010,7,30,4,0,2,9,21,25,37,12,94,18.8,2,37,35,4,1,1
5259,2010-08-03,2010,8,3,1,0,1,6,15,35,44,20,101,20.2,1,44,43,3,2,1
5260,2010-08-06,2010,8,6,4,0,1,3,13,22,29,18,68,13.6,1,29,28,4,1,1
5261,2010-08-10,2010,8,10,1,0,9,19,31,33,45,16,137,27.4,9,45,36,5,0,1
5262,2010-08-13,2010,8,13,4,0,8,9,10,31,39,12,97,19.4,8,39,31,3,2,1
5263,2010-08-17,2010,8,17,1,0,11,17,30,35,45,20,138,27.6,11,45,34,4,1,1
5264,2010-08-20,2010,8,20,4,0,15,21,24,32,44,11,136,27.2,15,44,29,2,3,0
5265,2010-08-24,2010,8,24,1,0,6,23,27,33,44,16,133,26.6,6,44,38,3,2,1
5266,2010-08-27,2010,8,27,4,0,7,8,26,36,42,20,119,23.8,7,42,35,1,4,1
5267,2010-08-31,2010,8,31,1,0,12,27,37,41,44,20,161,32.2,12,44,32,3,2,1
5268,2010-09-03,2010,9,3,4,0,12,17,37,41,43,8,150,30.0,12,43,31,4,1,1
5269,2010-09-07,2010,9,7,1,0,3,25,37,42,44,10,151,30.2,3,44,41,3,2,1
5270,2010-09-10,2010,9,10,4,0,1,17,19,33,38,1,108,21.6,1,38,37,4,1,0
5271,2010-09-14,2010,9,14,1,0,3,23,29,33,40,2,128,25.6,3,40,37,4,1,1
5272,2010-09-17,2010,9,17,4,0,2,19,28,42,44,5,135,27.0,2,44,42,1,4,0
5273,2010-09-21,2010,9,21,1,0,31,33,36,40,42,13,182,36.4,31,42,11,2,3,0
5274,2010-09-24,2010,9,24,4,0,1,5,10,16,19,8,51,10.2,1,19,18,3,2,1
5275,2010-09-28,2010,9,28,1,0,1,3,4,5,40,15,53,10.6,1,40,39,3,2,0
5276,2010-10-01,2010,10,1,4,0,16,22,28,30,31,20,127,25.4,16,31,15,1,4,1
5277,2010-10-05,2010,10,5,1,0,3,15,25,32,38,4,113,22.6,3,38,35,3,2,1
5278,2010-10-08,2010,10,8,4,0,3,7,16,21,40,3,87,17.4,3,40,37,3,2,0
5279,2010-10-12,2010,10,12,1,0,1,17,18,19,44,14,99,19.8,1,44,43,3,2,1
5280,2010-10-15,2010,10,15,4,0,4,14,26,34,44,12,122,24.4,4,44,40,0,5,1
5281,2010-10-19,2010,10,19,1,0,9,11,17,35,38,16,110,22.0,9,38,29,4,1,1
5282,2010-10-22,2010,10,22,4,0,10,15,16,22,36,1,99,19.8,10,36,26,1,4,0
5283,2010-10-26,2010,10,26,1,0,13,28,32,35,36,8,144,28.8,13,36,23,2,3,1
5284,2010-10-29,2010,10,29,4,0,10,31,32,39,45,10,157,31.4,10,45,35,3,2,1
5285,2010-11-02,2010,11,2,1,0,12,13,21,22,29,9,97,19.4,12,29,17,3,2,0
5286,2010-11-05,2010,11,5,4,0,1,4,25,26,32,10,88,17.6,1,32,31,2,3,1
5287,2010-11-09,2010,11,9,1,0,6,22,29,35,45,8,137,27.4,6,45,39,3,2,1
5288,2010-11-12,2010,11,12,4,0,4,8,11,16,40,17,79,15.8,4,40,36,1,4,0
5289,2010-11-16,2010,11,16,1,0,4,28,32,38,40,2,142,28.4,4,40,36,0,5,1
5290,2010-11-19,2010,11,19,4,0,1,17,19,26,32,4,95,19.0,1,32,31,3,2,1
5291,2010-11-23,2010,11,23,1,0,2,9,10,33,43,6,97,19.4,2,43,41,3,2,1
5292,2010-11-26,2010,11,26,4,0,12,17,22,25,34,19,110,22.0,12,34,22,2,3,0
5293,2010-11-30,2010,11,30,1,0,3,6,11,12,25,9,57,11.4,3,25,22,3,2,0
5294,2010-12-03,2010,12,3,4,0,19,24,37,43,45,10,168,33.6,19,45,26,4,1,1
5295,2010-12-07,2010,12,7,1,0,12,28,30,44,45,9,159,31.8,12,45,33,1,4,0
5296,2010-12-10,2010,12,10,4,0,6,13,18,24,41,7,102,20.4,6,41,35,2,3,0
5297,2010-12-14,2010,12,14,1,0,12,30,31,32,35,4,140,28.0,12,35,23,2,3,1
5298,2010-12-17,2010,12,17,4,0,1,7,8,17,30,17,63,12.6,1,30,29,3,2,0
5299,2010-12-21,2010,12,21,1,0,19,25,31,39,40,14,154,30.8,19,40,21,4,1,1
5300,2010-12-24,2010,12,24,4,0,26,30,31,33,40,3,160,32.0,26,40,14,2,3,0
5301,2010-12-28,2010,12,28,1,0,5,6,7,9,17,11,44,8.8,5,17,12,4,1,0
5302,2010-12-31,2010,12,31,4,0,3,21,23,32,35,7,114,22.8,3,35,32,4,1,0
5303,2011-01-04,2011,1,4,1,0,2,12,18,30,38,10,100,20.0,2,38,36,0,5,1
5304,2011-01-07,2011,1,7,4,0,9,12,26,29,34,12,110,22.0,9,34,25,2,3,1
5305,2011-01-11,2011,1,11,1,0,14,15,22,27,37,7,115,23.0,14,37,23,3,2,0
5306,2011-01-14,2011,1,14,4,0,8,16,21,36,42,4,123,24.6,8,42,34,1,4,1
5307,2011-01-18,2011,1,18,1,0,5,10,36,41,44,18,136,27.2,5,44,39,2,3,1
5308,2011-01-21,2011,1,21,4,0,6,13,18,19,22,10,78,15.6,6,22,16,2,3,1
5309,2011-01-25,2011,1,25,1,0,3,9,12,18,38,9,80,16.0,3,38,35,2,3,0
5310,2011-01-28,2011,1,28,4,0,5,9,11,22,37,7,84,16.8,5,37,32,4,1,0
5311,2011-02-01,2011,2,1,1,0,2,5,29,39,41,7,116,23.2,2,41,39,4,1,0
5312,2011-02-04,2011,2,4,4,0,11,12,16,31,37,3,107,21.4,11,37,26,3,2,0
5313,2011-02-08,2011,2,8,1,0,14,20,22,34,35,8,125,25.0,14,35,21,1,4,1
5314,2011-02-11,2011,2,11,4,0,14,25,27,31,34,10,131,26.2,14,34,20,3,2,1
5315,2011-02-15,2011,2,15,1,0,1,17,23,41,42,17,124,24.8,1,42,41,4,1,0
5316,2011-02-18,2011,2,18,4,0,2,7,12,17,31,17,69,13.8,2,31,29,3,2,0
5317,2011-02-22,2011,2,22,1,0,4,10,12,33,35,16,94,18.8,4,35,31,2,3,1
5318,2011-02-25,2011,2,25,4,0,3,24,31,37,41,2,136,27.2,3,41,38,4,1,1
5319,2011-03-01,2011,3,1,1,0,1,7,24,28,37,15,97,19.4,1,37,36,3,2,0
5320,2011-03-04,2011,3,4,4,0,7,13,18,34,44,20,116,23.2,7,44,37,2,3,1
5321,2011-03-08,2011,3,8,1,0,17,21,31,34,41,4,144,28.8,17,41,24,4,1,1
5322,2011-03-11,2011,3,11,4,0,5,34,39,43,45,8,166,33.2,5,45,40,4,1,1
5323,2011-03-15,2011,3,15,1,0,12,22,32,36,43,10,145,29.0,12,43,31,1,4,1
5324,2011-03-18,2011,3,18,4,0,8,28,36,40,42,4,154,30.8,8,42,34,0,5,1
5325,2011-03-22,2011,3,22,1,0,8,15,24,39,41,8,127,25.4,8,41,33,3,2,1
5326,2011-03-25,2011,3,25,4,0,13,16,25,36,39,8,129,25.8,13,39,26,3,2,1
5327,2011-03-29,2011,3,29,1,0,3,15,17,24,38,13,97,19.4,3,38,35,3,2,0
5328,2011-04-01,2011,4,1,4,0,1,12,23,36,42,18,114,22.8,1,42,41,2,3,1
5329,2011-04-05,2011,4,5,1,0,16,23,25,33,34,9,131,26.2,16,34,18,3,2,0
5330,2011-04-08,2011,4,8,4,0,1,14,37,39,40,3,131,26.2,1,40,39,3,2,0
5331,2011-04-12,2011,4,12,1,0,7,20,27,35,37,10,126,25.2,7,37,30,4,1,1
5332,2011-04-15,2011,4,15,4,0,8,15,18,25,37,5,103,20.6,8,37,29,3,2,0
5333,2011-04-19,2011,4,19,1,0,8,14,15,16,38,2,91,18.2,8,38,30,1,4,1
5334,2011-04-26,2011,4,26,1,0,12,16,25,37,45,7,135,27.0,12,45,33,3,2,0
5335,2011-04-29,2011,4,29,4,0,1,15,39,41,45,7,141,28.2,1,45,44,5,0,0
5336,2011-05-03,2011,5,3,1,0,8,10,11,33,34,17,96,19.2,8,34,26,2,3,0
5337,2011-05-06,2011,5,6,4,0,4,9,20,38,45,2,116,23.2,4,45,41,2,3,1
5338,2011-05-10,2011,5,10,1,0,1,17,31,41,43,1,133,26.6,1,43,42,5,0,0
5339,2011-05-13,2011,5,13,4,0,4,10,11,32,38,6,95,19.0,4,38,34,1,4,1
5340,2011-05-17,2011,5,17,1,0,13,16,24,26,27,10,106,21.2,13,27,14,2,3,1
5341,2011-05-20,2011,5,20,4,0,3,7,10,31,42,6,93,18.6,3,42,39,3,2,1
5342,2011-05-24,2011,5,24,1,0,13,16,21,41,45,18,136,27.2,13,45,32,4,1,1
5343,2011-05-27,2011,5,27,4,0,7,16,22,34,45,17,124,24.8,7,45,38,2,3,0
5344,2011-05-31,2011,5,31,1,0,7,8,13,33,35,17,96,19.2,7,35,28,4,1,0
5345,2011-06-03,2011,6,3,4,0,6,30,31,33,36,16,136,27.2,6,36,30,2,3,1
5346,2011-06-07,2011,6,7,1,0,10,16,24,32,35,7,117,23.4,10,35,25,1,4,0
5347,2011-06-10,2011,6,10,4,0,13,24,26,30,42,16,135,27.0,13,42,29,1,4,1
5348,2011-06-14,2011,6,14,1,0,11,16,34,39,40,11,140,28.0,11,40,29,2,3,0
5349,2011-06-17,2011,6,17,4,0,15,23,33,44,45,6,160,32.0,15,45,30,4,1,1
5350,2011-06-21,2011,6,21,1,0,2,8,28,30,35,13,103,20.6,2,35,33,1,4,0
5351,2011-06-24,2011,6,24,4,0,6,18,28,31,36,20,119,23.8,6,36,30,1,4,1
5352,2011-06-28,2011,6,28,1,0,2,16,25,37,41,12,121,24.2,2,41,39,3,2,1
5353,2011-07-01,2011,7,1,4,0,2,9,31,35,37,4,114,22.8,2,37,35,4,1,1
5354,2011-07-05,2011,7,5,1,0,2,30,31,34,42,5,139,27.8,2,42,40,1,4,0
5355,2011-07-08,2011,7,8,4,0,5,22,30,32,33,18,122,24.4,5,33,28,2,3,1
5356,2011-07-12,2011,7,12,1,0,10,16,28,34,45,6,133,26.6,10,45,35,1,4,1
5357,2011-07-15,2011,7,15,4,0,9,16,19,24,28,19,96,19.2,9,28,19,2,3,0
5358,2011-07-19,2011,7,19,1,0,2,14,15,18,29,20,78,15.6,2,29,27,2,3,1
5359,2011-07-22,2011,7,22,4,0,13,22,25,26,35,13,121,24.2,13,35,22,3,2,0
5360,2011-07-26,2011,7,26,1,0,18,26,28,34,36,3,142,28.4,18,36,18,0,5,0
5361,2011-07-29,2011,7,29,4,0,7,12,23,40,42,2,124,24.8,7,42,35,2,3,1
5362,2011-08-02,2011,8,2,1,0,3,9,16,27,31,13,86,17.2,3,31,28,4,1,0
5363,2011-08-05,2011,8,5,4,0,5,9,10,21,44,10,89,17.8,5,44,39,3,2,1
5364,2011-08-09,2011,8,9,1,0,31,37,38,43,45,15,194,38.8,31,45,14,4,1,0
5365,2011-08-12,2011,8,12,4,0,2,8,39,41,43,16,133,26.6,2,43,41,3,2,1
5366,2011-08-16,2011,8,16,1,0,3,10,16,21,22,9,72,14.4,3,22,19,2,3,0
5367,2011-08-19,2011,8,19,4,0,5,14,19,21,28,11,87,17.4,5,28,23,3,2,0
5368,2011-08-23,2011,8,23,1,0,4,17,20,22,31,13,94,18.8,4,31,27,2,3,0
5369,2011-08-26,2011,8,26,4,0,10,18,20,36,39,13,123,24.6,10,39,29,1,4,0
5370,2011-08-30,2011,8,30,1,0,4,5,19,37,38,15,103,20.6,4,38,34,3,2,0
5371,2011-09-02,2011,9,2,4,0,15,25,34,43,45,1,162,32.4,15,45,30,4,1,0
5372,2011-09-06,2011,9,6,1,0,1,2,5,30,40,3,78,15.6,1,40,39,2,3,0
5373,2011-09-09,2011,9,9,4,0,10,18,23,36,40,4,127,25.4,10,40,30,1,4,1
5374,2011-09-13,2011,9,13,1,0,5,11,17,28,44,20,105,21.0,5,44,39,3,2,1
5375,2011-09-16,2011,9,16,4,0,2,3,4,28,38,20,75,15.0,2,38,36,1,4,1
5376,2011-09-20,2011,9,20,1,0,8,10,23,31,38,8,110,22.0,8,38,30,2,3,1
5377,2011-09-23,2011,9,23,4,0,5,22,24,25,27,5,103,20.6,5,27,22,3,2,0
5378,2011-09-27,2011,9,27,1,0,1,7,8,22,40,18,78,15.6,1,40,39,2,3,1
5379,2011-09-30,2011,9,30,4,0,11,21,24,28,35,17,119,23.8,11,35,24,3,2,0
5380,2011-10-04,2011,10,4,1,0,8,10,26,40,42,4,126,25.2,8,42,34,0,5,1
5381,2011-10-07,2011,10,7,4,0,33,36,38,40,44,4,191,38.2,33,44,11,1,4,1
5382,2011-10-11,2011,10,11,1,0,8,10,24,39,43,8,124,24.8,8,43,35,2,3,1
5383,2011-10-14,2011,10,14,4,0,15,20,21,31,35,5,122,24.4,15,35,20,4,1,0
5384,2011-10-18,2011,10,18,1,0,2,8,12,15,32,13,69,13.8,2,32,30,1,4,0
5385,2011-10-21,2011,10,21,4,0,2,16,23,39,42,9,122,24.4,2,42,40,2,3,0
5386,2011-10-25,2011,10,25,1,0,11,12,20,35,38,1,116,23.2,11,38,27,2,3,0
5387,2011-10-28,2011,10,28,4,0,3,15,36,37,41,6,132,26.4,3,41,38,4,1,1
5388,2011-11-01,2011,11,1,1,0,13,23,34,39,43,7,152,30.4,13,43,30,4,1,0
5389,2011-11-04,2011,11,4,4,0,9,25,31,34,42,10,141,28.2,9,42,33,3,2,1
5390,2011-11-08,2011,11,8,1,0,8,10,11,15,45,20,89,17.8,8,45,37,3,2,1
5391,2011-11-11,2011,11,11,4,0,1,6,7,10,35,14,59,11.8,1,35,34,3,2,1
5392,2011-11-15,2011,11,15,1,0,8,18,30,38,44,5,138,27.6,8,44,36,0,5,0
5393,2011-11-18,2011,11,18,4,0,9,24,36,37,45,14,151,30.2,9,45,36,3,2,1
5394,2011-11-22,2011,11,22,1,0,5,24,29,34,44,18,136,27.2,5,44,39,2,3,1
5395,2011-11-25,2011,11,25,4,0,23,26,29,41,44,14,163,32.6,23,44,21,3,2,1
5396,2011-11-29,2011,11,29,1,0,12,27,28,32,34,5,133,26.6,12,34,22,1,4,0
5397,2011-12-02,2011,12,2,4,0,5,6,25,38,40,16,114,22.8,5,40,35,2,3,1
5398,2011-12-06,2011,12,6,1,0,6,15,16,28,41,1,106,21.2,6,41,35,2,3,0
5399,2011-12-09,2011,12,9,4,0,1,3,18,36,37,11,95,19.0,1,37,36,3,2,0
5400,2011-12-13,2011,12,13,1,0,14,16,22,32,35,13,119,23.8,14,35,21,1,4,0
5401,2011-12-16,2011,12,16,4,0,14,26,28,33,45,11,146,29.2,14,45,31,2,3,0
5402,2011-12-20,2011,12,20,1,0,20,21,25,37,40,5,143,28.6,20,40,20,3,2,0
5403,2011-12-23,2011,12,23,4,0,7,13,21,22,40,20,103,20.6,7,40,33,3,2,1
5404,2011-12-27,2011,12,27,1,0,10,12,17,24,26,3,89,17.8,10,26,16,1,4,0
5405,2011-12-30,2011,12,30,4,0,11,15,20,33,37,16,116,23.2,11,37,26,4,1,1
5406,2012-01-03,2012,1,3,1,0,3,5,8,17,41,6,74,14.8,3,41,38,4,1,1
5407,2012-01-06,2012,1,6,4,0,1,21,29,32,34,20,117,23.4,1,34,33,3,2,1
5408,2012-01-10,2012,1,10,1,0,18,20,24,26,40,13,128,25.6,18,40,22,0,5,0
5409,2012-01-13,2012,1,13,4,0,15,20,23,25,40,10,123,24.6,15,40,25,3,2,1
5410,2012-01-17,2012,1,17,1,0,13,19,26,43,45,9,146,29.2,13,45,32,4,1,0
5411,2012-01-20,2012,1,20,4,0,10,15,22,29,35,18,111,22.2,10,35,25,3,2,1
5412,2012-01-24,2012,1,24,1,0,4,7,11,26,36,5,84,16.8,4,36,32,2,3,0
5413,2012-01-27,2012,1,27,4,0,2,7,28,36,39,5,112,22.4,2,39,37,2,3,0
5414,2012-01-31,2012,1,31,1,0,12,15,25,32,41,15,125,25.0,12,41,29,3,2,0
5415,2012-02-03,2012,2,3,4,0,7,9,14,15,43,15,88,17.6,7,43,36,4,1,0
5416,2012-02-07,2012,2,7,1,0,2,11,14,38,45,13,110,22.0,2,45,43,2,3,0
5417,2012-02-10,2012,2,10,4,0,6,19,23,29,35,3,112,22.4,6,35,29,4,1,0
5418,2012-02-14,2012,2,14,1,0,20,30,31,32,44,17,157,31.4,20,44,24,1,4,0
5419,2012-02-17,2012,2,17,4,0,8,26,31,38,45,7,148,29.6,8,45,37,2,3,0
5420,2012-02-21,2012,2,21,1,0,25,27,28,32,43,18,155,31.0,25,43,18,3,2,1
5421,2012-02-24,2012,2,24,4,0,17,21,26,40,45,15,149,29.8,17,45,28,3,2,0
5422,2012-02-28,2012,2,28,1,0,16,24,26,32,45,1,143,28.6,16,45,29,1,4,0
5423,2012-03-02,2012,3,2,4,0,13,24,41,43,45,19,166,33.2,13,45,32,4,1,0
5424,2012-03-06,2012,3,6,1,0,1,35,36,37,45,7,154,30.8,1,45,44,4,1,0
5425,2012-03-09,2012,3,9,4,0,2,21,22,29,40,11,114,22.8,2,40,38,2,3,0
5426,2012-03-13,2012,3,13,1,0,3,6,26,32,37,4,104,20.8,3,37,34,2,3,1
5427,2012-03-16,2012,3,16,4,0,14,18,37,41,44,3,154,30.8,14,44,30,2,3,0
5428,2012-03-20,2012,3,20,1,0,9,14,21,28,44,12,116,23.2,9,44,35,2,3,1
5429,2012-03-23,2012,3,23,4,0,6,15,23,39,45,19,128,25.6,6,45,39,4,1,0
5430,2012-03-27,2012,3,27,1,0,8,11,23,44,45,2,131,26.2,8,45,37,3,2,1
5431,2012-03-30,2012,3,30,4,0,3,5,10,18,39,18,75,15.0,3,39,36,3,2,1
5432,2012-04-03,2012,4,3,1,0,4,11,12,17,42,15,86,17.2,4,42,38,2,3,0
5433,2012-04-10,2012,4,10,1,0,13,28,30,41,43,11,155,31.0,13,43,30,3,2,0
5434,2012-04-13,2012,4,13,4,0,2,9,23,43,44,17,121,24.2,2,44,42,3,2,0
5435,2012-04-17,2012,4,17,1,0,14,15,29,30,34,7,122,24.4,14,34,20,2,3,0
5436,2012-04-20,2012,4,20,4,0,13,20,24,25,29,11,111,22.2,13,29,16,3,2,0
5437,2012-04-24,2012,4,24,1,0,3,5,22,31,45,5,106,21.2,3,45,42,4,1,0
5438,2012-04-27,2012,4,27,4,0,4,6,12,23,38,18,83,16.6,4,38,34,1,4,1
5439,2012-05-01,2012,5,1,1,0,12,17,24,30,36,14,119,23.8,12,36,24,1,4,1
5440,2012-05-04,2012,5,4,4,0,1,6,16,34,40,18,97,19.4,1,40,39,1,4,1
5441,2012-05-08,2012,5,8,1,0,4,9,10,16,20,4,59,11.8,4,20,16,1,4,1
5442,2012-05-11,2012,5,11,4,0,6,7,17,20,23,17,73,14.6,6,23,17,3,2,0
5443,2012-05-15,2012,5,15,1,0,4,7,8,19,25,12,63,12.6,4,25,21,3,2,1
5444,2012-05-18,2012,5,18,4,0,2,14,20,32,36,1,104,20.8,2,36,34,0,5,0
5445,2012-05-22,2012,5,22,1,0,1,3,22,31,38,11,95,19.0,1,38,37,3,2,0
5446,2012-05-25,2012,5,25,4,0,1,9,19,26,32,17,87,17.4,1,32,31,3,2,0
5447,2012-05-29,2012,5,29,1,0,2,6,8,30,44,10,90,18.0,2,44,42,0,5,1
5448,2012-06-01,2012,6,1,4,0,9,12,15,28,32,14,96,19.2,9,32,23,2,3,1
5449,2012-06-05,2012,6,5,1,0,9,10,26,32,33,7,110,22.0,9,33,24,2,3,0
5450,2012-06-08,2012,6,8,4,0,14,15,32,36,40,7,137,27.4,14,40,26,1,4,0
5451,2012-06-12,2012,6,12,1,0,2,16,22,36,43,19,119,23.8,2,43,41,1,4,0
5452,2012-06-15,2012,6,15,4,0,2,21,22,24,41,17,110,22.0,2,41,39,2,3,0
5453,2012-06-19,2012,6,19,1,0,12,21,27,36,45,17,141,28.2,12,45,33,3,2,0
5454,2012-06-22,2012,6,22,4,0,3,7,17,21,27,2,75,15.0,3,27,24,5,0,1
5455,2012-06-26,2012,6,26,1,0,2,17,22,39,44,20,124,24.8,2,44,42,2,3,1
5456,2012-06-29,2012,6,29,4,0,2,4,6,19,31,20,62,12.4,2,31,29,2,3,1
5457,2012-07-03,2012,7,3,1,0,16,19,37,38,39,13,149,29.8,16,39,23,3,2,0
5458,2012-07-06,2012,7,6,4,0,3,10,12,34,36,17,95,19.0,3,36,33,1,4,0
5459,2012-07-10,2012,7,10,1,0,8,9,15,23,36,11,91,18.2,8,36,28,3,2,0
5460,2012-07-13,2012,7,13,4,0,4,11,16,27,38,17,96,19.2,4,38,34,2,3,0
5461,2012-07-17,2012,7,17,1,0,1,4,20,23,34,16,82,16.4,1,34,33,2,3,1
5462,2012-07-20,2012,7,20,4,0,5,20,24,33,41,3,123,24.6,5,41,36,3,2,0
5463,2012-07-24,2012,7,24,1,0,2,5,7,15,21,6,50,10.0,2,21,19,4,1,1
5464,2012-07-27,2012,7,27,4,0,6,8,15,18,38,15,85,17.0,6,38,32,1,4,0
5465,2012-07-31,2012,7,31,1,0,7,14,23,27,32,20,103,20.6,7,32,25,3,2,1
5466,2012-08-03,2012,8,3,4,0,2,10,22,35,41,16,110,22.0,2,41,39,2,3,1
5467,2012-08-07,2012,8,7,1,0,13,20,21,26,44,8,124,24.8,13,44,31,2,3,1
5468,2012-08-10,2012,8,10,4,0,2,9,26,27,45,1,109,21.8,2,45,43,3,2,0
5469,2012-08-14,2012,8,14,1,0,5,21,26,28,33,19,113,22.6,5,33,28,3,2,0
5470,2012-08-17,2012,8,17,4,0,13,15,19,40,42,12,129,25.8,13,42,29,3,2,1
5471,2012-08-21,2012,8,21,1,0,14,16,19,38,43,3,130,26.0,14,43,29,2,3,0
5472,2012-08-24,2012,8,24,4,0,3,9,14,24,26,3,76,15.2,3,26,23,2,3,0
5473,2012-08-28,2012,8,28,1,0,1,7,8,11,40,1,67,13.4,1,40,39,3,2,0
5474,2012-08-31,2012,8,31,4,0,5,7,9,20,29,20,70,14.0,5,29,24,4,1,1
5475,2012-09-04,2012,9,4,1,0,6,15,19,30,45,14,115,23.0,6,45,39,3,2,1
5476,2012-09-07,2012,9,7,4,0,9,14,17,34,41,17,115,23.0,9,41,32,3,2,0
5477,2012-09-11,2012,9,11,1,0,13,32,34,36,45,10,160,32.0,13,45,32,2,3,1
5478,2012-09-14,2012,9,14,4,0,15,18,26,33,41,7,133,26.6,15,41,26,3,2,0
5479,2012-09-18,2012,9,18,1,0,1,27,37,40,42,16,147,29.4,1,42,41,3,2,1
5480,2012-09-21,2012,9,21,4,0,13,16,24,39,43,4,135,27.0,13,43,30,3,2,1
5481,2012-09-25,2012,9,25,1,0,2,28,32,34,45,17,141,28.2,2,45,43,1,4,0
5482,2012-09-28,2012,9,28,4,0,1,6,7,40,41,17,95,19.0,1,41,40,3,2,0
5483,2012-10-02,2012,10,2,1,0,11,18,23,31,45,13,128,25.6,11,45,34,4,1,0
5484,2012-10-05,2012,10,5,4,0,1,9,11,39,40,18,100,20.0,1,40,39,4,1,1
5485,2012-10-09,2012,10,9,1,0,3,5,6,22,26,17,62,12.4,3,26,23,2,3,0
5486,2012-10-12,2012,10,12,4,0,5,10,17,35,41,16,108,21.6,5,41,36,4,1,1
5487,2012-10-16,2012,10,16,1,0,7,9,11,29,41,8,97,19.4,7,41,34,5,0,1
5488,2012-10-19,2012,10,19,4,0,14,17,23,35,39,3,128,25.6,14,39,25,4,1,0
5489,2012-10-23,2012,10,23,1,0,8,23,24,31,42,6,128,25.6,8,42,34,2,3,1
5490,2012-10-26,2012,10,26,4,0,1,8,12,19,34,18,74,14.8,1,34,33,2,3,1
5491,2012-10-30,2012,10,30,1,0,5,16,20,41,42,20,124,24.8,5,42,37,2,3,1
5492,2012-11-02,2012,11,2,4,0,4,11,25,26,41,12,107,21.4,4,41,37,3,2,1
5493,2012-11-06,2012,11,6,1,0,9,17,18,37,41,9,122,24.4,9,41,32,4,1,0
5494,2012-11-09,2012,11,9,4,0,7,14,17,27,40,16,105,21.0,7,40,33,3,2,1
5495,2012-11-13,2012,11,13,1,0,5,7,13,18,19,8,62,12.4,5,19,14,4,1,1
5496,2012-11-16,2012,11,16,4,0,1,4,6,14,15,12,40,8.0,1,15,14,2,3,1
5497,2012-11-20,2012,11,20,1,0,3,17,26,28,33,1,107,21.4,3,33,30,3,2,0
5498,2012-11-23,2012,11,23,4,0,5,33,34,37,42,5,151,30.2,5,42,37,3,2,0
5499,2012-11-27,2012,11,27,1,0,9,17,30,34,44,18,134,26.8,9,44,35,2,3,1
5500,2012-11-30,2012,11,30,4,0,6,25,33,42,44,14,150,30.0,6,44,38,2,3,1
5501,2012-12-04,2012,12,4,1,0,5,11,20,34,45,20,115,23.0,5,45,40,3,2,1
5502,2012-12-07,2012,12,7,4,0,4,17,33,42,45,10,141,28.2,4,45,41,3,2,1
5503,2012-12-11,2012,12,11,1,0,11,16,25,28,33,1,113,22.6,11,33,22,3,2,0
5504,2012-12-14,2012,12,14,4,0,5,13,20,29,35,14,102,20.4,5,35,30,4,1,1
5505,2012-12-18,2012,12,18,1,0,13,34,36,37,39,16,159,31.8,13,39,26,3,2,1
5506,2012-12-21,2012,12,21,4,0,13,14,19,23,37,3,106,21.2,13,37,24,4,1,0
5507,2012-12-28,2012,12,28,4,0,1,12,14,32,36,16,95,19.0,1,36,35,1,4,1
5508,2013-01-01,2013,1,1,1,0,1,4,13,21,30,18,69,13.8,1,30,29,3,2,1
5509,2013-01-04,2013,1,4,4,0,10,18,21,38,44,4,131,26.2,10,44,34,1,4,1
5510,2013-01-08,2013,1,8,1,0,8,11,12,23,24,16,78,15.6,8,24,16,2,3,1
5511,2013-01-11,2013,1,11,4,0,1,4,14,20,33,4,72,14.4,1,33,32,2,3,1
5512,2013-01-15,2013,1,15,1,0,12,17,22,36,37,2,124,24.8,12,37,25,2,3,1
5513,2013-01-18,2013,1,18,4,0,13,19,29,35,39,11,135,27.0,13,39,26,5,0,0
5514,2013-01-22,2013,1,22,1,0,3,10,11,28,31,16,83,16.6,3,31,28,3,2,1
5515,2013-01-25,2013,1,25,4,0,7,15,20,23,25,12,90,18.0,7,25,18,4,1,1
5516,2013-01-29,2013,1,29,1,0,9,21,29,37,38,14,134,26.8,9,38,29,4,1,1
5517,2013-02-01,2013,2,1,4,0,23,27,32,43,44,20,169,33.8,23,44,21,3,2,1
5518,2013-02-05,2013,2,5,1,0,5,18,22,28,29,20,102,20.4,5,29,24,2,3,1
5519,2013-02-08,2013,2,8,4,0,22,25,36,38,44,3,165,33.0,22,44,22,1,4,0
5520,2013-02-12,2013,2,12,1,0,2,20,38,39,45,5,144,28.8,2,45,43,2,3,0
5521,2013-02-15,2013,2,15,4,0,3,13,26,28,34,3,104,20.8,3,34,31,2,3,0
5522,2013-02-19,2013,2,19,1,0,1,5,6,31,42,20,85,17.0,1,42,41,3,2,1
5523,2013-02-22,2013,2,22,4,0,4,16,28,32,42,19,122,24.4,4,42,38,0,5,0
5524,2013-02-26,2013,2,26,1,0,1,7,14,21,32,7,75,15.0,1,32,31,3,2,0
5525,2013-03-01,2013,3,1,4,0,13,30,33,35,45,3,156,31.2,13,45,32,4,1,0
5526,2013-03-05,2013,3,5,1,0,9,12,22,26,38,4,107,21.4,9,38,29,1,4,1
5527,2013-03-08,2013,3,8,4,0,8,19,24,34,37,15,122,24.4,8,37,29,2,3,0
5528,2013-03-12,2013,3,12,1,0,1,6,26,35,42,6,110,22.0,1,42,41,2,3,1
5529,2013-03-15,2013,3,15,4,0,22,23,29,35,38,7,147,29.4,22,38,16,3,2,0
5530,2013-03-19,2013,3,19,1,0,5,7,11,25,35,18,83,16.6,5,35,30,5,0,1
5531,2013-03-22,2013,3,22,4,0,1,5,7,9,14,15,36,7.2,1,14,13,4,1,0
5532,2013-03-26,2013,3,26,1,0,1,18,31,37,40,13,127,25.4,1,40,39,3,2,0
5533,2013-04-02,2013,4,2,1,0,4,6,8,11,13,13,42,8.4,4,13,9,2,3,0
5534,2013-04-05,2013,4,5,4,0,4,9,17,22,23,6,75,15.0,4,23,19,3,2,1
5535,2013-04-09,2013,4,9,1,0,8,9,20,38,39,19,114,22.8,8,39,31,2,3,0
5536,2013-04-12,2013,4,12,4,0,5,12,36,37,40,7,130,26.0,5,40,35,2,3,0
5537,2013-04-16,2013,4,16,1,0,8,12,29,32,44,19,125,25.0,8,44,36,1,4,0
5538,2013-04-19,2013,4,19,4,0,10,13,26,28,39,2,116,23.2,10,39,29,2,3,1
5539,2013-04-23,2013,4,23,1,0,8,12,15,21,26,17,82,16.4,8,26,18,2,3,0
5540,2013-04-26,2013,4,26,4,0,13,16,30,43,44,9,146,29.2,13,44,31,2,3,0
5541,2013-04-30,2013,4,30,1,0,12,24,28,31,32,2,127,25.4,12,32,20,1,4,1
5542,2013-05-03,2013,5,3,4,0,10,19,21,27,40,3,117,23.4,10,40,30,3,2,0
5543,2013-05-07,2013,5,7,1,0,4,5,21,37,38,6,105,21.0,4,38,34,3,2,1
5544,2013-05-10,2013,5,10,4,0,2,4,16,18,26,5,66,13.2,2,26,24,0,5,0
5545,2013-05-14,2013,5,14,1,0,1,13,19,29,37,1,99,19.8,1,37,36,5,0,0
5546,2013-05-17,2013,5,17,4,0,13,19,20,22,43,2,117,23.4,13,43,30,3,2,1
5547,2013-05-21,2013,5,21,1,0,10,11,17,37,44,18,119,23.8,10,44,34,3,2,1
5548,2013-05-24,2013,5,24,4,0,3,10,15,30,38,3,96,19.2,3,38,35,2,3,0
5549,2013-05-28,2013,5,28,1,0,25,26,29,31,34,14,145,29.0,25,34,9,3,2,1
5550,2013-05-31,2013,5,31,4,0,3,7,19,34,44,2,107,21.4,3,44,41,3,2,1
5551,2013-06-04,2013,6,4,1,0,17,25,28,34,40,12,144,28.8,17,40,23,2,3,1
5552,2013-06-07,2013,6,7,4,0,14,15,19,35,38,4,121,24.2,14,38,24,3,2,1
5553,2013-06-11,2013,6,11,1,0,6,17,22,34,36,20,115,23.0,6,36,30,1,4,1
5554,2013-06-14,2013,6,14,4,0,15,23,31,32,35,9,136,27.2,15,35,20,4,1,0
5555,2013-06-18,2013,6,18,1,0,1,5,13,14,16,3,49,9.8,1,16,15,3,2,0
5556,2013-06-21,2013,6,21,4,0,7,26,35,36,42,18,146,29.2,7,42,35,2,3,1
5557,2013-06-25,2013,6,25,1,0,2,6,18,30,34,12,90,18.0,2,34,32,0,5,1
5558,2013-06-28,2013,6,28,4,0,3,9,27,32,41,1,112,22.4,3,41,38,4,1,0
5559,2013-07-02,2013,7,2,1,0,7,12,13,18,20,1,70,14.0,7,20,13,2,3,0
5560,2013-07-05,2013,7,5,4,0,6,25,26,42,44,12,143,28.6,6,44,38,1,4,1
5561,2013-07-09,2013,7,9,1,0,1,6,26,30,37,10,100,20.0,1,37,36,2,3,1
5562,2013-07-12,2013,7,12,4,0,7,15,30,33,43,12,128,25.6,7,43,36,4,1,1
5563,2013-07-16,2013,7,16,1,0,5,7,8,31,37,18,88,17.6,5,37,32,4,1,1
5564,2013-07-19,2013,7,19,4,0,6,12,28,33,42,16,121,24.2,6,42,36,1,4,1
5565,2013-07-23,2013,7,23,1,0,6,8,12,19,36,6,81,16.2,6,36,30,1,4,1
5566,2013-07-26,2013,7,26,4,0,1,5,8,21,30,16,65,13.0,1,30,29,3,2,1
5567,2013-07-30,2013,7,30,1,0,3,4,5,20,44,9,76,15.2,3,44,41,2,3,0
5568,2013-08-02,2013,8,2,4,0,1,2,13,29,34,18,79,15.8,1,34,33,3,2,1
5569,2013-08-06,2013,8,6,1,0,10,12,25,37,41,3,125,25.0,10,41,31,3,2,0
5570,2013-08-09,2013,8,9,4,0,10,22,23,31,45,16,131,26.2,10,45,35,3,2,1
5571,2013-08-13,2013,8,13,1,0,12,15,32,42,44,16,145,29.0,12,44,32,1,4,1
5572,2013-08-16,2013,8,16,4,0,13,15,18,21,45,9,112,22.4,13,45,32,4,1,0
5573,2013-08-20,2013,8,20,1,0,10,18,35,41,43,16,147,29.4,10,43,33,3,2,1
5574,2013-08-23,2013,8,23,4,0,3,10,22,25,27,3,87,17.4,3,27,24,3,2,0
5575,2013-08-27,2013,8,27,1,0,4,23,24,35,43,20,129,25.8,4,43,39,3,2,1
5576,2013-08-30,2013,8,30,4,0,9,13,17,38,41,1,118,23.6,9,41,32,4,1,0
5577,2013-09-03,2013,9,3,1,0,17,28,32,33,36,14,146,29.2,17,36,19,2,3,1
5578,2013-09-06,2013,9,6,4,0,15,16,24,29,40,10,124,24.8,15,40,25,2,3,1
5579,2013-09-10,2013,9,10,1,0,6,13,16,22,32,1,89,17.8,6,32,26,1,4,0
5580,2013-09-13,2013,9,13,4,0,8,19,27,30,40,18,124,24.8,8,40,32,2,3,1
5581,2013-09-17,2013,9,17,1,0,11,18,22,27,29,11,107,21.4,11,29,18,3,2,0
5582,2013-09-20,2013,9,20,4,0,15,22,29,30,38,13,134,26.8,15,38,23,2,3,0
5583,2013-09-24,2013,9,24,1,0,6,23,25,26,43,2,123,24.6,6,43,37,3,2,1
5584,2013-09-27,2013,9,27,4,0,6,13,21,28,31,3,99,19.8,6,31,25,3,2,0
5585,2013-10-01,2013,10,1,1,0,1,19,24,35,37,7,116,23.2,1,37,36,4,1,0
5586,2013-10-04,2013,10,4,4,0,3,7,11,24,28,12,73,14.6,3,28,25,3,2,1
5587,2013-10-08,2013,10,8,1,0,31,39,42,43,45,10,200,40.0,31,45,14,4,1,1
5588,2013-10-11,2013,10,11,4,0,16,18,20,29,36,14,119,23.8,16,36,20,1,4,1
5589,2013-10-15,2013,10,15,1,0,27,32,35,41,45,5,180,36.0,27,45,18,4,1,0
5590,2013-10-18,2013,10,18,4,0,1,17,19,20,34,1,91,18.2,1,34,33,3,2,0
5591,2013-10-22,2013,10,22,1,0,9,15,19,24,30,20,97,19.4,9,30,21,3,2,1
5592,2013-10-25,2013,10,25,4,0,8,24,27,28,35,12,122,24.4,8,35,27,2,3,1
5593,2013-10-29,2013,10,29,1,0,6,16,35,36,43,18,136,27.2,6,43,37,2,3,1
5594,2013-11-01,2013,11,1,4,0,6,15,16,37,44,6,118,23.6,6,44,38,2,3,1
5595,2013-11-05,2013,11,5,1,0,12,26,32,42,43,10,155,31.0,12,43,31,1,4,1
5596,2013-11-08,2013,11,8,4,0,11,20,22,30,43,6,126,25.2,11,43,32,2,3,1
5597,2013-11-12,2013,11,12,1,0,2,15,22,33,35,16,107,21.4,2,35,33,3,2,1
5598,2013-11-15,2013,11,15,4,0,3,31,35,37,45,4,151,30.2,3,45,42,5,0,1
5599,2013-11-19,2013,11,19,1,0,13,19,20,24,26,4,102,20.4,13,26,13,2,3,1
5600,2013-11-22,2013,11,22,4,0,11,15,16,20,31,9,93,18.6,11,31,20,3,2,0
5601,2013-11-26,2013,11,26,1,0,5,16,19,33,34,2,107,21.4,5,34,29,3,2,1
5602,2013-11-29,2013,11,29,4,0,11,12,17,18,27,13,85,17.0,11,27,16,3,2,0
5603,2013-12-03,2013,12,3,1,0,12,17,26,27,30,1,112,22.4,12,30,18,2,3,0
5604,2013-12-06,2013,12,6,4,0,13,15,21,28,31,19,108,21.6,13,31,18,4,1,0
5605,2013-12-10,2013,12,10,1,0,1,16,21,31,37,18,106,21.2,1,37,36,4,1,1
5606,2013-12-13,2013,12,13,4,0,1,11,18,30,41,15,101,20.2,1,41,40,3,2,0
5607,2013-12-17,2013,12,17,1,0,2,7,11,26,33,6,79,15.8,2,33,31,3,2,1
5608,2013-12-20,2013,12,20,4,0,10,12,16,28,37,10,103,20.6,10,37,27,1,4,1
5609,2013-12-24,2013,12,24,1,0,1,16,23,41,44,9,125,25.0,1,44,43,3,2,0
5610,2013-12-27,2013,12,27,4,0,4,16,19,34,39,16,112,22.4,4,39,35,2,3,1
5611,2013-12-31,2013,12,31,1,0,6,14,20,31,34,12,105,21.0,6,34,28,1,4,1
5612,2014-01-03,2014,1,3,4,0,10,11,19,23,28,3,91,18.2,10,28,18,3,2,0
5613,2014-01-07,2014,1,7,1,0,28,37,39,43,44,18,191,38.2,28,44,16,3,2,1
5614,2014-01-10,2014,1,10,4,0,4,7,24,36,39,7,110,22.0,4,39,35,2,3,0
5615,2014-01-14,2014,1,14,1,0,31,34,37,42,43,8,187,37.4,31,43,12,3,2,1
5616,2014-01-17,2014,1,17,4,0,10,16,23,26,33,1,108,21.6,10,33,23,2,3,0
5617,2014-01-21,2014,1,21,1,0,1,6,9,15,39,9,70,14.0,1,39,38,4,1,0
5618,2014-01-24,2014,1,24,4,0,10,15,20,33,38,7,116,23.2,10,38,28,2,3,0
5619,2014-01-28,2014,1,28,1,0,1,8,22,40,43,13,114,22.8,1,43,42,2,3,0
5620,2014-01-31,2014,1,31,4,0,10,20,25,26,42,14,123,24.6,10,42,32,1,4,1
5621,2014-02-04,2014,2,4,1,0,4,20,21,29,40,10,114,22.8,4,40,36,2,3,1
5622,2014-02-07,2014,2,7,4,0,7,13,20,21,36,9,97,19.4,7,36,29,3,2,0
5623,2014-02-11,2014,2,11,1,0,3,7,10,13,40,5,73,14.6,3,40,37,3,2,0
5624,2014-02-14,2014,2,14,4,0,6,9,18,21,24,8,78,15.6,6,24,18,2,3,1
5625,2014-02-18,2014,2,18,1,0,2,26,36,42,43,3,149,29.8,2,43,41,1,4,0
5626,2014-02-21,2014,2,21,4,0,2,8,19,38,44,11,111,22.2,2,44,42,1,4,0
5627,2014-02-25,2014,2,25,1,0,4,7,12,27,44,17,94,18.8,4,44,40,2,3,0
5628,2014-02-28,2014,2,28,4,0,11,14,32,42,45,18,144,28.8,11,45,34,2,3,1
5629,2014-03-04,2014,3,4,1,0,2,7,26,28,30,4,93,18.6,2,30,28,1,4,1
5630,2014-03-07,2014,3,7,4,0,16,18,22,37,38,3,131,26.2,16,38,22,1,4,0
5631,2014-03-11,2014,3,11,1,0,9,19,21,25,37,16,111,22.2,9,37,28,5,0,1
5632,2014-03-14,2014,3,14,4,0,3,15,29,34,44,7,125,25.0,3,44,41,3,2,0
5633,2014-03-18,2014,3,18,1,0,1,13,17,32,35,13,98,19.6,1,35,34,4,1,0
5634,2014-03-21,2014,3,21,4,0,7,8,14,18,38,14,85,17.0,7,38,31,1,4,1
5635,2014-03-25,2014,3,25,1,0,2,17,19,29,34,3,101,20.2,2,34,32,3,2,0
5636,2014-03-28,2014,3,28,4,0,2,3,7,35,41,16,88,17.6,2,41,39,4,1,1
5637,2014-04-01,2014,4,1,1,0,14,17,24,27,34,4,116,23.2,14,34,20,2,3,1
5638,2014-04-04,2014,4,4,4,0,3,16,22,24,44,15,109,21.8,3,44,41,1,4,0
5639,2014-04-08,2014,4,8,1,0,1,2,10,33,45,18,91,18.2,1,45,44,3,2,1
5640,2014-04-11,2014,4,11,4,0,17,23,33,41,42,18,156,31.2,17,42,25,4,1,1
5641,2014-04-15,2014,4,15,1,0,2,6,10,11,37,14,66,13.2,2,37,35,2,3,1
5642,2014-04-22,2014,4,22,1,0,3,22,28,30,42,11,125,25.0,3,42,39,1,4,0
5643,2014-04-25,2014,4,25,4,0,13,15,28,29,30,7,115,23.0,13,30,17,3,2,0
5644,2014-04-29,2014,4,29,1,0,12,20,31,40,44,14,147,29.4,12,44,32,1,4,1
5645,2014-05-02,2014,5,2,4,0,11,14,24,36,41,11,126,25.2,11,41,30,2,3,0
5646,2014-05-06,2014,5,6,1,0,4,15,26,37,40,20,122,24.4,4,40,36,2,3,1
5647,2014-05-09,2014,5,9,4,0,1,5,22,26,34,16,88,17.6,1,34,33,2,3,1
5648,2014-05-13,2014,5,13,1,0,1,4,20,24,38,20,87,17.4,1,38,37,1,4,1
5649,2014-05-16,2014,5,16,4,0,8,22,25,34,37,5,126,25.2,8,37,29,2,3,0
5650,2014-05-20,2014,5,20,1,0,3,8,21,35,45,7,112,22.4,3,45,42,4,1,0
5651,2014-05-23,2014,5,23,4,0,12,22,40,42,43,12,159,31.8,12,43,31,1,4,1
5652,2014-05-27,2014,5,27,1,0,4,11,24,26,31,10,96,19.2,4,31,27,2,3,1
5653,2014-05-30,2014,5,30,4,0,1,3,35,40,43,17,122,24.4,1,43,42,4,1,0
5654,2014-06-03,2014,6,3,1,0,23,28,30,41,43,12,165,33.0,23,43,20,3,2,1
5655,2014-06-06,2014,6,6,4,0,4,10,16,29,42,11,101,20.2,4,42,38,1,4,0
5656,2014-06-10,2014,6,10,1,0,11,15,24,28,35,13,113,22.6,11,35,24,3,2,0
5657,2014-06-13,2014,6,13,4,0,12,18,21,27,34,10,112,22.4,12,34,22,2,3,1
5658,2014-06-17,2014,6,17,1,0,2,3,7,19,25,11,56,11.2,2,25,23,4,1,0
5659,2014-06-20,2014,6,20,4,0,25,27,36,37,39,4,164,32.8,25,39,14,4,1,1
5660,2014-06-24,2014,6,24,1,0,4,5,6,12,30,16,57,11.4,4,30,26,1,4,1
5661,2014-06-27,2014,6,27,4,0,11,12,14,30,32,2,99,19.8,11,32,21,1,4,1
5662,2014-07-01,2014,7,1,1,0,1,10,19,21,31,11,82,16.4,1,31,30,4,1,0
5663,2014-07-04,2014,7,4,4,0,4,19,25,31,36,3,115,23.0,4,36,32,3,2,0
5664,2014-07-08,2014,7,8,1,0,12,19,27,37,43,9,138,27.6,12,43,31,4,1,0
5665,2014-07-11,2014,7,11,4,0,6,13,27,33,35,15,114,22.8,6,35,29,4,1,0
5666,2014-07-15,2014,7,15,1,0,22,24,29,36,43,13,154,30.8,22,43,21,2,3,0
5667,2014-07-18,2014,7,18,4,0,14,17,19,22,35,17,107,21.4,14,35,21,3,2,0
5668,2014-07-22,2014,7,22,1,0,9,21,27,39,43,3,139,27.8,9,43,34,5,0,0
5669,2014-07-25,2014,7,25,4,0,9,13,28,40,45,12,135,27.0,9,45,36,3,2,1
5670,2014-07-29,2014,7,29,1,0,1,9,23,29,42,13,104,20.8,1,42,41,4,1,0
5671,2014-08-01,2014,8,1,4,0,7,14,15,35,39,4,110,22.0,7,39,32,4,1,1
5672,2014-08-05,2014,8,5,1,0,14,32,35,37,40,3,158,31.6,14,40,26,2,3,0
5673,2014-08-08,2014,8,8,4,0,10,23,35,37,39,12,144,28.8,10,39,29,4,1,1
5674,2014-08-12,2014,8,12,1,0,10,17,26,29,31,4,113,22.6,10,31,21,3,2,1
5675,2014-08-15,2014,8,15,4,0,19,31,40,41,43,13,174,34.8,19,43,24,4,1,0
5676,2014-08-19,2014,8,19,1,0,6,18,22,26,35,5,107,21.4,6,35,29,1,4,0
5677,2014-08-22,2014,8,22,4,0,5,8,21,34,35,7,103,20.6,5,35,30,3,2,0
5678,2014-08-26,2014,8,26,1,0,4,12,28,29,36,3,109,21.8,4,36,32,1,4,0
5679,2014-08-29,2014,8,29,4,0,15,23,30,41,43,13,152,30.4,15,43,28,4,1,0
5680,2014-09-02,2014,9,2,1,0,11,21,36,39,44,2,151,30.2,11,44,33,3,2,1
5681,2014-09-05,2014,9,5,4,0,1,8,24,33,43,11,109,21.8,1,43,42,3,2,0
5682,2014-09-09,2014,9,9,1,0,2,4,18,19,29,6,72,14.4,2,29,27,2,3,1
5683,2014-09-12,2014,9,12,4,0,3,21,26,27,36,18,113,22.6,3,36,33,3,2,1
5684,2014-09-16,2014,9,16,1,0,7,12,28,43,44,8,134,26.8,7,44,37,2,3,1
5685,2014-09-19,2014,9,19,4,0,9,13,25,28,34,3,109,21.8,9,34,25,3,2,0
5686,2014-09-23,2014,9,23,1,0,7,10,21,22,34,3,94,18.8,7,34,27,2,3,0
5687,2014-09-26,2014,9,26,4,0,1,3,6,34,37,1,81,16.2,1,37,36,3,2,0
5688,2014-09-30,2014,9,30,1,0,18,27,37,39,41,6,162,32.4,18,41,23,4,1,1
5689,2014-10-03,2014,10,3,4,0,20,34,38,42,43,13,177,35.4,20,43,23,1,4,0
5690,2014-10-07,2014,10,7,1,0,6,11,20,36,45,12,118,23.6,6,45,39,2,3,1
5691,2014-10-10,2014,10,10,4,0,4,9,14,17,26,2,70,14.0,4,26,22,2,3,1
5692,2014-10-14,2014,10,14,1,0,7,21,38,39,43,5,148,29.6,7,43,36,4,1,0
5693,2014-10-17,2014,10,17,4,0,6,17,22,27,35,7,107,21.4,6,35,29,3,2,0
5694,2014-10-21,2014,10,21,1,0,26,28,30,31,32,18,147,29.4,26,32,6,1,4,1
5695,2014-10-24,2014,10,24,4,0,7,21,31,37,44,10,140,28.0,7,44,37,4,1,1
5696,2014-10-28,2014,10,28,1,0,9,10,17,23,33,18,92,18.4,9,33,24,4,1,1
5697,2014-10-31,2014,10,31,4,0,4,16,21,35,36,6,112,22.4,4,36,32,2,3,1
5698,2014-11-04,2014,11,4,1,0,12,17,19,24,36,11,108,21.6,12,36,24,2,3,0
5699,2014-11-07,2014,11,7,4,0,8,14,33,41,44,9,140,28.0,8,44,36,2,3,0
5700,2014-11-11,2014,11,11,1,0,3,4,18,22,40,7,87,17.4,3,40,37,1,4,0
5701,2014-11-14,2014,11,14,4,0,3,14,27,29,45,19,118,23.6,3,45,42,4,1,0
5702,2014-11-18,2014,11,18,1,0,15,18,22,24,41,1,120,24.0,15,41,26,2,3,0
5703,2014-11-21,2014,11,21,4,0,7,10,12,32,40,14,101,20.2,7,40,33,1,4,1
5704,2014-11-25,2014,11,25,1,0,8,19,24,37,40,7,128,25.6,8,40,32,2,3,0
5705,2014-11-28,2014,11,28,4,0,21,28,33,40,43,10,165,33.0,21,43,22,3,2,1
5706,2014-12-02,2014,12,2,1,0,19,25,26,40,43,12,153,30.6,19,43,24,3,2,1
5707,2014-12-05,2014,12,5,4,0,14,20,26,28,39,12,127,25.4,14,39,25,1,4,1
5708,2014-12-09,2014,12,9,1,0,13,22,35,36,43,15,149,29.8,13,43,30,3,2,0
5709,2014-12-12,2014,12,12,4,0,26,33,34,36,38,2,167,33.4,26,38,12,1,4,1
5710,2014-12-16,2014,12,16,1,0,9,10,11,15,34,2,79,15.8,9,34,25,3,2,1
5711,2014-12-19,2014,12,19,4,0,7,9,10,29,45,7,100,20.0,7,45,38,4,1,0
5712,2014-12-23,2014,12,23,1,0,2,25,31,32,36,3,126,25.2,2,36,34,2,3,0
5713,2014-12-26,2014,12,26,4,0,10,12,13,30,45,11,110,22.0,10,45,35,2,3,0
5714,2014-12-30,2014,12,30,1,0,8,15,25,31,40,13,119,23.8,8,40,32,3,2,0
5715,2015-01-02,2015,1,2,4,0,1,14,21,41,43,16,120,24.0,1,43,42,4,1,1
5716,2015-01-06,2015,1,6,1,0,2,9,14,18,20,20,63,12.6,2,20,18,1,4,1
5717,2015-01-09,2015,1,9,4,0,2,13,15,17,31,5,78,15.6,2,31,29,4,1,0
5718,2015-01-13,2015,1,13,1,0,3,9,15,18,35,17,80,16.0,3,35,32,4,1,0
5719,2015-01-16,2015,1,16,4,0,5,7,14,29,42,4,97,19.4,5,42,37,3,2,1
5720,2015-01-20,2015,1,20,1,0,3,4,23,31,35,5,96,19.2,3,35,32,4,1,0
5721,2015-01-23,2015,1,23,4,0,1,8,11,29,34,13,83,16.6,1,34,33,3,2,0
5722,2015-01-27,2015,1,27,1,0,12,26,28,31,35,13,132,26.4,12,35,23,2,3,0
5723,2015-01-30,2015,1,30,4,0,4,23,25,43,45,17,140,28.0,4,45,41,4,1,0
5724,2015-02-03,2015,2,3,1,0,11,12,25,41,42,20,131,26.2,11,42,31,3,2,1
5725,2015-02-06,2015,2,6,4,0,17,23,36,38,42,2,156,31.2,17,42,25,2,3,1
5726,2015-02-10,2015,2,10,1,0,10,20,27,31,33,6,121,24.2,10,33,23,3,2,1
5727,2015-02-13,2015,2,13,4,0,6,11,20,27,37,20,101,20.2,6,37,31,3,2,1
5728,2015-02-17,2015,2,17,1,0,1,5,9,18,40,17,73,14.6,1,40,39,3,2,0
5729,2015-02-20,2015,2,20,4,0,2,11,12,19,40,12,84,16.8,2,40,38,2,3,1
5730,2015-02-24,2015,2,24,1,0,13,14,18,25,39,20,109,21.8,13,39,26,3,2,1
5731,2015-02-27,2015,2,27,4,0,4,9,27,31,41,11,112,22.4,4,41,37,4,1,0
5732,2015-03-03,2015,3,3,1,0,1,27,30,33,38,9,129,25.8,1,38,37,3,2,0
5733,2015-03-06,2015,3,6,4,0,10,21,23,25,45,9,124,24.8,10,45,35,4,1,0
5734,2015-03-10,2015,3,10,1,0,24,26,27,31,33,18,141,28.2,24,33,9,3,2,1
5735,2015-03-13,2015,3,13,4,0,18,19,20,22,43,6,122,24.4,18,43,25,2,3,1
5736,2015-03-17,2015,3,17,1,0,12,15,26,34,41,16,128,25.6,12,41,29,2,3,1
5737,2015-03-20,2015,3,20,4,0,11,17,27,34,42,9,131,26.2,11,42,31,3,2,0
5738,2015-03-24,2015,3,24,1,0,5,17,21,25,36,16,104,20.8,5,36,31,4,1,1
5739,2015-03-27,2015,3,27,4,0,8,23,33,35,40,17,139,27.8,8,40,32,3,2,0
5740,2015-03-31,2015,3,31,1,0,5,6,20,26,27,15,84,16.8,5,27,22,2,3,0
5741,2015-04-07,2015,4,7,1,0,5,16,22,24,40,7,107,21.4,5,40,35,1,4,0
5742,2015-04-10,2015,4,10,4,0,12,13,17,22,28,18,92,18.4,12,28,16,2,3,1
5743,2015-04-14,2015,4,14,1,0,20,22,23,29,33,19,127,25.4,20,33,13,3,2,0
5744,2015-04-17,2015,4,17,4,0,5,6,26,31,41,16,109,21.8,5,41,36,3,2,1
5745,2015-04-21,2015,4,21,1,0,7,9,22,28,35,15,101,20.2,7,35,28,3,2,0
5746,2015-04-24,2015,4,24,4,0,4,13,20,31,38,1,106,21.2,4,38,34,2,3,0
5747,2015-04-28,2015,4,28,1,0,11,27,37,39,44,3,158,31.6,11,44,33,4,1,0
5748,2015-05-01,2015,5,1,4,0,4,8,20,35,45,16,112,22.4,4,45,41,2,3,1
5749,2015-05-05,2015,5,5,1,0,4,8,18,22,38,15,90,18.0,4,38,34,0,5,0
5750,2015-05-08,2015,5,8,4,0,2,22,37,38,43,15,142,28.4,2,43,41,2,3,0
5751,2015-05-12,2015,5,12,1,0,18,21,24,28,41,15,132,26.4,18,41,23,2,3,0
5752,2015-05-15,2015,5,15,4,0,8,26,40,44,45,7,163,32.6,8,45,37,1,4,0
5753,2015-05-19,2015,5,19,1,0,3,21,25,26,36,1,111,22.2,3,36,33,3,2,0
5754,2015-05-22,2015,5,22,4,0,9,31,32,40,41,10,153,30.6,9,41,32,3,2,1
5755,2015-05-26,2015,5,26,1,0,12,13,20,31,36,19,112,22.4,12,36,24,2,3,0
5756,2015-05-29,2015,5,29,4,0,4,12,17,25,29,5,87,17.4,4,29,25,3,2,0
5757,2015-06-02,2015,6,2,1,0,6,8,11,19,22,17,66,13.2,6,22,16,2,3,0
5758,2015-06-05,2015,6,5,4,0,5,9,21,25,35,4,95,19.0,5,35,30,5,0,1
5759,2015-06-09,2015,6,9,1,0,2,8,16,18,30,12,74,14.8,2,30,28,0,5,1
5760,2015-06-12,2015,6,12,4,0,21,26,28,30,44,10,149,29.8,21,44,23,1,4,1
5761,2015-06-16,2015,6,16,1,0,10,13,15,22,30,1,90,18.0,10,30,20,2,3,0
5762,2015-06-19,2015,6,19,4,0,1,22,29,34,35,15,121,24.2,1,35,34,3,2,0
5763,2015-06-23,2015,6,23,1,0,4,11,19,24,42,6,100,20.0,4,42,38,2,3,1
5764,2015-06-26,2015,6,26,4,0,11,12,24,27,32,20,106,21.2,11,32,21,2,3,1
5765,2015-06-30,2015,6,30,1,0,12,15,25,39,44,19,135,27.0,12,44,32,3,2,0
5766,2015-07-03,2015,7,3,4,0,2,9,19,24,26,14,80,16.0,2,26,24,2,3,1
5767,2015-07-07,2015,7,7,1,0,11,16,20,22,38,5,107,21.4,11,38,27,1,4,0
5768,2015-07-10,2015,7,10,4,0,10,11,14,19,34,14,88,17.6,10,34,24,2,3,1
5769,2015-07-14,2015,7,14,1,0,8,12,15,25,36,10,96,19.2,8,36,28,2,3,1
5770,2015-07-17,2015,7,17,4,0,8,23,24,42,44,4,141,28.2,8,44,36,1,4,1
5771,2015-07-21,2015,7,21,1,0,4,18,19,21,29,17,91,18.2,4,29,25,3,2,0
5772,2015-07-24,2015,7,24,4,0,12,34,35,38,39,3,158,31.6,12,39,27,2,3,0
5773,2015-07-28,2015,7,28,1,0,6,21,23,36,43,18,129,25.8,6,43,37,3,2,1
5774,2015-07-31,2015,7,31,4,0,4,9,28,35,38,14,114,22.8,4,38,34,2,3,1
5775,2015-08-04,2015,8,4,1,0,4,7,8,26,36,13,81,16.2,4,36,32,1,4,0
5776,2015-08-07,2015,8,7,4,0,9,10,19,28,45,12,111,22.2,9,45,36,3,2,1
5777,2015-08-11,2015,8,11,1,0,11,14,20,24,44,16,113,22.6,11,44,33,1,4,1
5778,2015-08-14,2015,8,14,4,0,2,17,26,32,43,11,120,24.0,2,43,41,2,3,0
5779,2015-08-18,2015,8,18,1,0,6,20,30,40,43,13,139,27.8,6,43,37,1,4,0
5780,2015-08-21,2015,8,21,4,0,8,14,23,26,45,1,116,23.2,8,45,37,2,3,0
5781,2015-08-25,2015,8,25,1,0,2,11,19,20,31,10,83,16.6,2,31,29,3,2,1
5782,2015-08-28,2015,8,28,4,0,10,16,18,20,31,17,95,19.0,10,31,21,1,4,0
5783,2015-09-01,2015,9,1,1,0,23,30,31,44,45,7,173,34.6,23,45,22,3,2,0
5784,2015-09-04,2015,9,4,4,0,1,25,29,43,44,13,142,28.4,1,44,43,4,1,0
5785,2015-09-08,2015,9,8,1,0,1,12,13,14,23,20,63,12.6,1,23,22,3,2,1
5786,2015-09-11,2015,9,11,4,0,2,6,22,23,41,9,94,18.8,2,41,39,2,3,0
5787,2015-09-15,2015,9,15,1,0,5,19,21,42,43,17,130,26.0,5,43,38,4,1,0
5788,2015-09-18,2015,9,18,4,0,5,17,25,40,45,6,132,26.4,5,45,40,4,1,1
5789,2015-09-22,2015,9,22,1,0,2,21,22,25,31,19,101,20.2,2,31,29,3,2,0
5790,2015-09-25,2015,9,25,4,0,14,20,21,26,32,12,113,22.6,14,32,18,1,4,1
5791,2015-09-29,2015,9,29,1,0,10,11,12,24,35,19,92,18.4,10,35,25,2,3,0
5792,2015-10-02,2015,10,2,4,0,6,9,14,32,43,1,104,20.8,6,43,37,2,3,0
5793,2015-10-06,2015,10,6,1,0,24,35,38,42,44,9,183,36.6,24,44,20,1,4,0
5794,2015-10-09,2015,10,9,4,0,14,17,32,41,43,5,147,29.4,14,43,29,3,2,0
5795,2015-10-13,2015,10,13,1,0,7,11,14,23,34,3,89,17.8,7,34,27,3,2,0
5796,2015-10-16,2015,10,16,4,0,28,34,41,42,45,8,190,38.0,28,45,17,2,3,1
5797,2015-10-20,2015,10,20,1,0,13,14,17,35,44,6,123,24.6,13,44,31,3,2,1
5798,2015-10-23,2015,10,23,4,0,1,5,27,33,37,10,103,20.6,1,37,36,5,0,1
5799,2015-10-27,2015,10,27,1,0,5,13,18,27,41,3,104,20.8,5,41,36,4,1,0
5800,2015-10-30,2015,10,30,4,0,3,6,18,40,44,12,111,22.2,3,44,41,1,4,1
5801,2015-11-03,2015,11,3,1,0,1,7,10,37,45,3,100,20.0,1,45,44,4,1,0
5802,2015-11-06,2015,11,6,4,0,19,24,30,40,42,10,155,31.0,19,42,23,1,4,1
5803,2015-11-10,2015,11,10,1,0,6,21,22,28,43,2,120,24.0,6,43,37,2,3,1
5804,2015-11-13,2015,11,13,4,0,2,11,16,31,45,20,105,21.0,2,45,43,3,2,1
5805,2015-11-17,2015,11,17,1,0,17,29,35,38,40,13,159,31.8,17,40,23,3,2,0
5806,2015-11-20,2015,11,20,4,0,10,16,29,37,41,7,133,26.6,10,41,31,3,2,0
5807,2015-11-24,2015,11,24,1,0,30,33,34,44,45,8,186,37.2,30,45,15,2,3,1
5808,2015-11-27,2015,11,27,4,0,1,19,28,42,44,18,134,26.8,1,44,43,2,3,1
5809,2015-12-01,2015,12,1,1,0,4,10,18,23,34,1,89,17.8,4,34,30,1,4,0
5810,2015-12-04,2015,12,4,4,0,7,18,34,35,41,1,135,27.0,7,41,34,3,2,0
5811,2015-12-08,2015,12,8,1,0,7,10,12,24,26,7,79,15.8,7,26,19,1,4,0
5812,2015-12-11,2015,12,11,4,0,1,3,5,11,38,13,58,11.6,1,38,37,4,1,0
5813,2015-12-15,2015,12,15,1,0,4,11,18,20,42,12,95,19.0,4,42,38,1,4,1
5814,2015-12-18,2015,12,18,4,0,3,35,40,43,45,5,166,33.2,3,45,42,4,1,0
5815,2015-12-22,2015,12,22,1,0,3,8,16,38,43,9,108,21.6,3,43,40,2,3,0
5816,2015-12-29,2015,12,29,1,0,5,7,14,25,30,3,81,16.2,5,30,25,3,2,0
5817,2016-01-01,2016,1,1,4,0,13,17,24,34,40,18,128,25.6,13,40,27,2,3,1
5818,2016-01-05,2016,1,5,1,0,24,29,38,39,45,18,175,35.0,24,45,21,3,2,1
5819,2016-01-08,2016,1,8,4,0,15,17,38,39,43,11,152,30.4,15,43,28,4,1,0
5820,2016-01-12,2016,1,12,1,0,10,16,27,29,36,13,118,23.6,10,36,26,2,3,0
5821,2016-01-15,2016,1,15,4,0,4,9,19,31,32,1,95,19.0,4,32,28,3,2,0
5822,2016-01-19,2016,1,19,1,0,1,4,9,35,39,5,88,17.6,1,39,38,4,1,0
5823,2016-01-22,2016,1,22,4,0,1,5,15,23,43,11,87,17.4,1,43,42,5,0,0
5824,2016-01-26,2016,1,26,1,0,3,12,16,27,37,12,95,19.0,3,37,34,3,2,1
5825,2016-01-29,2016,1,29,4,0,5,14,20,24,28,5,91,18.2,5,28,23,1,4,0
5826,2016-02-02,2016,2,2,1,0,7,8,32,35,44,9,126,25.2,7,44,37,2,3,0
5827,2016-02-05,2016,2,5,4,0,6,15,16,31,40,9,108,21.6,6,40,34,2,3,0
5828,2016-02-09,2016,2,9,1,0,14,21,41,42,43,4,161,32.2,14,43,29,3,2,1
5829,2016-02-12,2016,2,12,4,0,9,32,40,42,44,19,167,33.4,9,44,35,1,4,0
5830,2016-02-16,2016,2,16,1,0,5,9,11,14,42,7,81,16.2,5,42,37,3,2,0
5831,2016-02-19,2016,2,19,4,0,12,14,15,23,41,18,105,21.0,12,41,29,3,2,1
5832,2016-02-23,2016,2,23,1,0,3,15,16,23,24,3,81,16.2,3,24,21,3,2,0
5833,2016-02-26,2016,2,26,4,0,5,12,35,36,38,17,126,25.2,5,38,33,2,3,0
5834,2016-03-01,2016,3,1,1,0,4,8,15,17,27,1,71,14.2,4,27,23,3,2,0
5835,2016-03-04,2016,3,4,4,0,1,6,30,40,43,6,120,24.0,1,43,42,2,3,1
5836,2016-03-08,2016,3,8,1,0,2,6,15,26,39,12,88,17.6,2,39,37,2,3,1
5837,2016-03-11,2016,3,11,4,0,1,2,3,13,34,11,53,10.6,1,34,33,3,2,0
5838,2016-03-15,2016,3,15,1,0,4,7,32,41,44,11,128,25.6,4,44,40,2,3,0
5839,2016-03-18,2016,3,18,4,0,14,17,26,32,33,14,122,24.4,14,33,19,2,3,1
5840,2016-03-22,2016,3,22,1,0,11,13,23,42,43,4,132,26.4,11,43,32,4,1,1
5841,2016-03-25,2016,3,25,4,0,1,7,12,21,33,2,74,14.8,1,33,32,4,1,1
5842,2016-03-29,2016,3,29,1,0,4,28,37,40,45,14,154,30.8,4,45,41,2,3,1
5843,2016-04-01,2016,4,1,4,0,11,15,31,37,43,11,137,27.4,11,43,32,5,0,0
5844,2016-04-05,2016,4,5,1,0,4,24,27,36,40,8,131,26.2,4,40,36,1,4,1
5845,2016-04-08,2016,4,8,4,0,24,28,34,35,43,13,164,32.8,24,43,19,2,3,0
5846,2016-04-12,2016,4,12,1,0,2,16,18,20,24,16,80,16.0,2,24,22,0,5,1
5847,2016-04-15,2016,4,15,4,0,20,29,33,37,38,6,157,31.4,20,38,18,3,2,1
5848,2016-04-19,2016,4,19,1,0,10,11,12,32,33,17,98,19.6,10,33,23,2,3,0
5849,2016-04-22,2016,4,22,4,0,1,4,12,18,29,16,64,12.8,1,29,28,2,3,1
5850,2016-04-26,2016,4,26,1,0,1,3,16,19,31,13,70,14.0,1,31,30,4,1,0
5851,2016-04-29,2016,4,29,4,0,3,11,22,35,41,9,112,22.4,3,41,38,4,1,0
5852,2016-05-03,2016,5,3,1,0,1,15,23,32,41,11,112,22.4,1,41,40,4,1,0
5853,2016-05-06,2016,5,6,4,0,3,13,24,41,44,5,125,25.0,3,44,41,3,2,0
5854,2016-05-10,2016,5,10,1,0,5,20,26,27,33,18,111,22.2,5,33,28,3,2,1
5855,2016-05-13,2016,5,13,4,0,3,5,23,29,37,20,97,19.4,3,37,34,5,0,1
5856,2016-05-17,2016,5,17,1,0,8,15,17,24,30,18,94,18.8,8,30,22,2,3,1
5857,2016-05-20,2016,5,20,4,0,21,29,32,36,43,3,161,32.2,21,43,22,3,2,0
5858,2016-05-24,2016,5,24,1,0,8,12,23,24,31,15,98,19.6,8,31,23,2,3,0
5859,2016-05-27,2016,5,27,4,0,7,15,24,28,29,2,103,20.6,7,29,22,3,2,1
5860,2016-05-31,2016,5,31,1,0,3,28,38,39,42,16,150,30.0,3,42,39,2,3,1
5861,2016-06-03,2016,6,3,4,0,7,14,20,37,43,12,121,24.2,7,43,36,3,2,1
5862,2016-06-07,2016,6,7,1,0,3,4,11,23,37,17,78,15.6,3,37,34,4,1,0
5863,2016-06-10,2016,6,10,4,0,3,6,17,21,27,10,74,14.8,3,27,24,4,1,1
5864,2016-06-14,2016,6,14,1,0,20,24,40,44,45,17,173,34.6,20,45,25,1,4,0
5865,2016-06-17,2016,6,17,4,0,7,9,23,39,45,10,123,24.6,7,45,38,5,0,1
5866,2016-06-21,2016,6,21,1,0,3,13,22,26,43,18,107,21.4,3,43,40,3,2,1
5867,2016-06-24,2016,6,24,4,0,1,7,9,21,43,9,81,16.2,1,43,42,5,0,0
5868,2016-06-28,2016,6,28,1,0,4,5,7,10,34,16,60,12.0,4,34,30,2,3,1
5869,2016-07-01,2016,7,1,4,0,17,20,22,27,41,18,127,25.4,17,41,24,3,2,1
5870,2016-07-05,2016,7,5,1,0,9,17,19,29,42,15,116,23.2,9,42,33,4,1,0
5871,2016-07-08,2016,7,8,4,0,1,12,26,36,37,3,112,22.4,1,37,36,2,3,0
5872,2016-07-12,2016,7,12,1,0,4,12,23,31,41,5,111,22.2,4,41,37,3,2,0
5873,2016-07-15,2016,7,15,4,0,2,14,31,34,37,12,118,23.6,2,37,35,2,3,1
5874,2016-07-19,2016,7,19,1,0,2,31,34,38,39,5,144,28.8,2,39,37,2,3,0
5875,2016-07-22,2016,7,22,4,0,1,7,16,28,35,3,87,17.4,1,35,34,3,2,0
5876,2016-07-26,2016,7,26,1,0,1,6,16,22,25,13,70,14.0,1,25,24,2,3,0
5877,2016-07-29,2016,7,29,4,0,4,12,31,41,42,19,130,26.0,4,42,38,2,3,0
5878,2016-08-02,2016,8,2,1,0,8,11,14,30,42,8,105,21.0,8,42,34,1,4,1
5879,2016-08-05,2016,8,5,4,0,3,21,34,37,40,20,135,27.0,3,40,37,3,2,1
5880,2016-08-09,2016,8,9,1,0,5,13,17,24,36,18,95,19.0,5,36,31,3,2,1
5881,2016-08-12,2016,8,12,4,0,10,15,35,38,39,13,137,27.4,10,39,29,3,2,0
5882,2016-08-16,2016,8,16,1,0,7,8,16,30,44,14,105,21.0,7,44,37,1,4,1
5883,2016-08-19,2016,8,19,4,0,6,18,32,33,36,4,125,25.0,6,36,30,1,4,1
5884,2016-08-23,2016,8,23,1,0,9,13,19,26,43,8,110,22.0,9,43,34,4,1,1
5885,2016-08-26,2016,8,26,4,0,2,12,14,32,42,8,102,20.4,2,42,40,0,5,1
5886,2016-08-30,2016,8,30,1,0,4,9,14,18,34,10,79,15.8,4,34,30,1,4,1
5887,2016-09-02,2016,9,2,4,0,20,23,30,38,41,10,152,30.4,20,41,21,2,3,1
5888,2016-09-06,2016,9,6,1,0,4,18,39,43,44,12,148,29.6,4,44,40,2,3,1
5889,2016-09-09,2016,9,9,4,0,2,18,35,37,41,15,133,26.6,2,41,39,3,2,0
5890,2016-09-13,2016,9,13,1,0,1,5,16,21,40,2,83,16.6,1,40,39,3,2,1
5891,2016-09-16,2016,9,16,4,0,1,12,33,34,37,16,117,23.4,1,37,36,3,2,1
5892,2016-09-20,2016,9,20,1,0,2,18,29,32,44,20,125,25.0,2,44,42,1,4,1
5893,2016-09-23,2016,9,23,4,0,3,11,30,32,37,3,113,22.6,3,37,34,3,2,0
5894,2016-09-27,2016,9,27,1,0,3,11,34,37,45,15,130,26.0,3,45,42,4,1,0
5895,2016-09-30,2016,9,30,4,0,5,15,16,25,36,16,97,19.4,5,36,31,3,2,1
5896,2016-10-04,2016,10,4,1,0,4,16,18,25,30,6,93,18.6,4,30,26,1,4,1
5897,2016-10-07,2016,10,7,4,0,2,14,24,34,45,7,119,23.8,2,45,43,1,4,0
5898,2016-10-11,2016,10,11,1,0,15,23,24,26,36,19,124,24.8,15,36,21,2,3,0
5899,2016-10-14,2016,10,14,4,0,4,12,31,38,40,3,125,25.0,4,40,36,1,4,0
5900,2016-10-18,2016,10,18,1,0,7,19,35,41,44,16,146,29.2,7,44,37,4,1,1
5901,2016-10-21,2016,10,21,4,0,8,15,20,22,29,19,94,18.8,8,29,21,2,3,0
5902,2016-10-25,2016,10,25,1,0,8,24,27,30,43,14,132,26.4,8,43,35,2,3,1
5903,2016-10-28,2016,10,28,4,0,9,10,18,25,36,3,98,19.6,9,36,27,2,3,0
5904,2016-11-01,2016,11,1,1,0,24,25,26,37,44,12,156,31.2,24,44,20,2,3,1
5905,2016-11-04,2016,11,4,4,0,5,14,23,31,36,19,109,21.8,5,36,31,3,2,0
5906,2016-11-08,2016,11,8,1,0,5,30,40,43,44,2,162,32.4,5,44,39,2,3,1
5907,2016-11-11,2016,11,11,4,0,1,3,20,35,36,12,95,19.0,1,36,35,3,2,1
5908,2016-11-15,2016,11,15,1,0,11,17,23,42,45,13,138,27.6,11,45,34,4,1,0
5909,2016-11-18,2016,11,18,4,0,2,7,12,18,21,10,60,12.0,2,21,19,2,3,1
5910,2016-11-22,2016,11,22,1,0,17,18,19,25,36,13,115,23.0,17,36,19,3,2,0
5911,2016-11-25,2016,11,25,4,0,5,21,22,28,33,18,109,21.8,5,33,28,3,2,1
5912,2016-11-29,2016,11,29,1,0,4,9,22,31,41,12,107,21.4,4,41,37,3,2,1
5913,2016-12-02,2016,12,2,4,0,1,11,24,28,42,9,106,21.2,1,42,41,2,3,0
5914,2016-12-06,2016,12,6,1,0,1,24,29,33,38,20,125,25.0,1,38,37,3,2,1
5915,2016-12-09,2016,12,9,4,0,1,2,8,10,14,9,35,7.0,1,14,13,1,4,0
5916,2016-12-13,2016,12,13,1,0,7,8,23,26,33,16,97,19.4,7,33,26,3,2,1
5917,2016-12-16,2016,12,16,4,0,8,15,26,28,35,10,112,22.4,8,35,27,2,3,1
5918,2016-12-20,2016,12,20,1,0,1,9,17,20,23,12,70,14.0,1,23,22,4,1,1
5919,2016-12-23,2016,12,23,4,0,1,4,6,11,16,2,38,7.6,1,16,15,2,3,1
5920,2016-12-27,2016,12,27,1,0,8,16,20,21,36,4,101,20.2,8,36,28,1,4,1
5921,2016-12-30,2016,12,30,4,0,14,31,33,42,44,15,164,32.8,14,44,30,2,3,0
5922,2017-01-03,2017,1,3,1,0,6,16,26,29,31,8,108,21.6,6,31,25,2,3,1
5923,2017-01-06,2017,1,6,4,0,11,14,30,40,42,9,137,27.4,11,42,31,1,4,0
5924,2017-01-10,2017,1,10,1,0,6,20,25,28,31,10,110,22.0,6,31,25,2,3,1
5925,2017-01-13,2017,1,13,4,0,14,20,21,26,38,18,119,23.8,14,38,24,1,4,1
5926,2017-01-17,2017,1,17,1,0,12,29,35,36,41,10,153,30.6,12,41,29,3,2,1
5927,2017-01-20,2017,1,20,4,0,5,7,17,23,41,6,93,18.6,5,41,36,5,0,1
5928,2017-01-24,2017,1,24,1,0,7,19,33,35,39,5,133,26.6,7,39,32,5,0,0
5929,2017-01-27,2017,1,27,4,0,4,5,16,28,30,10,83,16.6,4,30,26,1,4,1
5930,2017-01-31,2017,1,31,1,0,2,9,31,40,45,3,127,25.4,2,45,43,3,2,0
5931,2017-02-03,2017,2,3,4,0,20,22,37,39,43,17,161,32.2,20,43,23,3,2,0
5932,2017-02-07,2017,2,7,1,0,7,16,18,30,39,2,110,22.0,7,39,32,2,3,1
5933,2017-02-10,2017,2,10,4,0,1,12,21,24,42,5,100,20.0,1,42,41,2,3,0
5934,2017-02-14,2017,2,14,1,0,5,12,14,39,42,17,112,22.4,5,42,37,2,3,0
5935,2017-02-17,2017,2,17,4,0,9,20,23,39,42,6,133,26.6,9,42,33,3,2,1
5936,2017-02-21,2017,2,21,1,0,9,11,14,29,37,5,100,20.0,9,37,28,4,1,0
5937,2017-02-24,2017,2,24,4,0,6,9,20,30,38,11,103,20.6,6,38,32,1,4,0
5938,2017-02-28,2017,2,28,1,0,9,15,20,42,45,5,131,26.2,9,45,36,3,2,0
5939,2017-03-03,2017,3,3,4,0,1,19,24,34,41,16,119,23.8,1,41,40,3,2,1
5940,2017-03-07,2017,3,7,1,0,6,10,14,35,44,5,109,21.8,6,44,38,1,4,0
5941,2017-03-10,2017,3,10,4,0,11,20,24,28,33,2,116,23.2,11,33,22,2,3,1
5942,2017-03-14,2017,3,14,1,0,11,19,31,33,36,10,130,26.0,11,36,25,4,1,1
5943,2017-03-17,2017,3,17,4,0,6,15,20,31,37,8,109,21.8,6,37,31,3,2,1
5944,2017-03-21,2017,3,21,1,0,7,9,10,33,34,14,93,18.6,7,34,27,3,2,1
5945,2017-03-24,2017,3,24,4,0,1,3,5,13,15,11,37,7.4,1,15,14,5,0,0
5946,2017-03-28,2017,3,28,1,0,2,6,7,22,27,3,64,12.8,2,27,25,2,3,0
5947,2017-03-31,2017,3,31,4,0,9,11,20,22,36,13,98,19.6,9,36,27,2,3,0
5948,2017-04-04,2017,4,4,1,0,10,19,28,33,34,1,124,24.8,10,34,24,2,3,0
5949,2017-04-07,2017,4,7,4,0,20,21,24,34,43,20,142,28.4,20,43,23,2,3,1
5950,2017-04-11,2017,4,11,1,0,14,18,24,27,38,18,121,24.2,14,38,24,1,4,1
5951,2017-04-14,2017,4,14,4,0,13,17,20,33,42,4,125,25.0,13,42,29,3,2,1
5952,2017-04-18,2017,4,18,1,0,2,5,21,24,25,1,77,15.4,2,25,23,3,2,0
5953,2017-04-21,2017,4,21,4,0,3,7,11,29,40,18,90,18.0,3,40,37,4,1,1
5954,2017-04-25,2017,4,25,1,0,2,19,25,30,32,13,108,21.6,2,32,30,2,3,0
5955,2017-04-28,2017,4,28,4,0,8,23,24,40,44,7,139,27.8,8,44,36,1,4,0
5956,2017-05-02,2017,5,2,1,0,2,10,12,27,32,13,83,16.6,2,32,30,1,4,0
5957,2017-05-05,2017,5,5,4,0,8,9,21,24,26,4,88,17.6,8,26,18,2,3,1
5958,2017-05-09,2017,5,9,1,0,18,19,23,37,43,14,140,28.0,18,43,25,4,1,1
5959,2017-05-12,2017,5,12,4,0,1,3,15,30,37,5,86,17.2,1,37,36,4,1,0
5960,2017-05-16,2017,5,16,1,0,9,20,30,36,38,13,133,26.6,9,38,29,1,4,0
5961,2017-05-19,2017,5,19,4,0,1,2,9,17,37,7,66,13.2,1,37,36,4,1,0
5962,2017-05-23,2017,5,23,1,0,4,7,15,22,26,4,74,14.8,4,26,22,2,3,1
5963,2017-05-26,2017,5,26,4,0,13,26,29,31,37,7,136,27.2,13,37,24,4,1,0
5964,2017-05-30,2017,5,30,1,0,12,14,25,26,39,2,116,23.2,12,39,27,2,3,1
5965,2017-06-02,2017,6,2,4,0,7,11,16,38,45,20,117,23.4,7,45,38,3,2,1
5966,2017-06-06,2017,6,6,1,0,1,27,28,32,43,12,131,26.2,1,43,42,3,2,1
5967,2017-06-09,2017,6,9,4,0,11,12,17,19,35,1,94,18.8,11,35,24,4,1,0
5968,2017-06-13,2017,6,13,1,0,13,18,32,36,45,14,144,28.8,13,45,32,2,3,1
5969,2017-06-16,2017,6,16,4,0,4,7,25,28,33,14,97,19.4,4,33,29,3,2,1
5970,2017-06-20,2017,6,20,1,0,14,21,28,38,40,18,141,28.2,14,40,26,1,4,1
5971,2017-06-23,2017,6,23,4,0,14,20,33,44,45,19,156,31.2,14,45,31,2,3,0
5972,2017-06-27,2017,6,27,1,0,26,27,30,32,45,16,160,32.0,26,45,19,2,3,1
5973,2017-06-30,2017,6,30,4,0,4,5,10,23,28,3,70,14.0,4,28,24,2,3,0
5974,2017-07-04,2017,7,4,1,0,5,7,10,15,30,5,67,13.4,5,30,25,3,2,0
5975,2017-07-07,2017,7,7,4,0,9,16,18,32,43,2,118,23.6,9,43,34,2,3,1
5976,2017-07-11,2017,7,11,1,0,2,15,19,27,34,19,97,19.4,2,34,32,3,2,0
5977,2017-07-14,2017,7,14,4,0,21,28,29,31,35,8,144,28.8,21,35,14,4,1,1
5978,2017-07-18,2017,7,18,1,0,23,25,30,40,43,20,161,32.2,23,43,20,3,2,1
5979,2017-07-21,2017,7,21,4,0,7,20,29,40,43,6,139,27.8,7,43,36,3,2,1
5980,2017-07-25,2017,7,25,1,0,12,18,22,29,44,6,125,25.0,12,44,32,1,4,1
5981,2017-07-28,2017,7,28,4,0,7,28,30,35,39,1,139,27.8,7,39,32,3,2,0
5982,2017-08-01,2017,8,1,1,0,5,18,36,40,42,5,141,28.2,5,42,37,1,4,0
5983,2017-08-04,2017,8,4,4,0,15,17,24,25,28,17,109,21.8,15,28,13,3,2,0
5984,2017-08-08,2017,8,8,1,0,3,5,12,14,22,9,56,11.2,3,22,19,2,3,0
5985,2017-08-11,2017,8,11,4,0,11,28,31,32,41,18,143,28.6,11,41,30,3,2,1
5986,2017-08-15,2017,8,15,1,0,4,17,27,34,35,5,117,23.4,4,35,31,3,2,0
5987,2017-08-18,2017,8,18,4,0,13,23,30,34,40,11,140,28.0,13,40,27,2,3,0
5988,2017-08-22,2017,8,22,1,0,15,19,31,36,44,9,145,29.0,15,44,29,3,2,0
5989,2017-08-25,2017,8,25,4,0,2,15,23,28,32,2,100,20.0,2,32,30,2,3,1
5990,2017-08-29,2017,8,29,1,0,12,13,17,19,34,11,95,19.0,12,34,22,3,2,0
5991,2017-09-01,2017,9,1,4,0,11,13,31,39,41,15,135,27.0,11,41,30,5,0,0
5992,2017-09-05,2017,9,5,1,0,2,13,14,15,32,6,76,15.2,2,32,30,2,3,1
5993,2017-09-08,2017,9,8,4,0,6,7,34,39,42,12,128,25.6,6,42,36,2,3,1
5994,2017-09-12,2017,9,12,1,0,2,3,11,29,41,15,86,17.2,2,41,39,4,1,0
5995,2017-09-15,2017,9,15,4,0,11,16,24,28,44,6,123,24.6,11,44,33,1,4,1
5996,2017-09-19,2017,9,19,1,0,15,22,25,36,39,19,137,27.4,15,39,24,3,2,0
5997,2017-09-22,2017,9,22,4,0,4,12,28,30,39,3,113,22.6,4,39,35,1,4,0
5998,2017-09-26,2017,9,26,1,0,9,17,33,42,45,13,146,29.2,9,45,36,4,1,0
5999,2017-09-29,2017,9,29,4,0,26,28,32,39,42,9,167,33.4,26,42,16,1,4,0
6000,2017-10-03,2017,10,3,1,0,7,26,35,36,39,14,143,28.6,7,39,32,3,2,1
6001,2017-10-06,2017,10,6,4,0,18,22,23,31,38,17,132,26.4,18,38,20,2,3,0
6002,2017-10-10,2017,10,10,1,0,13,15,25,29,39,14,121,24.2,13,39,26,5,0,1
6003,2017-10-13,2017,10,13,4,0,5,8,25,30,32,17,100,20.0,5,32,27,2,3,0
6004,2017-10-17,2017,10,17,1,0,1,3,10,39,43,13,96,19.2,1,43,42,4,1,0
6005,2017-10-20,2017,10,20,4,0,19,20,24,26,30,20,119,23.8,19,30,11,1,4,1
6006,2017-10-24,2017,10,24,1,0,13,26,37,42,44,3,162,32.4,13,44,31,2,3,0
6007,2017-10-27,2017,10,27,4,0,14,15,21,29,45,6,124,24.8,14,45,31,4,1,1
6008,2017-10-31,2017,10,31,1,0,6,10,16,36,43,17,111,22.2,6,43,37,1,4,0
6009,2017-11-03,2017,11,3,4,0,3,17,19,23,44,19,106,21.2,3,44,41,4,1,0
6010,2017-11-07,2017,11,7,1,0,9,10,22,34,44,18,119,23.8,9,44,35,1,4,1
6011,2017-11-10,2017,11,10,4,0,13,28,31,33,44,8,149,29.8,13,44,31,3,2,1
6012,2017-11-14,2017,11,14,1,0,8,21,25,34,41,20,129,25.8,8,41,33,3,2,1
6013,2017-11-17,2017,11,17,4,0,13,14,24,36,42,20,129,25.8,13,42,29,1,4,1
6014,2017-11-21,2017,11,21,1,0,16,23,32,34,41,18,146,29.2,16,41,25,2,3,1
6015,2017-11-24,2017,11,24,4,0,4,14,29,37,43,18,127,25.4,4,43,39,3,2,1
6016,2017-11-28,2017,11,28,1,0,7,11,28,38,39,14,123,24.6,7,39,32,3,2,1
6017,2017-12-01,2017,12,1,4,0,8,11,22,28,29,1,98,19.6,8,29,21,2,3,0
6018,2017-12-05,2017,12,5,1,0,4,8,19,32,40,18,103,20.6,4,40,36,1,4,1
6019,2017-12-08,2017,12,8,4,0,3,8,17,22,27,13,77,15.4,3,27,24,3,2,0
6020,2017-12-12,2017,12,12,1,0,7,10,15,24,39,19,95,19.0,7,39,32,3,2,0
6021,2017-12-15,2017,12,15,4,0,2,9,10,17,44,18,82,16.4,2,44,42,2,3,1
6022,2017-12-19,2017,12,19,1,0,3,7,11,43,44,4,108,21.6,3,44,41,4,1,1
6023,2017-12-22,2017,12,22,4,0,5,9,16,19,31,3,80,16.0,5,31,26,4,1,0
6024,2017-12-26,2017,12,26,1,0,13,14,29,42,44,4,142,28.4,13,44,31,2,3,1
6025,2017-12-29,2017,12,29,4,0,3,7,21,41,42,18,114,22.8,3,42,39,4,1,1
6026,2018-01-02,2018,1,2,1,0,21,29,30,34,37,20,151,30.2,21,37,16,3,2,1
6027,2018-01-05,2018,1,5,4,0,8,31,34,35,44,4,152,30.4,8,44,36,2,3,1
6028,2018-01-09,2018,1,9,1,0,4,11,18,19,40,19,92,18.4,4,40,36,2,3,0
6029,2018-01-12,2018,1,12,4,0,15,17,20,25,42,19,119,23.8,15,42,27,3,2,0
6030,2018-01-16,2018,1,16,1,0,12,27,29,35,36,15,139,27.8,12,36,24,3,2,0
6031,2018-01-19,2018,1,19,4,0,1,3,13,24,27,12,68,13.6,1,27,26,4,1,1
6032,2018-01-23,2018,1,23,1,0,3,28,40,41,42,8,154,30.8,3,42,39,2,3,1
6033,2018-01-26,2018,1,26,4,0,6,8,14,22,25,3,75,15.0,6,25,19,1,4,0
6034,2018-01-30,2018,1,30,1,0,8,20,41,42,43,4,154,30.8,8,43,35,2,3,1
6035,2018-02-02,2018,2,2,4,0,10,13,30,36,45,19,134,26.8,10,45,35,2,3,0
6036,2018-02-06,2018,2,6,1,0,6,7,21,27,40,15,101,20.2,6,40,34,3,2,0
6037,2018-02-09,2018,2,9,4,0,1,8,10,26,39,17,84,16.8,1,39,38,2,3,0
6038,2018-02-13,2018,2,13,1,0,5,10,12,29,42,8,98,19.6,5,42,37,2,3,1
6039,2018-02-16,2018,2,16,4,0,2,8,26,28,30,2,94,18.8,2,30,28,0,5,1
6040,2018-02-20,2018,2,20,1,0,8,27,30,33,42,3,140,28.0,8,42,34,2,3,0
6041,2018-02-23,2018,2,23,4,0,15,20,31,36,45,17,147,29.4,15,45,30,3,2,0
6042,2018-02-27,2018,2,27,1,0,6,16,18,33,34,13,107,21.4,6,34,28,1,4,0
6043,2018-03-02,2018,3,2,4,0,1,14,27,33,40,12,115,23.0,1,40,39,3,2,1
6044,2018-03-06,2018,3,6,1,0,12,24,29,35,36,1,136,27.2,12,36,24,2,3,0
6045,2018-03-09,2018,3,9,4,0,9,11,20,26,34,10,100,20.0,9,34,25,2,3,1
6046,2018-03-13,2018,3,13,1,0,13,26,31,37,43,15,150,30.0,13,43,30,4,1,0
6047,2018-03-16,2018,3,16,4,0,8,17,29,31,38,5,123,24.6,8,38,30,3,2,0
6048,2018-03-20,2018,3,20,1,0,5,21,35,37,40,9,138,27.6,5,40,35,4,1,0
6049,2018-03-23,2018,3,23,4,0,3,23,24,35,37,9,122,24.4,3,37,34,4,1,0
6050,2018-03-27,2018,3,27,1,0,4,9,12,18,31,6,74,14.8,4,31,27,2,3,1
6051,2018-03-30,2018,3,30,4,0,8,19,34,37,41,11,139,27.8,8,41,33,3,2,0
6052,2018-04-03,2018,4,3,1,0,4,13,16,33,40,2,106,21.2,4,40,36,2,3,1
6053,2018-04-06,2018,4,6,4,0,3,11,26,35,43,3,118,23.6,3,43,40,4,1,0
6054,2018-04-10,2018,4,10,1,0,2,14,17,31,34,19,98,19.6,2,34,32,2,3,0
6055,2018-04-13,2018,4,13,4,0,6,9,21,23,30,14,89,17.8,6,30,24,3,2,1
6056,2018-04-17,2018,4,17,1,0,3,6,7,16,33,17,65,13.0,3,33,30,3,2,0
6057,2018-04-20,2018,4,20,4,0,5,13,20,31,35,9,104,20.8,5,35,30,4,1,0
6058,2018-04-24,2018,4,24,1,0,6,16,17,39,43,4,121,24.2,6,43,37,3,2,1
6059,2018-04-27,2018,4,27,4,0,2,8,12,20,43,6,85,17.0,2,43,41,1,4,1
6060,2018-05-01,2018,5,1,1,0,8,17,29,40,42,11,136,27.2,8,42,34,2,3,0
6061,2018-05-04,2018,5,4,4,0,4,9,11,12,25,6,61,12.2,4,25,21,3,2,1
6062,2018-05-08,2018,5,8,1,0,3,4,6,26,44,5,83,16.6,3,44,41,1,4,0
6063,2018-05-11,2018,5,11,4,0,8,22,33,40,43,3,146,29.2,8,43,35,2,3,0
6064,2018-05-15,2018,5,15,1,0,5,10,20,27,40,10,102,20.4,5,40,35,2,3,1
6065,2018-05-18,2018,5,18,4,0,6,10,11,28,40,7,95,19.0,6,40,34,1,4,0
6066,2018-05-22,2018,5,22,1,0,3,10,15,19,44,14,91,18.2,3,44,41,3,2,1
6067,2018-05-25,2018,5,25,4,0,6,11,23,36,37,13,113,22.6,6,37,31,3,2,0
6068,2018-05-29,2018,5,29,1,0,12,21,31,37,41,13,142,28.4,12,41,29,4,1,0
6069,2018-06-01,2018,6,1,4,0,1,37,40,41,43,4,162,32.4,1,43,42,4,1,1
6070,2018-06-05,2018,6,5,1,0,10,13,28,33,45,14,129,25.8,10,45,35,3,2,1
6071,2018-06-08,2018,6,8,4,0,3,13,25,26,34,13,101,20.2,3,34,31,3,2,0
6072,2018-06-12,2018,6,12,1,0,3,5,31,35,37,13,111,22.2,3,37,34,5,0,0
6073,2018-06-15,2018,6,15,4,0,8,9,14,28,41,9,100,20.0,8,41,33,2,3,0
6074,2018-06-19,2018,6,19,1,0,12,20,23,24,37,4,116,23.2,12,37,25,2,3,1
6075,2018-06-22,2018,6,22,4,0,2,6,13,14,19,17,54,10.8,2,19,17,2,3,0
6076,2018-06-26,2018,6,26,1,0,15,25,39,43,50,14,172,34.4,15,50,35,4,1,1
6077,2018-06-29,2018,6,29,4,0,15,22,25,31,37,16,130,26.0,15,37,22,4,1,1
6078,2018-07-03,2018,7,3,1,0,3,38,48,49,50,18,188,37.6,3,50,47,2,3,1
6079,2018-07-06,2018,7,6,4,0,8,16,19,35,39,11,117,23.4,8,39,31,3,2,0
6080,2018-07-10,2018,7,10,1,0,1,31,34,38,46,12,150,30.0,1,46,45,2,3,1
6081,2018-07-13,2018,7,13,4,0,13,14,34,38,45,11,144,28.8,13,45,32,2,3,0
6082,2018-07-17,2018,7,17,1,0,12,26,34,35,44,4,151,30.2,12,44,32,1,4,1
6083,2018-07-20,2018,7,20,4,0,9,21,22,33,39,5,124,24.8,9,39,30,4,1,0
6084,2018-07-24,2018,7,24,1,0,9,15,18,24,29,19,95,19.0,9,29,20,3,2,0
6085,2018-07-27,2018,7,27,4,0,4,15,19,33,36,2,107,21.4,4,36,32,3,2,1
6086,2018-07-31,2018,7,31,1,0,3,6,14,34,36,12,93,18.6,3,36,33,1,4,1
6087,2018-08-03,2018,8,3,4,0,1,15,23,24,35,4,98,19.6,1,35,34,4,1,1
6088,2018-08-07,2018,8,7,1,0,2,3,19,24,30,3,78,15.6,2,30,28,2,3,0
6089,2018-08-10,2018,8,10,4,0,3,10,14,43,50,14,120,24.0,3,50,47,2,3,1
6090,2018-08-14,2018,8,14,1,0,13,29,32,38,45,5,157,31.4,13,45,32,3,2,0
6091,2018-08-17,2018,8,17,4,0,9,19,24,35,42,10,129,25.8,9,42,33,3,2,1
6092,2018-08-21,2018,8,21,1,0,19,21,23,34,45,9,142,28.4,19,45,26,4,1,0
6093,2018-08-24,2018,8,24,4,0,3,6,25,27,40,4,101,20.2,3,40,37,3,2,1
6094,2018-08-28,2018,8,28,1,0,4,13,21,41,44,15,123,24.6,4,44,40,3,2,0
6095,2018-08-31,2018,8,31,4,0,7,38,42,43,47,3,177,35.4,7,47,40,3,2,0
6096,2018-09-04,2018,9,4,1,0,3,13,24,25,41,8,106,21.2,3,41,38,4,1,1
6097,2018-09-07,2018,9,7,4,0,9,11,20,28,44,6,112,22.4,9,44,35,2,3,1
6098,2018-09-11,2018,9,11,1,0,3,26,34,40,50,12,153,30.6,3,50,47,1,4,1
6099,2018-09-14,2018,9,14,4,0,10,17,29,31,40,9,127,25.4,10,40,30,3,2,0
6100,2018-09-18,2018,9,18,1,0,15,22,23,31,38,1,129,25.8,15,38,23,3,2,0
6101,2018-09-21,2018,9,21,4,0,28,32,39,43,46,8,188,37.6,28,46,18,2,3,1
6102,2018-09-25,2018,9,25,1,0,7,15,17,30,40,11,109,21.8,7,40,33,3,2,0
6103,2018-09-28,2018,9,28,4,0,7,24,31,36,50,2,148,29.6,7,50,43,2,3,1
6104,2018-10-02,2018,10,2,1,0,3,7,15,24,35,18,84,16.8,3,35,32,4,1,1
6105,2018-10-05,2018,10,5,4,0,32,36,42,46,49,11,205,41.0,32,49,17,1,4,0
6106,2018-10-09,2018,10,9,1,0,5,13,22,24,40,5,104,20.8,5,40,35,2,3,0
6107,2018-10-12,2018,10,12,4,0,1,2,11,19,44,8,77,15.4,1,44,43,3,2,1
6108,2018-10-16,2018,10,16,1,0,2,8,27,35,41,8,113,22.6,2,41,39,3,2,1
6109,2018-10-19,2018,10,19,4,0,1,32,39,41,43,6,156,31.2,1,43,42,4,1,1
6110,2018-10-23,2018,10,23,1,0,4,17,21,28,48,20,118,23.6,4,48,44,2,3,1
6111,2018-10-26,2018,10,26,4,0,2,15,19,24,38,20,98,19.6,2,38,36,2,3,1
6112,2018-10-30,2018,10,30,1,0,19,20,24,27,29,19,119,23.8,19,29,10,3,2,0
6113,2018-11-02,2018,11,2,4,0,2,30,36,42,47,13,157,31.4,2,47,45,1,4,0
6114,2018-11-06,2018,11,6,1,0,10,20,48,49,50,12,177,35.4,10,50,40,1,4,1
6115,2018-11-09,2018,11,9,4,0,6,7,10,19,43,20,85,17.0,6,43,37,3,2,1
6116,2018-11-13,2018,11,13,1,0,4,6,19,24,41,8,94,18.8,4,41,37,2,3,1
6117,2018-11-16,2018,11,16,4,0,20,24,32,33,35,18,144,28.8,20,35,15,2,3,1
6118,2018-11-20,2018,11,20,1,0,14,32,33,37,47,15,163,32.6,14,47,33,3,2,0
6119,2018-11-23,2018,11,23,4,0,3,6,8,23,30,8,70,14.0,3,30,27,2,3,1
6120,2018-11-27,2018,11,27,1,0,12,27,39,41,46,10,165,33.0,12,46,34,3,2,1
6121,2018-11-30,2018,11,30,4,0,12,15,25,29,49,7,130,26.0,12,49,37,4,1,0
6122,2018-12-04,2018,12,4,1,0,5,13,20,33,34,6,105,21.0,5,34,29,3,2,1
6123,2018-12-07,2018,12,7,4,0,3,6,22,33,47,15,111,22.2,3,47,44,3,2,0
6124,2018-12-11,2018,12,11,1,0,7,29,39,42,48,7,165,33.0,7,48,41,3,2,0
6125,2018-12-14,2018,12,14,4,0,4,5,9,16,20,3,54,10.8,4,20,16,2,3,0
6126,2018-12-18,2018,12,18,1,0,3,5,14,20,32,16,74,14.8,3,32,29,2,3,1
6127,2018-12-21,2018,12,21,4,0,22,34,40,44,48,2,188,37.6,22,48,26,0,5,1
6128,2018-12-25,2018,12,25,1,0,13,16,28,29,30,7,116,23.2,13,30,17,2,3,0
6129,2018-12-28,2018,12,28,4,0,18,21,30,32,50,8,151,30.2,18,50,32,1,4,1
6130,2019-01-01,2019,1,1,1,0,42,44,46,47,48,11,227,45.4,42,48,6,1,4,0
6131,2019-01-04,2019,1,4,4,0,7,9,24,26,29,1,95,19.0,7,29,22,3,2,0
6132,2019-01-08,2019,1,8,1,0,2,15,35,44,46,13,142,28.4,2,46,44,2,3,0
6133,2019-01-11,2019,1,11,4,0,8,21,25,29,42,15,125,25.0,8,42,34,3,2,0
6134,2019-01-15,2019,1,15,1,0,9,13,24,27,29,20,102,20.4,9,29,20,4,1,1
6135,2019-01-18,2019,1,18,4,0,8,23,26,38,40,9,135,27.0,8,40,32,1,4,0
6136,2019-01-22,2019,1,22,1,0,6,15,24,41,47,3,133,26.6,6,47,41,3,2,0
6137,2019-01-25,2019,1,25,4,0,20,27,31,40,41,9,159,31.8,20,41,21,3,2,0
6138,2019-01-29,2019,1,29,1,0,6,7,23,25,29,5,90,18.0,6,29,23,4,1,0
6139,2019-02-01,2019,2,1,4,0,5,13,19,39,41,3,117,23.4,5,41,36,5,0,0
6140,2019-02-05,2019,2,5,1,0,5,28,31,35,50,9,149,29.8,5,50,45,3,2,0
6141,2019-02-08,2019,2,8,4,0,22,30,39,41,42,11,174,34.8,22,42,20,2,3,0
6142,2019-02-12,2019,2,12,1,0,15,16,24,38,47,13,140,28.0,15,47,32,2,3,0
6143,2019-02-15,2019,2,15,4,0,19,20,37,42,43,17,161,32.2,19,43,24,3,2,0
6144,2019-02-19,2019,2,19,1,0,14,18,21,26,35,5,114,22.8,14,35,21,2,3,0
6145,2019-02-22,2019,2,22,4,0,7,9,10,11,40,2,77,15.4,7,40,33,3,2,1
6146,2019-02-26,2019,2,26,1,0,10,20,28,31,33,12,122,24.4,10,33,23,2,3,1
6147,2019-03-01,2019,3,1,4,0,24,29,34,46,49,15,182,36.4,24,49,25,2,3,0
6148,2019-03-05,2019,3,5,1,0,1,18,24,48,49,20,140,28.0,1,49,48,2,3,1
6149,2019-03-08,2019,3,8,4,0,4,5,7,11,22,3,49,9.8,4,22,18,3,2,0
6150,2019-03-12,2019,3,12,1,0,8,27,40,46,48,18,169,33.8,8,48,40,1,4,1
6151,2019-03-15,2019,3,15,4,0,19,36,40,45,49,5,189,37.8,19,49,30,3,2,0
6152,2019-03-19,2019,3,19,1,0,3,16,32,33,36,7,120,24.0,3,36,33,2,3,0
6153,2019-03-22,2019,3,22,4,0,8,10,15,34,35,16,102,20.4,8,35,27,2,3,1
6154,2019-03-26,2019,3,26,1,0,1,8,24,26,30,2,89,17.8,1,30,29,1,4,1
6155,2019-03-29,2019,3,29,4,0,3,6,11,13,31,13,64,12.8,3,31,28,4,1,0
6156,2019-04-02,2019,4,2,1,0,11,29,35,38,41,18,154,30.8,11,41,30,4,1,1
6157,2019-04-05,2019,4,5,4,0,15,22,29,31,48,3,145,29.0,15,48,33,3,2,0
6158,2019-04-09,2019,4,9,1,0,5,11,13,28,38,14,95,19.0,5,38,33,3,2,1
6159,2019-04-12,2019,4,12,4,0,28,35,41,43,50,12,197,39.4,28,50,22,3,2,1
6160,2019-04-16,2019,4,16,1,0,5,6,32,44,48,5,135,27.0,5,48,43,1,4,0
6161,2019-04-19,2019,4,19,4,0,17,19,25,43,47,4,151,30.2,17,47,30,5,0,1
6162,2019-04-23,2019,4,23,1,0,10,35,37,46,48,9,176,35.2,10,48,38,2,3,0
6163,2019-04-26,2019,4,26,4,0,13,16,19,43,49,13,140,28.0,13,49,36,4,1,0
6164,2019-04-30,2019,4,30,1,0,1,3,20,46,48,5,118,23.6,1,48,47,2,3,0
6165,2019-05-03,2019,5,3,4,0,13,18,20,35,36,11,122,24.4,13,36,23,2,3,0
6166,2019-05-07,2019,5,7,1,0,15,22,30,45,48,13,160,32.0,15,48,33,2,3,0
6167,2019-05-10,2019,5,10,4,0,14,22,23,39,43,15,141,28.2,14,43,29,3,2,0
6168,2019-05-14,2019,5,14,1,0,15,18,34,44,46,16,157,31.4,15,46,31,1,4,1
6169,2019-05-17,2019,5,17,4,0,9,19,29,31,46,17,134,26.8,9,46,37,4,1,0
6170,2019-05-21,2019,5,21,1,0,3,11,15,33,43,13,105,21.0,3,43,40,5,0,0
6171,2019-05-24,2019,5,24,4,0,3,25,29,38,39,7,134,26.8,3,39,36,4,1,0
6172,2019-05-28,2019,5,28,1,0,15,21,25,33,43,17,137,27.4,15,43,28,5,0,0
6173,2019-05-31,2019,5,31,4,0,5,21,25,27,47,12,125,25.0,5,47,42,5,0,1
6174,2019-06-04,2019,6,4,1,0,10,16,22,46,50,19,144,28.8,10,50,40,0,5,0
6175,2019-06-07,2019,6,7,4,0,4,11,21,22,45,14,103,20.6,4,45,41,3,2,1
6176,2019-06-11,2019,6,11,1,0,11,14,15,38,47,13,125,25.0,11,47,36,3,2,0
6177,2019-06-14,2019,6,14,4,0,24,26,27,35,39,15,151,30.2,24,39,15,3,2,0
6178,2019-06-18,2019,6,18,1,0,2,3,17,20,33,3,75,15.0,2,33,31,3,2,0
6179,2019-06-21,2019,6,21,4,0,8,15,28,46,49,8,146,29.2,8,49,41,2,3,1
6180,2019-06-25,2019,6,25,1,0,3,32,33,38,40,11,146,29.2,3,40,37,2,3,0
6181,2019-06-28,2019,6,28,4,0,3,13,16,33,41,10,106,21.2,3,41,38,4,1,1
6182,2019-07-02,2019,7,2,1,0,16,29,43,44,47,15,179,35.8,16,47,31,3,2,0
6183,2019-07-05,2019,7,5,4,0,28,37,39,46,47,12,197,39.4,28,47,19,3,2,1
6184,2019-07-09,2019,7,9,1,0,9,12,28,44,49,13,142,28.4,9,49,40,2,3,0
6185,2019-07-12,2019,7,12,4,0,29,35,46,47,48,17,205,41.0,29,48,19,3,2,0
6186,2019-07-16,2019,7,16,1,0,3,5,20,23,40,14,91,18.2,3,40,37,3,2,1
6187,2019-07-19,2019,7,19,4,0,3,12,13,20,41,16,89,17.8,3,41,38,3,2,1
6188,2019-07-23,2019,7,23,1,0,4,6,35,45,48,20,138,27.6,4,48,44,2,3,1
6189,2019-07-26,2019,7,26,4,0,4,17,19,43,48,7,131,26.2,4,48,44,3,2,0
6190,2019-07-30,2019,7,30,1,0,1,14,29,32,38,18,114,22.8,1,38,37,2,3,1
6191,2019-08-02,2019,8,2,4,0,5,31,45,46,47,5,174,34.8,5,47,42,4,1,0
6192,2019-08-06,2019,8,6,1,0,6,8,15,30,37,20,96,19.2,6,37,31,2,3,1
6193,2019-08-09,2019,8,9,4,0,2,18,34,37,48,3,139,27.8,2,48,46,1,4,0
6194,2019-08-13,2019,8,13,1,0,5,16,17,25,38,2,101,20.2,5,38,33,3,2,1
6195,2019-08-16,2019,8,16,4,0,3,10,14,31,41,9,99,19.8,3,41,38,3,2,0
6196,2019-08-20,2019,8,20,1,0,11,19,20,39,41,9,130,26.0,11,41,30,4,1,0
6197,2019-08-23,2019,8,23,4,0,8,9,15,20,24,14,76,15.2,8,24,16,2,3,1
6198,2019-08-27,2019,8,27,1,0,4,5,9,10,11,13,39,7.8,4,11,7,3,2,0
6199,2019-08-30,2019,8,30,4,0,8,14,36,40,47,2,145,29.0,8,47,39,1,4,1
6200,2019-09-03,2019,9,3,1,0,6,11,16,31,34,19,98,19.6,6,34,28,2,3,0
6201,2019-09-06,2019,9,6,4,0,2,20,25,40,49,20,136,27.2,2,49,47,2,3,1
6202,2019-09-10,2019,9,10,1,0,10,15,24,28,50,5,127,25.4,10,50,40,1,4,0
6203,2019-09-13,2019,9,13,4,0,8,9,10,11,42,9,80,16.0,8,42,34,2,3,0
6204,2019-09-17,2019,9,17,1,0,13,21,23,35,49,8,141,28.2,13,49,36,5,0,1
6205,2019-09-20,2019,9,20,4,0,9,16,22,29,35,6,111,22.2,9,35,26,3,2,1
6206,2019-09-24,2019,9,24,1,0,6,34,35,36,46,12,157,31.4,6,46,40,1,4,1
6207,2019-09-27,2019,9,27,4,0,14,16,18,22,39,15,109,21.8,14,39,25,1,4,0
6208,2019-10-01,2019,10,1,1,0,3,9,29,32,50,7,123,24.6,3,50,47,3,2,0
6209,2019-10-04,2019,10,4,4,0,4,5,23,29,31,17,92,18.4,4,31,27,4,1,0
6210,2019-10-08,2019,10,8,1,0,4,15,36,37,50,17,142,28.4,4,50,46,2,3,0
6211,2019-10-11,2019,10,11,4,0,15,16,17,26,43,10,117,23.4,15,43,28,3,2,1
6212,2019-10-15,2019,10,15,1,0,10,34,36,39,50,6,169,33.8,10,50,40,1,4,1
6213,2019-10-18,2019,10,18,4,0,15,21,31,34,44,2,145,29.0,15,44,29,3,2,1
6214,2019-10-22,2019,10,22,1,0,3,22,31,35,48,16,139,27.8,3,48,45,3,2,1
6215,2019-10-25,2019,10,25,4,0,2,21,29,37,49,9,138,27.6,2,49,47,4,1,0
6216,2019-10-29,2019,10,29,1,0,8,29,38,41,50,2,166,33.2,8,50,42,2,3,1
6217,2019-11-01,2019,11,1,4,0,13,25,29,43,47,12,157,31.4,13,47,34,5,0,1
6218,2019-11-05,2019,11,5,1,0,4,7,18,27,37,8,93,18.6,4,37,33,3,2,1
6219,2019-11-08,2019,11,8,4,0,5,18,27,37,45,12,132,26.4,5,45,40,4,1,1
6220,2019-11-12,2019,11,12,1,0,3,5,10,11,25,10,54,10.8,3,25,22,4,1,1
6221,2019-11-15,2019,11,15,4,0,13,15,31,37,49,13,145,29.0,13,49,36,5,0,0
6222,2019-11-19,2019,11,19,1,0,3,4,16,43,44,10,110,22.0,3,44,41,2,3,1
6223,2019-11-22,2019,11,22,4,0,5,17,18,20,26,7,86,17.2,5,26,21,2,3,0
6224,2019-11-26,2019,11,26,1,0,2,8,11,13,32,3,66,13.2,2,32,30,2,3,0
6225,2019-11-29,2019,11,29,4,0,6,11,21,25,49,12,112,22.4,6,49,43,4,1,1
6226,2019-12-03,2019,12,3,1,0,5,6,15,23,45,6,94,18.8,5,45,40,4,1,1
6227,2019-12-06,2019,12,6,4,0,12,19,33,34,49,8,147,29.4,12,49,37,3,2,1
6228,2019-12-10,2019,12,10,1,0,18,21,24,40,50,17,153,30.6,18,50,32,1,4,0
6229,2019-12-13,2019,12,13,4,0,1,9,13,25,34,10,82,16.4,1,34,33,4,1,1
6230,2019-12-17,2019,12,17,1,0,15,27,33,38,48,1,161,32.2,15,48,33,3,2,0
6231,2019-12-20,2019,12,20,4,0,8,10,22,36,40,20,116,23.2,8,40,32,0,5,1
6232,2019-12-24,2019,12,24,1,0,14,18,29,41,46,6,148,29.6,14,46,32,2,3,1
6233,2019-12-27,2019,12,27,4,0,4,13,34,36,38,4,125,25.0,4,38,34,1,4,1
6234,2019-12-31,2019,12,31,1,0,22,31,44,49,50,8,196,39.2,22,50,28,2,3,1
6235,2020-01-03,2020,1,3,4,0,8,9,18,43,50,12,128,25.6,8,50,42,2,3,1
6236,2020-01-07,2020,1,7,1,0,4,8,18,35,49,10,114,22.8,4,49,45,2,3,1
6237,2020-01-10,2020,1,10,4,0,23,25,28,30,40,13,146,29.2,23,40,17,2,3,0
6238,2020-01-14,2020,1,14,1,0,9,10,11,32,43,15,105,21.0,9,43,34,3,2,0
6239,2020-01-17,2020,1,17,4,0,7,8,18,26,31,16,90,18.0,7,31,24,2,3,1
6240,2020-01-21,2020,1,21,1,0,14,18,32,42,49,17,155,31.0,14,49,35,1,4,0
6241,2020-01-24,2020,1,24,4,0,5,11,26,48,49,12,139,27.8,5,49,44,3,2,1
6242,2020-01-28,2020,1,28,1,0,14,18,31,36,49,9,148,29.6,14,49,35,2,3,0
6243,2020-01-31,2020,1,31,4,0,11,14,18,29,34,15,106,21.2,11,34,23,2,3,0
6244,2020-02-04,2020,2,4,1,0,3,15,23,37,45,18,123,24.6,3,45,42,5,0,1
6245,2020-02-07,2020,2,7,4,0,2,4,29,38,47,1,120,24.0,2,47,45,2,3,0
6246,2020-02-11,2020,2,11,1,0,9,22,40,43,46,1,160,32.0,9,46,37,2,3,0
6247,2020-02-14,2020,2,14,4,0,2,19,40,49,50,6,160,32.0,2,50,48,2,3,1
6248,2020-02-18,2020,2,18,1,0,14,17,20,36,49,2,136,27.2,14,49,35,2,3,1
6249,2020-02-21,2020,2,21,4,0,4,18,30,34,36,20,122,24.4,4,36,32,0,5,1
6250,2020-02-25,2020,2,25,1,0,4,10,17,26,31,11,88,17.6,4,31,27,2,3,0
6251,2020-02-28,2020,2,28,4,0,1,31,37,49,50,2,168,33.6,1,50,49,4,1,1
6252,2020-03-03,2020,3,3,1,0,11,17,18,27,44,8,117,23.4,11,44,33,3,2,1
6253,2020-03-06,2020,3,6,4,0,6,23,26,28,47,6,130,26.0,6,47,41,2,3,1
6254,2020-03-10,2020,3,10,1,0,6,8,24,25,50,10,113,22.6,6,50,44,1,4,1
6255,2020-03-13,2020,3,13,4,0,5,6,12,22,50,11,95,19.0,5,50,45,1,4,0
6256,2020-03-17,2020,3,17,1,0,16,29,34,38,49,14,166,33.2,16,49,33,2,3,1
6257,2020-03-20,2020,3,20,4,0,4,9,16,21,36,14,86,17.2,4,36,32,2,3,1
6258,2020-03-24,2020,3,24,1,0,4,12,41,45,46,5,148,29.6,4,46,42,2,3,0
6259,2020-03-27,2020,3,27,4,0,3,8,18,38,45,3,112,22.4,3,45,42,2,3,0
6260,2020-03-31,2020,3,31,1,0,14,20,28,43,49,5,154,30.8,14,49,35,2,3,0
6261,2020-04-03,2020,4,3,4,0,9,10,29,32,45,9,125,25.0,9,45,36,3,2,0
6262,2020-04-07,2020,4,7,1,0,4,13,32,34,42,9,125,25.0,4,42,38,1,4,0
6263,2020-04-10,2020,4,10,4,0,7,14,22,24,41,16,108,21.6,7,41,34,2,3,1
6264,2020-04-14,2020,4,14,1,0,6,11,25,31,46,9,119,23.8,6,46,40,3,2,0
6265,2020-04-17,2020,4,17,4,0,16,19,20,23,25,10,103,20.6,16,25,9,3,2,1
6266,2020-04-21,2020,4,21,1,0,8,13,21,46,50,13,138,27.6,8,50,42,2,3,0
6267,2020-04-24,2020,4,24,4,0,10,12,22,42,50,18,136,27.2,10,50,40,0,5,1
6268,2020-04-28,2020,4,28,1,0,6,12,32,36,45,4,131,26.2,6,45,39,1,4,1
6269,2020-05-01,2020,5,1,4,0,12,20,43,48,49,6,172,34.4,12,49,37,2,3,1
6270,2020-05-05,2020,5,5,1,0,6,22,41,46,49,3,164,32.8,6,49,43,2,3,0
6271,2020-05-08,2020,5,8,4,0,12,21,30,35,45,18,143,28.6,12,45,33,3,2,1
6272,2020-05-12,2020,5,12,1,0,6,22,34,44,45,11,151,30.2,6,45,39,1,4,0
6273,2020-05-15,2020,5,15,4,0,5,7,13,19,47,4,91,18.2,5,47,42,5,0,1
6274,2020-05-19,2020,5,19,1,0,9,15,19,36,44,10,123,24.6,9,44,35,3,2,1
6275,2020-05-22,2020,5,22,4,0,9,10,24,41,45,15,129,25.8,9,45,36,3,2,0
6276,2020-05-26,2020,5,26,1,0,15,25,34,39,42,4,155,31.0,15,42,27,3,2,1
6277,2020-05-29,2020,5,29,4,0,4,27,30,34,45,20,140,28.0,4,45,41,2,3,1
6278,2020-06-02,2020,6,2,1,0,5,15,29,41,46,14,136,27.2,5,46,41,4,1,1
6279,2020-06-05,2020,6,5,4,0,14,23,28,40,48,3,153,30.6,14,48,34,1,4,0
6280,2020-06-09,2020,6,9,1,0,5,37,43,49,50,3,184,36.8,5,50,45,4,1,0
6281,2020-06-12,2020,6,12,4,0,9,27,38,43,48,15,165,33.0,9,48,39,3,2,0
6282,2020-06-16,2020,6,16,1,0,4,26,27,29,41,15,127,25.4,4,41,37,3,2,0
6283,2020-06-19,2020,6,19,4,0,21,28,29,33,48,7,159,31.8,21,48,27,3,2,0
6284,2020-06-23,2020,6,23,1,0,2,7,16,36,47,18,108,21.6,2,47,45,2,3,1
6285,2020-06-26,2020,6,26,4,0,11,20,21,34,50,7,136,27.2,11,50,39,2,3,0
6286,2020-06-30,2020,6,30,1,0,2,11,27,36,39,3,115,23.0,2,39,37,3,2,0
6287,2020-07-03,2020,7,3,4,0,2,7,15,25,41,1,90,18.0,2,41,39,4,1,0
6288,2020-07-07,2020,7,7,1,0,2,7,13,20,45,18,87,17.4,2,45,43,3,2,1
6289,2020-07-10,2020,7,10,4,0,11,16,44,46,50,1,167,33.4,11,50,39,1,4,0
6290,2020-07-14,2020,7,14,1,0,20,21,28,48,49,3,166,33.2,20,49,29,2,3,0
6291,2020-07-17,2020,7,17,4,0,12,15,24,30,38,6,119,23.8,12,38,26,1,4,1
6292,2020-07-21,2020,7,21,1,0,17,20,22,32,41,3,132,26.4,17,41,24,2,3,0
6293,2020-07-24,2020,7,24,4,0,4,6,11,27,34,10,82,16.4,4,34,30,2,3,1
6294,2020-07-28,2020,7,28,1,0,3,28,30,38,40,8,139,27.8,3,40,37,1,4,1
6295,2020-07-31,2020,7,31,4,0,6,18,30,46,48,11,148,29.6,6,48,42,0,5,0
6296,2020-08-04,2020,8,4,1,0,4,28,34,38,47,16,151,30.2,4,47,43,1,4,1
6297,2020-08-07,2020,8,7,4,0,11,30,42,45,48,12,176,35.2,11,48,37,2,3,1
6298,2020-08-11,2020,8,11,1,0,27,29,39,40,42,6,177,35.4,27,42,15,3,2,1
6299,2020-08-14,2020,8,14,4,0,10,11,16,25,30,1,92,18.4,10,30,20,2,3,0
6300,2020-08-18,2020,8,18,1,0,6,22,30,39,49,2,146,29.2,6,49,43,2,3,1
6301,2020-08-21,2020,8,21,4,0,13,32,33,40,41,1,159,31.8,13,41,28,3,2,0
6302,2020-08-25,2020,8,25,1,0,7,20,32,34,48,1,141,28.2,7,48,41,1,4,0
6303,2020-08-28,2020,8,28,4,0,8,10,17,44,45,12,124,24.8,8,45,37,2,3,1
6304,2020-09-01,2020,9,1,1,0,16,21,22,36,39,5,134,26.8,16,39,23,2,3,0
6305,2020-09-04,2020,9,4,4,0,2,3,11,12,43,13,71,14.2,2,43,41,3,2,0
6306,2020-09-08,2020,9,8,1,0,12,13,14,36,50,6,125,25.0,12,50,38,1,4,1
6307,2020-09-11,2020,9,11,4,0,1,4,10,12,49,18,76,15.2,1,49,48,2,3,1
6308,2020-09-15,2020,9,15,1,0,3,18,32,40,46,7,139,27.8,3,46,43,1,4,0
6309,2020-09-18,2020,9,18,4,0,8,19,24,29,44,8,124,24.8,8,44,36,2,3,1
6310,2020-09-22,2020,9,22,1,0,3,10,28,31,41,7,113,22.6,3,41,38,3,2,0
6311,2020-09-25,2020,9,25,4,0,2,17,18,27,37,4,101,20.2,2,37,35,3,2,1
6312,2020-09-29,2020,9,29,1,0,7,12,16,28,38,13,101,20.2,7,38,31,1,4,0
6313,2020-10-02,2020,10,2,4,0,8,10,23,41,50,9,132,26.4,8,50,42,2,3,0
6314,2020-10-06,2020,10,6,1,0,6,21,25,29,33,9,114,22.8,6,33,27,4,1,0
6315,2020-10-09,2020,10,9,4,0,8,21,38,41,50,4,158,31.6,8,50,42,2,3,1
6316,2020-10-13,2020,10,13,1,0,13,15,20,27,28,7,103,20.6,13,28,15,3,2,0
6317,2020-10-16,2020,10,16,4,0,1,7,18,37,48,13,111,22.2,1,48,47,3,2,0
6318,2020-10-20,2020,10,20,1,0,15,20,29,32,45,4,141,28.2,15,45,30,3,2,1
6319,2020-10-23,2020,10,23,4,0,3,6,36,41,43,17,129,25.8,3,43,40,3,2,0
6320,2020-10-27,2020,10,27,1,0,19,25,41,45,46,12,176,35.2,19,46,27,4,1,1
6321,2020-10-30,2020,10,30,4,0,4,27,36,46,49,16,162,32.4,4,49,45,2,3,1
6322,2020-11-03,2020,11,3,1,0,1,2,25,36,39,12,103,20.6,1,39,38,3,2,1
6323,2020-11-06,2020,11,6,4,0,6,9,33,40,44,11,132,26.4,6,44,38,2,3,0
6324,2020-11-10,2020,11,10,1,0,6,23,30,35,36,14,130,26.0,6,36,30,2,3,1
6325,2020-11-13,2020,11,13,4,0,1,11,16,19,24,19,71,14.2,1,24,23,3,2,0
6326,2020-11-17,2020,11,17,1,0,11,12,36,37,38,12,134,26.8,11,38,27,2,3,1
6327,2020-11-20,2020,11,20,4,0,7,10,13,22,50,12,102,20.4,7,50,43,2,3,1
6328,2020-11-24,2020,11,24,1,0,13,15,30,43,47,18,148,29.6,13,47,34,4,1,1
6329,2020-11-27,2020,11,27,4,0,13,29,34,36,49,18,161,32.2,13,49,36,3,2,1
6330,2020-12-01,2020,12,1,1,0,5,6,7,8,9,10,35,7.0,5,9,4,3,2,1
6331,2020-12-04,2020,12,4,4,0,13,15,24,30,50,9,132,26.4,13,50,37,2,3,0
6332,2020-12-08,2020,12,8,1,0,6,16,35,37,40,2,134,26.8,6,40,34,2,3,1
6333,2020-12-11,2020,12,11,4,0,13,18,25,36,49,19,141,28.2,13,49,36,3,2,0
6334,2020-12-15,2020,12,15,1,0,3,7,13,34,50,6,107,21.4,3,50,47,3,2,1
6335,2020-12-18,2020,12,18,4,0,20,22,24,28,47,14,141,28.2,20,47,27,1,4,1
6336,2020-12-22,2020,12,22,1,0,9,12,15,27,42,14,105,21.0,9,42,33,3,2,1
6337,2020-12-29,2020,12,29,1,0,15,17,24,28,30,19,114,22.8,15,30,15,2,3,0
6338,2021-01-01,2021,1,1,4,0,1,7,24,30,44,1,106,21.2,1,44,43,2,3,0
6339,2021-01-05,2021,1,5,1,0,4,17,42,46,48,14,157,31.4,4,48,44,1,4,1
6340,2021-01-08,2021,1,8,4,0,11,16,28,32,41,6,128,25.6,11,41,30,2,3,1
6341,2021-01-12,2021,1,12,1,0,11,13,28,36,37,15,125,25.0,11,37,26,3,2,0
6342,2021-01-15,2021,1,15,4,0,24,31,40,45,48,20,188,37.6,24,48,24,2,3,1
6343,2021-01-19,2021,1,19,1,0,13,16,28,42,45,11,144,28.8,13,45,32,2,3,0
6344,2021-01-22,2021,1,22,4,0,11,14,36,37,44,19,142,28.4,11,44,33,2,3,0
6345,2021-01-26,2021,1,26,1,0,4,8,12,15,19,17,58,11.6,4,19,15,2,3,0
6346,2021-01-29,2021,1,29,4,0,2,11,16,22,47,19,98,19.6,2,47,45,2,3,0
6347,2021-02-02,2021,2,2,1,0,6,13,22,34,49,10,124,24.8,6,49,43,2,3,1
6348,2021-02-05,2021,2,5,4,0,8,16,19,20,50,18,113,22.6,8,50,42,1,4,1
6349,2021-02-09,2021,2,9,1,0,4,7,15,30,32,10,88,17.6,4,32,28,2,3,1
6350,2021-02-12,2021,2,12,4,0,3,15,35,39,41,5,133,26.6,3,41,38,5,0,0
6351,2021-02-16,2021,2,16,1,0,5,18,31,36,45,8,135,27.0,5,45,40,3,2,1
6352,2021-02-19,2021,2,19,4,0,3,17,20,25,47,3,112,22.4,3,47,44,4,1,0
6353,2021-02-23,2021,2,23,1,0,8,13,25,32,42,16,120,24.0,8,42,34,2,3,1
6354,2021-02-26,2021,2,26,4,0,1,3,7,41,44,11,96,19.2,1,44,43,4,1,0
6355,2021-03-02,2021,3,2,1,0,1,11,21,32,42,11,107,21.4,1,42,41,3,2,0
6356,2021-03-05,2021,3,5,4,0,6,15,39,40,48,17,148,29.6,6,48,42,2,3,0
6357,2021-03-09,2021,3,9,1,0,28,30,36,37,41,7,172,34.4,28,41,13,2,3,0
6358,2021-03-12,2021,3,12,4,0,7,15,29,34,39,2,124,24.8,7,39,32,4,1,1
6359,2021-03-16,2021,3,16,1,0,11,20,21,32,36,18,120,24.0,11,36,25,2,3,1
6360,2021-03-19,2021,3,19,4,0,5,16,27,32,46,18,126,25.2,5,46,41,2,3,1
6361,2021-03-23,2021,3,23,1,0,7,9,10,18,34,16,78,15.6,7,34,27,2,3,1
6362,2021-03-26,2021,3,26,4,0,5,25,27,42,47,15,146,29.2,5,47,42,4,1,0
6363,2021-03-30,2021,3,30,1,0,7,16,24,25,38,9,110,22.0,7,38,31,2,3,0
6364,2021-04-02,2021,4,2,4,0,4,8,15,25,26,17,78,15.6,4,26,22,2,3,0
6365,2021-04-06,2021,4,6,1,0,3,13,21,42,45,8,124,24.8,3,45,42,4,1,1
6366,2021-04-09,2021,4,9,4,0,18,31,39,45,46,17,179,35.8,18,46,28,3,2,0
6367,2021-04-13,2021,4,13,1,0,6,8,22,31,42,15,109,21.8,6,42,36,1,4,0
6368,2021-04-16,2021,4,16,4,0,2,5,12,25,49,20,93,18.6,2,49,47,3,2,1
6369,2021-04-20,2021,4,20,1,0,3,5,12,32,49,19,101,20.2,3,49,46,3,2,0
6370,2021-04-23,2021,4,23,4,0,5,14,19,30,35,12,103,20.6,5,35,30,3,2,1
6371,2021-04-27,2021,4,27,1,0,1,8,22,29,49,18,109,21.8,1,49,48,3,2,1
6372,2021-04-30,2021,4,30,4,0,6,12,22,38,45,4,123,24.6,6,45,39,1,4,1
6373,2021-05-04,2021,5,4,1,0,3,9,17,25,39,13,93,18.6,3,39,36,5,0,0
6374,2021-05-07,2021,5,7,4,0,4,7,19,20,49,19,99,19.8,4,49,45,3,2,0
6375,2021-05-11,2021,5,11,1,0,4,10,17,29,38,20,98,19.6,4,38,34,2,3,1
6376,2021-05-14,2021,5,14,4,0,3,16,28,31,48,11,126,25.2,3,48,45,2,3,0
6377,2021-05-18,2021,5,18,1,0,4,11,30,35,45,12,125,25.0,4,45,41,3,2,1
6378,2021-05-21,2021,5,21,4,0,19,21,24,45,50,5,159,31.8,19,50,31,3,2,0
6379,2021-05-25,2021,5,25,1,0,3,4,8,25,44,15,84,16.8,3,44,41,2,3,0
6380,2021-05-28,2021,5,28,4,0,31,33,36,38,44,4,182,36.4,31,44,13,2,3,1
6381,2021-06-01,2021,6,1,1,0,3,5,23,37,42,11,110,22.0,3,42,39,4,1,0
6382,2021-06-04,2021,6,4,4,0,17,34,37,39,44,10,171,34.2,17,44,27,3,2,1
6383,2021-06-08,2021,6,8,1,0,1,3,17,28,50,7,99,19.8,1,50,49,3,2,0
6384,2021-06-11,2021,6,11,4,0,9,12,27,37,48,7,133,26.6,9,48,39,3,2,0
6385,2021-06-15,2021,6,15,1,0,13,23,24,27,44,10,131,26.2,13,44,31,3,2,1
6386,2021-06-18,2021,6,18,4,0,3,8,19,28,49,11,107,21.4,3,49,46,3,2,0
6387,2021-06-22,2021,6,22,1,0,3,11,24,33,41,16,112,22.4,3,41,38,4,1,1
6388,2021-06-25,2021,6,25,4,0,4,16,34,36,46,6,136,27.2,4,46,42,0,5,1
6389,2021-06-29,2021,6,29,1,0,6,35,41,43,45,4,170,34.0,6,45,39,4,1,1
6390,2021-07-02,2021,7,2,4,0,20,30,34,38,43,7,165,33.0,20,43,23,1,4,0
6391,2021-07-06,2021,7,6,1,0,1,16,18,26,39,8,100,20.0,1,39,38,2,3,1
6392,2021-07-09,2021,7,9,4,0,3,12,29,31,38,15,113,22.6,3,38,35,3,2,0
6393,2021-07-13,2021,7,13,1,0,2,28,29,38,42,2,139,27.8,2,42,40,1,4,1
6394,2021-07-16,2021,7,16,4,0,20,22,25,41,45,5,153,30.6,20,45,25,3,2,0
6395,2021-07-20,2021,7,20,1,0,7,32,33,40,42,6,154,30.8,7,42,35,2,3,1
6396,2021-07-23,2021,7,23,4,0,21,45,47,48,49,18,210,42.0,21,49,28,4,1,1
6397,2021-07-27,2021,7,27,1,0,5,12,15,28,29,14,89,17.8,5,29,24,3,2,1
6398,2021-07-30,2021,7,30,4,0,4,12,27,35,50,1,128,25.6,4,50,46,2,3,0
6399,2021-08-03,2021,8,3,1,0,8,16,18,30,34,4,106,21.2,8,34,26,0,5,1
6400,2021-08-06,2021,8,6,4,0,7,13,18,20,25,6,83,16.6,7,25,18,3,2,1
6401,2021-08-10,2021,8,10,1,0,1,4,12,13,33,6,63,12.6,1,33,32,3,2,1
6402,2021-08-13,2021,8,13,4,0,5,23,41,42,50,2,161,32.2,5,50,45,3,2,1
6403,2021-08-17,2021,8,17,1,0,10,18,23,30,48,1,129,25.8,10,48,38,1,4,0
6404,2021-08-20,2021,8,20,4,0,6,21,33,37,50,18,147,29.4,6,50,44,3,2,1
6405,2021-08-24,2021,8,24,1,0,21,23,34,35,41,9,154,30.8,21,41,20,4,1,0
6406,2021-08-27,2021,8,27,4,0,6,10,11,45,47,13,119,23.8,6,47,41,3,2,0
6407,2021-08-31,2021,8,31,1,0,9,10,35,42,48,20,144,28.8,9,48,39,2,3,1
6408,2021-09-03,2021,9,3,4,0,2,9,18,42,43,8,114,22.8,2,43,41,2,3,1
6409,2021-09-07,2021,9,7,1,0,2,11,13,19,40,2,85,17.0,2,40,38,3,2,1
6410,2021-09-10,2021,9,10,4,0,8,12,17,28,43,13,108,21.6,8,43,35,2,3,0
6411,2021-09-14,2021,9,14,1,0,16,18,23,31,35,10,123,24.6,16,35,19,3,2,1
6412,2021-09-17,2021,9,17,4,0,8,10,17,26,39,14,100,20.0,8,39,31,2,3,1
6413,2021-09-21,2021,9,21,1,0,18,26,41,44,47,4,176,35.2,18,47,29,2,3,1
6414,2021-09-24,2021,9,24,4,0,14,17,24,31,43,15,129,25.8,14,43,29,3,2,0
6415,2021-09-28,2021,9,28,1,0,13,15,20,28,29,15,105,21.0,13,29,16,3,2,0
6416,2021-10-01,2021,10,1,4,0,24,25,38,40,49,2,176,35.2,24,49,25,2,3,1
6417,2021-10-05,2021,10,5,1,0,2,13,20,42,47,3,124,24.8,2,47,45,2,3,0
6418,2021-10-08,2021,10,8,4,0,4,14,18,24,38,9,98,19.6,4,38,34,0,5,0
6419,2021-10-12,2021,10,12,1,0,23,30,32,36,39,12,160,32.0,23,39,16,2,3,1
6420,2021-10-15,2021,10,15,4,0,15,30,44,45,48,15,182,36.4,15,48,33,2,3,0
6421,2021-10-19,2021,10,19,1,0,15,19,21,24,41,2,120,24.0,15,41,26,4,1,1
6422,2021-10-22,2021,10,22,4,0,3,8,17,40,47,13,115,23.0,3,47,44,3,2,0
6423,2021-10-26,2021,10,26,1,0,8,15,19,27,49,4,118,23.6,8,49,41,4,1,1
6424,2021-10-29,2021,10,29,4,0,29,42,45,47,49,8,212,42.4,29,49,20,4,1,1
6425,2021-11-02,2021,11,2,1,0,11,24,25,26,38,20,124,24.8,11,38,27,2,3,1
6426,2021-11-05,2021,11,5,4,0,9,15,38,40,42,2,144,28.8,9,42,33,2,3,1
6427,2021-11-09,2021,11,9,1,0,13,15,32,43,44,3,147,29.4,13,44,31,3,2,0
6428,2021-11-12,2021,11,12,4,0,2,24,27,41,49,17,143,28.6,2,49,47,3,2,0
6429,2021-11-16,2021,11,16,1,0,8,9,36,42,50,4,145,29.0,8,50,42,1,4,1
6430,2021-11-19,2021,11,19,4,0,4,16,39,40,50,9,149,29.8,4,50,46,1,4,0
6431,2021-11-23,2021,11,23,1,0,3,18,21,24,28,1,94,18.8,3,28,25,2,3,0
6432,2021-11-26,2021,11,26,4,0,5,7,11,19,38,14,80,16.0,5,38,33,4,1,1
6433,2021-11-30,2021,11,30,1,0,2,17,22,31,35,4,107,21.4,2,35,33,3,2,1
6434,2021-12-03,2021,12,3,4,0,9,19,20,30,31,10,109,21.8,9,31,22,3,2,1
6435,2021-12-07,2021,12,7,1,0,4,7,17,19,23,14,70,14.0,4,23,19,4,1,1
6436,2021-12-10,2021,12,10,4,0,23,24,27,48,49,3,171,34.2,23,49,26,3,2,0
6437,2021-12-14,2021,12,14,1,0,5,19,30,37,43,16,134,26.8,5,43,38,4,1,1
6438,2021-12-17,2021,12,17,4,0,19,28,34,38,48,4,167,33.4,19,48,29,1,4,1
6439,2021-12-21,2021,12,21,1,0,13,35,46,47,50,5,191,38.2,13,50,37,3,2,0
6440,2021-12-24,2021,12,24,4,0,6,10,11,29,41,16,97,19.4,6,41,35,3,2,1
6441,2021-12-28,2021,12,28,1,0,2,13,16,49,50,18,130,26.0,2,50,48,2,3,1
6442,2021-12-31,2021,12,31,4,0,27,30,33,38,49,5,177,35.4,27,49,22,3,2,0
6443,2022-01-04,2022,1,4,1,0,3,19,38,45,46,19,151,30.2,3,46,43,3,2,0
6444,2022-01-07,2022,1,7,4,0,10,12,37,42,43,2,144,28.8,10,43,33,2,3,1
6445,2022-01-11,2022,1,11,1,0,20,23,27,38,45,17,153,30.6,20,45,25,3,2,0
6446,2022-01-14,2022,1,14,4,0,12,22,26,29,49,20,138,27.6,12,49,37,2,3,1
6447,2022-01-18,2022,1,18,1,0,9,36,44,45,46,16,180,36.0,9,46,37,2,3,1
6448,2022-01-21,2022,1,21,4,0,10,14,19,34,37,12,114,22.8,10,37,27,2,3,1
6449,2022-01-25,2022,1,25,1,0,3,11,29,32,36,8,111,22.2,3,36,33,3,2,1
6450,2022-01-28,2022,1,28,4,0,1,12,21,26,48,18,108,21.6,1,48,47,2,3,1
6451,2022-02-01,2022,2,1,1,0,31,33,37,40,43,1,184,36.8,31,43,12,4,1,0
6452,2022-02-04,2022,2,4,4,0,2,10,11,23,24,11,70,14.0,2,24,22,2,3,0
6453,2022-02-08,2022,2,8,1,0,1,4,14,39,49,13,107,21.4,1,49,48,3,2,0
6454,2022-02-11,2022,2,11,4,0,9,18,34,36,49,12,146,29.2,9,49,40,2,3,1
6455,2022-02-15,2022,2,15,1,0,2,9,26,27,32,17,96,19.2,2,32,30,2,3,0
6456,2022-02-18,2022,2,18,4,0,2,15,31,47,48,15,143,28.6,2,48,46,3,2,0
6457,2022-02-22,2022,2,22,1,0,18,29,31,32,49,1,159,31.8,18,49,31,3,2,0
6458,2022-02-25,2022,2,25,4,0,6,12,26,40,45,1,129,25.8,6,45,39,1,4,0
6459,2022-03-01,2022,3,1,1,0,4,15,26,38,39,19,122,24.4,4,39,35,2,3,0
6460,2022-03-04,2022,3,4,4,0,9,17,33,46,49,5,154,30.8,9,49,40,4,1,0
6461,2022-03-08,2022,3,8,1,0,8,14,21,40,43,5,126,25.2,8,43,35,2,3,0
6462,2022-03-11,2022,3,11,4,0,5,11,24,37,47,2,124,24.8,5,47,42,4,1,1
6463,2022-03-15,2022,3,15,1,0,19,24,37,38,41,16,159,31.8,19,41,22,3,2,1
6464,2022-03-18,2022,3,18,4,0,3,12,15,19,22,8,71,14.2,3,22,19,3,2,1
6465,2022-03-22,2022,3,22,1,0,20,30,35,43,48,19,176,35.2,20,48,28,2,3,0
6466,2022-03-25,2022,3,25,4,0,15,28,32,43,50,17,168,33.6,15,50,35,2,3,0
6467,2022-03-29,2022,3,29,1,0,1,20,35,42,46,2,144,28.8,1,46,45,2,3,1
6468,2022-04-01,2022,4,1,4,0,11,17,21,37,47,7,133,26.6,11,47,36,5,0,0
6469,2022-04-05,2022,4,5,1,0,18,36,38,42,50,17,184,36.8,18,50,32,0,5,0
6470,2022-04-08,2022,4,8,4,0,7,12,13,16,38,16,86,17.2,7,38,31,2,3,1
6471,2022-04-12,2022,4,12,1,0,11,15,28,34,42,5,130,26.0,11,42,31,2,3,0
6472,2022-04-15,2022,4,15,4,0,4,10,12,35,39,4,100,20.0,4,39,35,2,3,1
6473,2022-04-19,2022,4,19,1,0,12,25,26,28,43,8,134,26.8,12,43,31,2,3,1
6474,2022-04-22,2022,4,22,4,0,13,20,30,38,42,9,143,28.6,13,42,29,1,4,0
6475,2022-04-26,2022,4,26,1,0,2,20,38,43,46,9,149,29.8,2,46,44,1,4,0
6476,2022-04-29,2022,4,29,4,0,5,10,25,34,50,16,124,24.8,5,50,45,2,3,1
6477,2022-05-03,2022,5,3,1,0,24,26,35,39,44,20,168,33.6,24,44,20,2,3,1
6478,2022-05-06,2022,5,6,4,0,4,14,30,34,38,14,120,24.0,4,38,34,0,5,1
6479,2022-05-10,2022,5,10,1,0,22,38,42,48,49,16,199,39.8,22,49,27,1,4,1
6480,2022-05-13,2022,5,13,4,0,9,14,15,35,49,13,122,24.4,9,49,40,4,1,0
6481,2022-05-17,2022,5,17,1,0,15,24,32,35,46,11,152,30.4,15,46,31,2,3,0
6482,2022-05-20,2022,5,20,4,0,2,14,19,24,39,9,98,19.6,2,39,37,2,3,0
6483,2022-05-24,2022,5,24,1,0,7,16,21,22,32,12,98,19.6,7,32,25,2,3,1
6484,2022-05-27,2022,5,27,4,0,7,24,26,27,50,18,134,26.8,7,50,43,2,3,1
6485,2022-05-31,2022,5,31,1,0,1,5,17,24,33,13,80,16.0,1,33,32,4,1,0
6486,2022-06-03,2022,6,3,4,0,12,17,20,21,33,6,103,20.6,12,33,21,3,2,1
6487,2022-06-07,2022,6,7,1,0,4,7,35,41,46,4,133,26.6,4,46,42,3,2,1
6488,2022-06-10,2022,6,10,4,0,12,25,26,27,49,13,139,27.8,12,49,37,3,2,0
6489,2022-06-14,2022,6,14,1,0,5,23,26,46,48,16,148,29.6,5,48,43,2,3,1
6490,2022-06-17,2022,6,17,4,0,4,22,32,46,48,16,152,30.4,4,48,44,0,5,1
6491,2022-06-21,2022,6,21,1,0,2,6,18,40,50,16,116,23.2,2,50,48,0,5,1
6492,2022-06-24,2022,6,24,4,0,4,13,25,38,44,13,124,24.8,4,44,40,2,3,0
6493,2022-06-28,2022,6,28,1,0,9,12,28,29,50,13,128,25.6,9,50,41,2,3,0
6494,2022-07-01,2022,7,1,4,0,6,8,13,21,28,1,76,15.2,6,28,22,2,3,0
6495,2022-07-05,2022,7,5,1,0,13,14,16,18,31,19,92,18.4,13,31,18,2,3,0
6496,2022-07-08,2022,7,8,4,0,4,9,19,21,37,15,90,18.0,4,37,33,4,1,0
6497,2022-07-12,2022,7,12,1,0,1,17,21,47,48,15,134,26.8,1,48,47,4,1,0
6498,2022-07-15,2022,7,15,4,0,3,9,36,44,50,16,142,28.4,3,50,47,2,3,1
6499,2022-07-19,2022,7,19,1,0,14,18,29,46,47,16,154,30.8,14,47,33,2,3,1
6500,2022-07-22,2022,7,22,4,0,5,18,19,20,48,1,110,22.0,5,48,43,2,3,0
6501,2022-07-26,2022,7,26,1,0,4,6,9,41,50,13,110,22.0,4,50,46,2,3,0
6502,2022-07-29,2022,7,29,4,0,7,14,28,32,36,8,117,23.4,7,36,29,1,4,1
6503,2022-08-02,2022,8,2,1,0,13,14,20,43,45,1,135,27.0,13,45,32,3,2,0
6504,2022-08-05,2022,8,5,4,0,16,18,21,32,44,18,131,26.2,16,44,28,1,4,1
6505,2022-08-09,2022,8,9,1,0,6,26,39,42,43,1,156,31.2,6,43,37,2,3,0
6506,2022-08-12,2022,8,12,4,0,24,30,38,39,44,16,175,35.0,24,44,20,1,4,1
6507,2022-08-16,2022,8,16,1,0,21,33,40,42,48,2,184,36.8,21,48,27,2,3,1
6508,2022-08-19,2022,8,19,4,0,23,36,39,40,43,3,181,36.2,23,43,20,3,2,0
6509,2022-08-23,2022,8,23,1,0,10,11,17,29,40,15,107,21.4,10,40,30,3,2,0
6510,2022-08-26,2022,8,26,4,0,3,11,17,23,45,15,99,19.8,3,45,42,5,0,0
6511,2022-08-30,2022,8,30,1,0,1,7,10,27,35,17,80,16.0,1,35,34,4,1,0
6512,2022-09-02,2022,9,2,4,0,1,12,18,20,41,5,92,18.4,1,41,40,2,3,0
6513,2022-09-06,2022,9,6,1,0,2,8,26,31,34,5,101,20.2,2,34,32,1,4,0
6514,2022-09-09,2022,9,9,4,0,9,14,22,35,47,4,127,25.4,9,47,38,3,2,1
6515,2022-09-13,2022,9,13,1,0,1,10,11,20,33,11,75,15.0,1,33,32,3,2,0
6516,2022-09-16,2022,9,16,4,0,7,16,27,28,29,17,107,21.4,7,29,22,3,2,0
6517,2022-09-20,2022,9,20,1,0,13,16,23,45,47,17,144,28.8,13,47,34,4,1,0
6518,2022-09-23,2022,9,23,4,0,9,25,42,46,47,16,169,33.8,9,47,38,3,2,1
6519,2022-09-27,2022,9,27,1,0,4,32,39,40,46,6,161,32.2,4,46,42,1,4,1
6520,2022-09-30,2022,9,30,4,0,7,27,29,35,50,3,148,29.6,7,50,43,4,1,0
6521,2022-10-04,2022,10,4,1,0,23,24,27,38,41,2,153,30.6,23,41,18,3,2,1
6522,2022-10-07,2022,10,7,4,0,3,12,16,33,45,15,109,21.8,3,45,42,3,2,0
6523,2022-10-11,2022,10,11,1,0,2,12,25,29,34,16,102,20.4,2,34,32,2,3,1
6524,2022-10-14,2022,10,14,4,0,6,17,22,33,37,2,115,23.0,6,37,31,3,2,1
6525,2022-10-18,2022,10,18,1,0,6,7,14,29,48,13,104,20.8,6,48,42,2,3,0
6526,2022-10-21,2022,10,21,4,0,16,18,26,35,41,3,136,27.2,16,41,25,2,3,0
6527,2022-10-25,2022,10,25,1,0,20,23,27,39,46,6,155,31.0,20,46,26,3,2,1
6528,2022-10-28,2022,10,28,4,0,15,25,30,32,40,9,142,28.4,15,40,25,2,3,0
6529,2022-11-01,2022,11,1,1,0,3,6,22,29,47,19,107,21.4,3,47,44,3,2,0
6530,2022-11-04,2022,11,4,4,0,1,8,29,35,40,15,113,22.6,1,40,39,3,2,0
6531,2022-11-08,2022,11,8,1,0,7,8,9,10,17,17,51,10.2,7,17,10,3,2,0
6532,2022-11-11,2022,11,11,4,0,1,28,34,35,39,18,137,27.4,1,39,38,3,2,1
6533,2022-11-15,2022,11,15,1,0,5,7,16,36,41,2,105,21.0,5,41,36,3,2,1
6534,2022-11-18,2022,11,18,4,0,13,24,29,47,50,5,163,32.6,13,50,37,3,2,0
6535,2022-11-22,2022,11,22,1,0,5,18,21,37,38,19,119,23.8,5,38,33,3,2,0
6536,2022-11-25,2022,11,25,4,0,7,16,26,34,40,11,123,24.6,7,40,33,1,4,0
6537,2022-11-29,2022,11,29,1,0,4,6,8,33,38,5,89,17.8,4,38,34,1,4,0
6538,2022-12-02,2022,12,2,4,0,12,14,28,31,34,5,119,23.8,12,34,22,1,4,0
6539,2022-12-06,2022,12,6,1,0,1,9,10,47,50,11,117,23.4,1,50,49,3,2,0
6540,2022-12-09,2022,12,9,4,0,2,9,17,45,48,14,121,24.2,2,48,46,3,2,1
6541,2022-12-13,2022,12,13,1,0,16,23,36,43,46,17,164,32.8,16,46,30,2,3,0
6542,2022-12-16,2022,12,16,4,0,26,28,36,43,48,11,181,36.2,26,48,22,1,4,0
6543,2022-12-20,2022,12,20,1,0,4,9,19,24,29,2,85,17.0,4,29,25,3,2,1
6544,2022-12-23,2022,12,23,4,0,3,12,13,18,46,1,92,18.4,3,46,43,2,3,0
6545,2022-12-27,2022,12,27,1,0,3,19,24,28,45,12,119,23.8,3,45,42,3,2,1
6546,2022-12-30,2022,12,30,4,0,5,8,27,33,48,7,121,24.2,5,48,43,3,2,0
6547,2023-01-03,2023,1,3,1,0,2,21,33,39,42,11,137,27.4,2,42,40,3,2,0
6548,2023-01-06,2023,1,6,4,0,6,20,31,37,46,4,140,28.0,6,46,40,2,3,1
6549,2023-01-10,2023,1,10,1,0,8,22,27,37,50,9,144,28.8,8,50,42,2,3,0
6550,2023-01-13,2023,1,13,4,0,12,19,25,29,41,2,126,25.2,12,41,29,4,1,1
6551,2023-01-17,2023,1,17,1,0,1,9,37,38,39,5,124,24.8,1,39,38,4,1,0
6552,2023-01-20,2023,1,20,4,0,5,12,15,39,47,8,118,23.6,5,47,42,4,1,1
6553,2023-01-24,2023,1,24,1,0,3,10,32,40,48,2,133,26.6,3,48,45,1,4,1
6554,2023-01-27,2023,1,27,4,0,27,34,36,40,50,2,187,37.4,27,50,23,1,4,1
6555,2023-01-31,2023,1,31,1,0,12,14,17,29,50,20,122,24.4,12,50,38,2,3,1
6556,2023-02-03,2023,2,3,4,0,17,32,35,42,43,6,169,33.8,17,43,26,3,2,1
6557,2023-02-07,2023,2,7,1,0,3,4,23,32,49,8,111,22.2,3,49,46,3,2,1
6558,2023-02-10,2023,2,10,4,0,3,5,21,42,46,6,117,23.4,3,46,43,3,2,1
6559,2023-02-14,2023,2,14,1,0,8,14,18,21,49,11,110,22.0,8,49,41,2,3,0
6560,2023-02-17,2023,2,17,4,0,1,2,4,19,24,19,50,10.0,1,24,23,2,3,0
6561,2023-02-21,2023,2,21,1,0,10,18,22,36,48,2,134,26.8,10,48,38,0,5,1
6562,2023-02-24,2023,2,24,4,0,7,23,31,38,43,11,142,28.4,7,43,36,4,1,0
6563,2023-02-28,2023,2,28,1,0,2,14,21,22,40,19,99,19.8,2,40,38,1,4,0
6564,2023-03-03,2023,3,3,4,0,18,20,41,47,50,14,176,35.2,18,50,32,2,3,1
6565,2023-03-07,2023,3,7,1,0,8,14,15,27,49,16,113,22.6,8,49,41,3,2,1
6566,2023-03-10,2023,3,10,4,0,12,19,22,27,37,6,117,23.4,12,37,25,3,2,1
6567,2023-03-14,2023,3,14,1,0,8,20,29,42,44,16,143,28.6,8,44,36,1,4,1
6568,2023-03-17,2023,3,17,4,0,21,22,27,41,43,5,154,30.8,21,43,22,4,1,0
6569,2023-03-21,2023,3,21,1,0,7,22,28,34,41,10,132,26.4,7,41,34,2,3,1
6570,2023-03-24,2023,3,24,4,0,6,27,33,45,46,14,157,31.4,6,46,40,3,2,1
6571,2023-03-28,2023,3,28,1,0,10,22,27,42,49,19,150,30.0,10,49,39,2,3,0
6572,2023-03-31,2023,3,31,4,0,7,20,41,42,49,7,159,31.8,7,49,42,3,2,0
6573,2023-04-04,2023,4,4,1,0,15,18,29,33,35,12,130,26.0,15,35,20,4,1,1
6574,2023-04-07,2023,4,7,4,0,9,15,21,22,26,13,93,18.6,9,26,17,3,2,0
6575,2023-04-11,2023,4,11,1,0,4,30,38,43,49,19,164,32.8,4,49,45,2,3,0
6576,2023-04-14,2023,4,14,4,0,16,20,33,37,44,16,150,30.0,16,44,28,2,3,1
6577,2023-04-18,2023,4,18,1,0,3,5,8,15,25,16,56,11.2,3,25,22,4,1,1
6578,2023-04-21,2023,4,21,4,0,2,3,6,12,49,10,72,14.4,2,49,47,2,3,1
6579,2023-04-25,2023,4,25,1,0,10,12,13,23,47,16,105,21.0,10,47,37,3,2,1
6580,2023-04-28,2023,4,28,4,0,20,21,28,35,44,11,148,29.6,20,44,24,2,3,0
6581,2023-05-02,2023,5,2,1,0,13,16,17,41,43,18,130,26.0,13,43,30,4,1,1
6582,2023-05-05,2023,5,5,4,0,2,20,24,29,43,20,118,23.6,2,43,41,2,3,1
6583,2023-05-09,2023,5,9,1,0,2,4,16,17,34,19,73,14.6,2,34,32,1,4,0
6584,2023-05-12,2023,5,12,4,0,5,11,30,40,47,18,133,26.6,5,47,42,3,2,1
6585,2023-05-16,2023,5,16,1,0,1,5,14,36,45,19,101,20.2,1,45,44,3,2,0
6586,2023-05-19,2023,5,19,4,0,3,16,22,42,49,19,132,26.4,3,49,46,2,3,0
6587,2023-05-23,2023,5,23,1,0,20,24,26,28,38,13,136,27.2,20,38,18,0,5,0
6588,2023-05-26,2023,5,26,4,0,4,9,21,22,41,7,97,19.4,4,41,37,3,2,0
6589,2023-05-30,2023,5,30,1,0,3,7,38,48,50,16,146,29.2,3,50,47,2,3,1
6590,2023-06-02,2023,6,2,4,0,1,4,5,12,25,14,47,9.4,1,25,24,3,2,1
6591,2023-06-06,2023,6,6,1,0,3,9,15,38,44,12,109,21.8,3,44,41,3,2,1
6592,2023-06-09,2023,6,9,4,0,5,17,22,27,37,2,108,21.6,5,37,32,4,1,1
6593,2023-06-13,2023,6,13,1,0,10,28,31,35,42,1,146,29.2,10,42,32,2,3,0
6594,2023-06-16,2023,6,16,4,0,13,21,26,30,50,2,140,28.0,13,50,37,2,3,1
6595,2023-06-20,2023,6,20,1,0,20,24,33,44,48,6,169,33.8,20,48,28,1,4,1
6596,2023-06-23,2023,6,23,4,0,19,37,41,43,47,16,187,37.4,19,47,28,5,0,1
6597,2023-06-27,2023,6,27,1,0,7,21,33,45,46,12,152,30.4,7,46,39,4,1,1
6598,2023-06-30,2023,6,30,4,0,9,17,27,36,37,16,126,25.2,9,37,28,4,1,1
6599,2023-07-04,2023,7,4,1,0,13,29,30,31,47,8,150,30.0,13,47,34,4,1,1
6600,2023-07-07,2023,7,7,4,0,8,21,25,26,29,18,109,21.8,8,29,21,3,2,1
6601,2023-07-11,2023,7,11,1,0,10,19,20,22,48,19,119,23.8,10,48,38,1,4,0
6602,2023-07-14,2023,7,14,4,0,1,22,31,32,41,9,127,25.4,1,41,40,3,2,0
6603,2023-07-18,2023,7,18,1,0,5,21,33,45,50,5,154,30.8,5,50,45,4,1,0
6604,2023-07-21,2023,7,21,4,0,19,21,25,31,48,20,144,28.8,19,48,29,4,1,1
6605,2023-07-25,2023,7,25,1,0,14,24,25,44,48,4,155,31.0,14,48,34,1,4,1
6606,2023-07-28,2023,7,28,4,0,2,6,11,20,47,7,86,17.2,2,47,45,2,3,0
6607,2023-08-01,2023,8,1,1,0,1,16,30,38,46,10,131,26.2,1,46,45,1,4,1
6608,2023-08-04,2023,8,4,4,0,19,27,28,37,43,4,154,30.8,19,43,24,4,1,1
6609,2023-08-08,2023,8,8,1,0,17,18,26,39,46,4,146,29.2,17,46,29,2,3,1
6610,2023-08-11,2023,8,11,4,0,30,35,42,43,44,5,194,38.8,30,44,14,2,3,0
6611,2023-08-15,2023,8,15,1,0,7,9,16,34,38,11,104,20.8,7,38,31,2,3,0
6612,2023-08-18,2023,8,18,4,0,1,3,6,7,16,1,33,6.6,1,16,15,3,2,0
6613,2023-08-22,2023,8,22,1,0,5,10,16,19,29,10,79,15.8,5,29,24,3,2,1
6614,2023-08-25,2023,8,25,4,0,3,4,7,13,24,5,51,10.2,3,24,21,3,2,0
6615,2023-08-29,2023,8,29,1,0,8,23,31,36,44,17,142,28.4,8,44,36,2,3,0
6616,2023-09-01,2023,9,1,4,0,1,3,8,33,49,4,94,18.8,1,49,48,4,1,1
6617,2023-09-05,2023,9,5,1,0,4,12,18,24,50,12,108,21.6,4,50,46,0,5,1
6618,2023-09-08,2023,9,8,4,0,5,8,14,35,36,12,98,19.6,5,36,31,2,3,1
6619,2023-09-12,2023,9,12,1,0,3,15,18,36,45,20,117,23.4,3,45,42,3,2,1
6620,2023-09-15,2023,9,15,4,0,3,21,28,35,46,19,133,26.6,3,46,43,3,2,0
6621,2023-09-19,2023,9,19,1,0,15,18,36,43,46,18,158,31.6,15,46,31,2,3,1
6622,2023-09-22,2023,9,22,4,0,8,9,19,26,27,5,89,17.8,8,27,19,3,2,0
6623,2023-09-26,2023,9,26,1,0,8,22,25,35,44,2,134,26.8,8,44,36,2,3,1
6624,2023-09-29,2023,9,29,4,0,6,14,27,31,47,14,125,25.0,6,47,41,3,2,1
6625,2023-10-03,2023,10,3,1,0,3,8,15,24,45,14,95,19.0,3,45,42,3,2,1
6626,2023-10-06,2023,10,6,4,0,19,21,25,41,49,9,155,31.0,19,49,30,5,0,0
6627,2023-10-10,2023,10,10,1,0,7,15,19,20,49,10,110,22.0,7,49,42,4,1,1
6628,2023-10-13,2023,10,13,4,0,9,11,39,41,44,19,144,28.8,9,44,35,4,1,0
6629,2023-10-17,2023,10,17,1,0,5,18,29,36,49,18,137,27.4,5,49,44,3,2,1
6630,2023-10-20,2023,10,20,4,0,3,7,13,18,42,12,83,16.6,3,42,39,3,2,1
6631,2023-10-24,2023,10,24,1,0,1,10,33,37,46,4,127,25.4,1,46,45,3,2,1
6632,2023-10-27,2023,10,27,4,0,16,17,21,31,36,15,121,24.2,16,36,20,3,2,0
6633,2023-10-31,2023,10,31,1,0,10,15,19,36,48,4,128,25.6,10,48,38,2,3,1
6634,2023-11-03,2023,11,3,4,0,1,8,24,26,31,2,90,18.0,1,31,30,2,3,1
6635,2023-11-07,2023,11,7,1,0,3,13,28,31,40,15,115,23.0,3,40,37,3,2,0
6636,2023-11-10,2023,11,10,4,0,3,18,21,37,46,3,125,25.0,3,46,43,3,2,0
6637,2023-11-14,2023,11,14,1,0,10,24,30,33,44,20,141,28.2,10,44,34,1,4,1
6638,2023-11-17,2023,11,17,4,0,4,20,24,30,42,8,120,24.0,4,42,38,0,5,1
6639,2023-11-21,2023,11,21,1,0,3,13,24,45,49,10,134,26.8,3,49,46,4,1,1
6640,2023-11-24,2023,11,24,4,0,21,32,40,41,47,4,181,36.2,21,47,26,3,2,1
6641,2023-11-28,2023,11,28,1,0,4,17,25,26,46,5,118,23.6,4,46,42,2,3,0
6642,2023-12-01,2023,12,1,4,0,16,18,44,46,48,8,172,34.4,16,48,32,0,5,1
6643,2023-12-05,2023,12,5,1,0,19,20,21,30,39,12,129,25.8,19,39,20,3,2,1
6644,2023-12-08,2023,12,8,4,0,2,22,24,32,33,1,113,22.6,2,33,31,1,4,0
6645,2023-12-12,2023,12,12,1,0,7,9,15,38,41,17,110,22.0,7,41,34,4,1,0
6646,2023-12-15,2023,12,15,4,0,16,24,34,38,44,13,156,31.2,16,44,28,0,5,0
6647,2023-12-19,2023,12,19,1,0,4,17,25,28,35,2,109,21.8,4,35,31,3,2,1
6648,2023-12-22,2023,12,22,4,0,24,27,29,34,38,16,152,30.4,24,38,14,2,3,1
6649,2023-12-26,2023,12,26,1,0,6,29,30,34,38,12,137,27.4,6,38,32,1,4,1
6650,2023-12-29,2023,12,29,4,0,17,21,38,48,49,15,173,34.6,17,49,32,3,2,0
6651,2024-01-02,2024,1,2,1,0,9,20,23,46,50,5,148,29.6,9,50,41,2,3,0
6652,2024-01-05,2024,1,5,4,0,2,18,31,43,50,7,144,28.8,2,50,48,2,3,0
6653,2024-01-09,2024,1,9,1,0,12,20,24,33,43,19,132,26.4,12,43,31,2,3,0
6654,2024-01-12,2024,1,12,4,0,15,29,36,45,49,5,174,34.8,15,49,34,4,1,0
6655,2024-01-16,2024,1,16,1,0,5,29,40,42,47,6,163,32.6,5,47,42,3,2,1
6656,2024-01-19,2024,1,19,4,0,11,18,20,41,46,15,136,27.2,11,46,35,2,3,0
6657,2024-01-23,2024,1,23,1,0,9,16,21,26,39,16,111,22.2,9,39,30,3,2,1
6658,2024-01-26,2024,1,26,4,0,1,6,13,20,21,12,61,12.2,1,21,20,3,2,1
6659,2024-01-30,2024,1,30,1,0,1,8,30,39,44,3,122,24.4,1,44,43,2,3,0
6660,2024-02-02,2024,2,2,4,0,21,35,37,43,46,19,182,36.4,21,46,25,4,1,0
6661,2024-02-06,2024,2,6,1,0,2,6,10,18,28,15,64,12.8,2,28,26,0,5,0
6662,2024-02-09,2024,2,9,4,0,8,16,24,29,36,17,113,22.6,8,36,28,1,4,0
6663,2024-02-13,2024,2,13,1,0,13,15,30,32,46,17,136,27.2,13,46,33,2,3,0
6664,2024-02-16,2024,2,16,4,0,18,33,35,46,48,16,180,36.0,18,48,30,2,3,1
6665,2024-02-20,2024,2,20,1,0,4,13,16,21,32,4,86,17.2,4,32,28,2,3,1
6666,2024-02-23,2024,2,23,4,0,3,19,22,35,38,17,117,23.4,3,38,35,3,2,0
6667,2024-02-27,2024,2,27,1,0,12,13,33,39,43,4,140,28.0,12,43,31,4,1,1
6668,2024-03-01,2024,3,1,4,0,10,30,35,42,46,10,163,32.6,10,46,36,1,4,1
6669,2024-03-05,2024,3,5,1,0,2,4,23,27,31,4,87,17.4,2,31,29,3,2,1
6670,2024-03-08,2024,3,8,4,0,7,18,19,27,28,14,99,19.8,7,28,21,3,2,1
6671,2024-03-12,2024,3,12,1,0,2,18,21,47,48,9,136,27.2,2,48,46,2,3,0
6672,2024-03-15,2024,3,15,4,0,4,9,20,22,33,20,88,17.6,4,33,29,2,3,1
6673,2024-03-19,2024,3,19,1,0,7,15,19,26,36,15,103,20.6,7,36,29,3,2,0
6674,2024-03-22,2024,3,22,4,0,9,10,36,43,44,7,142,28.4,9,44,35,2,3,0
6675,2024-03-26,2024,3,26,1,0,11,15,35,41,45,12,147,29.4,11,45,34,5,0,1
6676,2024-03-29,2024,3,29,4,0,1,13,24,25,35,4,98,19.6,1,35,34,4,1,1
6677,2024-04-02,2024,4,2,1,0,13,20,28,39,47,18,147,29.4,13,47,34,3,2,1
6678,2024-04-05,2024,4,5,4,0,6,8,16,28,36,18,94,18.8,6,36,30,0,5,1
6679,2024-04-09,2024,4,9,1,0,5,7,31,36,42,10,121,24.2,5,42,37,3,2,1
6680,2024-04-12,2024,4,12,4,0,22,26,42,43,45,20,178,35.6,22,45,23,2,3,1
6681,2024-04-16,2024,4,16,1,0,6,14,26,32,41,3,119,23.8,6,41,35,1,4,0
6682,2024-04-19,2024,4,19,4,0,4,17,18,44,48,19,131,26.2,4,48,44,1,4,0
6683,2024-04-23,2024,4,23,1,0,13,20,26,37,42,7,138,27.6,13,42,29,2,3,0
6684,2024-04-26,2024,4,26,4,0,5,12,13,17,32,12,79,15.8,5,32,27,3,2,1
6685,2024-04-30,2024,4,30,1,0,5,8,14,33,36,2,96,19.2,5,36,31,2,3,1
6686,2024-05-03,2024,5,3,4,0,28,31,33,37,44,2,173,34.6,28,44,16,3,2,1
6687,2024-05-07,2024,5,7,1,0,2,4,10,39,40,11,95,19.0,2,40,38,1,4,0
6688,2024-05-10,2024,5,10,4,0,9,21,33,43,44,10,150,30.0,9,44,35,4,1,1
6689,2024-05-14,2024,5,14,1,0,4,9,39,41,44,19,137,27.4,4,44,40,3,2,0
6690,2024-05-17,2024,5,17,4,0,18,22,23,31,32,18,126,25.2,18,32,14,2,3,1
6691,2024-05-21,2024,5,21,1,0,3,9,16,26,38,8,92,18.4,3,38,35,2,3,1
6692,2024-05-24,2024,5,24,4,0,4,14,16,18,25,11,77,15.4,4,25,21,1,4,0
6693,2024-05-28,2024,5,28,1,0,2,3,23,39,45,14,112,22.4,2,45,43,4,1,1
6694,2024-05-31,2024,5,31,4,0,17,20,22,35,43,7,137,27.4,17,43,26,3,2,0
6695,2024-06-04,2024,6,4,1,0,4,15,38,41,42,17,140,28.0,4,42,38,2,3,0
6696,2024-06-07,2024,6,7,4,0,6,9,17,37,41,19,110,22.0,6,41,35,4,1,0
6697,2024-06-11,2024,6,11,1,0,12,22,25,43,50,16,152,30.4,12,50,38,2,3,1
6698,2024-06-14,2024,6,14,4,0,19,24,40,45,49,7,177,35.4,19,49,30,3,2,0
6699,2024-06-18,2024,6,18,1,0,9,13,18,45,49,2,134,26.8,9,49,40,4,1,1
6700,2024-06-21,2024,6,21,4,0,9,29,30,33,49,10,150,30.0,9,49,40,4,1,1
6701,2024-06-25,2024,6,25,1,0,3,32,40,42,49,5,166,33.2,3,49,46,2,3,0
6702,2024-06-28,2024,6,28,4,0,19,22,31,40,47,5,159,31.8,19,47,28,3,2,0
6703,2024-07-02,2024,7,2,1,0,6,15,20,32,42,5,115,23.0,6,42,36,1,4,0
6704,2024-07-05,2024,7,5,4,0,18,19,22,38,49,15,146,29.2,18,49,31,2,3,0
6705,2024-07-09,2024,7,9,1,0,2,7,19,31,45,4,104,20.8,2,45,43,4,1,1
6706,2024-07-12,2024,7,12,4,0,5,10,26,37,44,15,122,24.4,5,44,39,2,3,0
6707,2024-07-16,2024,7,16,1,0,2,10,22,48,49,7,131,26.2,2,49,47,1,4,0
6708,2024-07-19,2024,7,19,4,0,2,6,9,31,37,6,85,17.0,2,37,35,3,2,1
6709,2024-07-23,2024,7,23,1,0,3,11,16,26,48,7,104,20.8,3,48,45,2,3,0
6710,2024-07-26,2024,7,26,4,0,6,9,12,38,39,17,104,20.8,6,39,33,2,3,0
6711,2024-07-30,2024,7,30,1,0,7,15,20,32,46,4,120,24.0,7,46,39,2,3,1
6712,2024-08-02,2024,8,2,4,0,2,5,10,31,32,11,80,16.0,2,32,30,2,3,0
6713,2024-08-06,2024,8,6,1,0,5,31,34,40,46,10,156,31.2,5,46,41,2,3,1
6714,2024-08-09,2024,8,9,4,0,7,13,28,37,44,6,129,25.8,7,44,37,3,2,1
6715,2024-08-13,2024,8,13,1,0,6,34,35,42,46,11,163,32.6,6,46,40,1,4,0
6716,2024-08-16,2024,8,16,4,0,9,14,15,22,36,1,96,19.2,9,36,27,2,3,0
6717,2024-08-20,2024,8,20,1,0,5,7,13,23,40,7,88,17.6,5,40,35,4,1,0
6718,2024-08-23,2024,8,23,4,0,20,22,37,39,40,7,158,31.6,20,40,20,2,3,0
6719,2024-08-27,2024,8,27,1,0,13,35,39,42,49,2,178,35.6,13,49,36,4,1,1
6720,2024-08-30,2024,8,30,4,0,8,27,33,43,48,14,159,31.8,8,48,40,3,2,1
6721,2024-09-03,2024,9,3,1,0,2,9,30,38,47,2,126,25.2,2,47,45,2,3,1
6722,2024-09-06,2024,9,6,4,0,10,17,23,44,46,4,140,28.0,10,46,36,2,3,1
6723,2024-09-10,2024,9,10,1,0,16,17,18,47,48,6,146,29.2,16,48,32,2,3,1
6724,2024-09-13,2024,9,13,4,0,2,10,25,37,43,7,117,23.4,2,43,41,3,2,0
6725,2024-09-17,2024,9,17,1,0,23,26,43,44,49,16,185,37.0,23,49,26,3,2,1
6726,2024-09-20,2024,9,20,4,0,6,12,16,18,47,19,99,19.8,6,47,41,1,4,0
6727,2024-09-24,2024,9,24,1,0,19,23,30,31,38,19,141,28.2,19,38,19,3,2,0
6728,2024-09-27,2024,9,27,4,0,12,22,29,43,47,10,153,30.6,12,47,35,3,2,1
6729,2024-10-01,2024,10,1,1,0,3,10,14,25,39,1,91,18.2,3,39,36,3,2,0
6730,2024-10-04,2024,10,4,4,0,2,8,24,42,48,17,124,24.8,2,48,46,0,5,0
6731,2024-10-08,2024,10,8,1,0,3,13,31,37,40,9,124,24.8,3,40,37,4,1,0
6732,2024-10-11,2024,10,11,4,0,3,8,13,46,48,11,118,23.6,3,48,45,2,3,0
6733,2024-10-15,2024,10,15,1,0,14,32,35,39,44,17,164,32.8,14,44,30,2,3,0
6734,2024-10-18,2024,10,18,4,0,4,12,28,33,48,14,125,25.0,4,48,44,1,4,1
6735,2024-10-22,2024,10,22,1,0,2,23,27,45,49,12,146,29.2,2,49,47,4,1,1
6736,2024-10-25,2024,10,25,4,0,10,38,39,42,49,17,178,35.6,10,49,39,2,3,0
6737,2024-10-29,2024,10,29,1,0,1,19,30,37,40,16,127,25.4,1,40,39,3,2,1
6738,2024-11-01,2024,11,1,4,0,3,12,17,29,38,18,99,19.8,3,38,35,3,2,1
6739,2024-11-05,2024,11,5,1,0,10,14,20,36,43,17,123,24.6,10,43,33,1,4,0
6740,2024-11-08,2024,11,8,4,0,4,5,29,35,45,7,118,23.6,4,45,41,4,1,0
6741,2024-11-12,2024,11,12,1,0,4,5,18,39,42,14,108,21.6,4,42,38,2,3,1
6742,2024-11-15,2024,11,15,4,0,5,18,21,23,31,18,98,19.6,5,31,26,4,1,1
6743,2024-11-19,2024,11,19,1,0,3,11,17,21,37,6,89,17.8,3,37,34,5,0,1
6744,2024-11-22,2024,11,22,4,0,15,17,19,43,49,8,143,28.6,15,49,34,5,0,1
6745,2024-11-26,2024,11,26,1,0,12,18,22,36,38,12,126,25.2,12,38,26,0,5,1
6746,2024-11-29,2024,11,29,4,0,5,16,27,32,40,1,120,24.0,5,40,35,2,3,0
6747,2024-12-03,2024,12,3,1,0,6,9,11,23,27,10,76,15.2,6,27,21,4,1,1
6748,2024-12-06,2024,12,6,4,0,5,15,19,32,35,11,106,21.2,5,35,30,4,1,0
6749,2024-12-10,2024,12,10,1,0,1,6,29,39,44,17,119,23.8,1,44,43,3,2,0
6750,2024-12-13,2024,12,13,4,0,3,28,39,40,49,14,159,31.8,3,49,46,3,2,1
6751,2024-12-17,2024,12,17,1,0,12,21,28,32,40,12,133,26.6,12,40,28,1,4,1
6752,2024-12-20,2024,12,20,4,0,1,16,20,41,48,8,126,25.2,1,48,47,2,3,1
6753,2024-12-24,2024,12,24,1,0,5,7,8,12,18,9,50,10.0,5,18,13,2,3,0
6754,2024-12-27,2024,12,27,4,0,6,10,23,30,47,18,116,23.2,6,47,41,2,3,1
6755,2024-12-31,2024,12,31,1,0,1,26,31,32,47,2,137,27.4,1,47,46,3,2,1
6756,2025-01-03,2025,1,3,4,0,6,9,10,25,47,1,97,19.4,6,47,41,3,2,0
6757,2025-01-07,2025,1,7,1,0,9,12,27,39,42,18,129,25.8,9,42,33,3,2,1
6758,2025-01-10,2025,1,10,4,0,10,14,33,44,47,2,148,29.6,10,47,37,2,3,1
6759,2025-01-14,2025,1,14,1,0,20,23,30,34,44,7,151,30.2,20,44,24,1,4,0
6760,2025-01-17,2025,1,17,4,0,4,11,27,39,40,8,121,24.2,4,40,36,3,2,1
6761,2025-01-21,2025,1,21,1,0,1,2,15,23,37,4,78,15.6,1,37,36,4,1,1
6762,2025-01-24,2025,1,24,4,0,12,15,24,43,49,18,143,28.6,12,49,37,3,2,1
6763,2025-01-28,2025,1,28,1,0,17,21,26,42,43,14,149,29.8,17,43,26,3,2,1
6764,2025-01-31,2025,1,31,4,0,3,27,36,40,47,15,153,30.6,3,47,44,3,2,0
6765,2025-02-04,2025,2,4,1,0,19,23,27,41,49,8,159,31.8,19,49,30,5,0,1
6766,2025-02-07,2025,2,7,4,0,7,30,34,42,49,1,162,32.4,7,49,42,2,3,0
6767,2025-02-11,2025,2,11,1,0,7,15,21,23,33,13,99,19.8,7,33,26,5,0,0
6768,2025-02-14,2025,2,14,4,0,2,8,25,37,44,18,116,23.2,2,44,42,2,3,1
6769,2025-02-18,2025,2,18,1,0,16,19,34,36,43,16,148,29.6,16,43,27,2,3,1
6770,2025-02-21,2025,2,21,4,0,2,3,15,17,42,5,79,15.8,2,42,40,3,2,0
6771,2025-02-25,2025,2,25,1,0,18,23,27,34,44,18,146,29.2,18,44,26,2,3,1
6772,2025-02-28,2025,2,28,4,0,11,19,20,21,44,6,115,23.0,11,44,33,3,2,1
6773,2025-03-04,2025,3,4,1,0,20,23,35,43,50,15,171,34.2,20,50,30,3,2,0
6774,2025-03-07,2025,3,7,4,0,12,13,16,28,46,3,115,23.0,12,46,34,1,4,0
6775,2025-03-11,2025,3,11,1,0,8,28,30,44,48,2,158,31.6,8,48,40,0,5,1
6776,2025-03-14,2025,3,14,4,0,7,32,38,45,46,2,168,33.6,7,46,39,2,3,1
6777,2025-03-18,2025,3,18,1,0,15,22,29,35,43,10,144,28.8,15,43,28,4,1,1
6778,2025-03-21,2025,3,21,4,0,9,16,24,32,50,19,131,26.2,9,50,41,1,4,0
6779,2025-03-25,2025,3,25,1,0,22,32,38,39,40,10,171,34.2,22,40,18,1,4,1
6780,2025-03-28,2025,3,28,4,0,1,6,13,14,35,3,69,13.8,1,35,34,3,2,0
6781,2025-04-01,2025,4,1,1,0,1,6,12,13,36,7,68,13.6,1,36,35,2,3,0
6782,2025-04-04,2025,4,4,4,0,8,20,35,36,38,2,137,27.4,8,38,30,1,4,1
6783,2025-04-08,2025,4,8,1,0,1,16,23,37,42,6,119,23.8,1,42,41,3,2,1
6784,2025-04-11,2025,4,11,4,0,5,12,14,22,48,18,101,20.2,5,48,43,1,4,1
6785,2025-04-15,2025,4,15,1,0,19,24,38,40,41,2,162,32.4,19,41,22,2,3,1
6786,2025-04-18,2025,4,18,4,0,15,17,22,33,45,12,132,26.4,15,45,30,4,1,1
6787,2025-04-22,2025,4,22,1,0,18,32,33,38,43,9,164,32.8,18,43,25,2,3,0
6788,2025-04-25,2025,4,25,4,0,5,9,13,46,47,11,120,24.0,5,47,42,4,1,0
6789,2025-04-29,2025,4,29,1,0,5,14,32,33,45,13,129,25.8,5,45,40,3,2,0
6790,2025-05-02,2025,5,2,4,0,2,6,17,37,47,9,109,21.8,2,47,45,3,2,0
6791,2025-05-06,2025,5,6,1,0,19,20,32,35,37,19,143,28.6,19,37,18,3,2,0
6792,2025-05-09,2025,5,9,4,0,5,6,14,38,50,10,113,22.6,5,50,45,1,4,1
6793,2025-05-13,2025,5,13,1,0,11,21,29,37,39,12,137,27.4,11,39,28,5,0,1
6794,2025-05-16,2025,5,16,4,0,9,16,20,28,39,19,112,22.4,9,39,30,2,3,0
6795,2025-05-20,2025,5,20,1,0,13,26,31,32,47,18,149,29.8,13,47,34,3,2,1
6796,2025-05-23,2025,5,23,4,0,1,17,18,27,49,15,112,22.4,1,49,48,4,1,0
6797,2025-05-27,2025,5,27,1,0,13,22,33,38,50,15,156,31.2,13,50,37,2,3,0
6798,2025-05-30,2025,5,30,4,0,10,13,34,43,46,1,146,29.2,10,46,36,2,3,0
6799,2025-06-03,2025,6,3,1,0,5,26,40,47,50,14,168,33.6,5,50,45,2,3,1
6800,2025-06-06,2025,6,6,4,0,9,24,34,41,44,2,152,30.4,9,44,35,2,3,1
6801,2025-06-10,2025,6,10,1,0,5,11,23,29,48,1,116,23.2,5,48,43,4,1,0
6802,2025-06-13,2025,6,13,4,0,1,21,34,46,47,12,149,29.8,1,47,46,3,2,1
6803,2025-06-17,2025,6,17,1,0,5,23,26,38,43,4,135,27.0,5,43,38,3,2,1
6804,2025-06-20,2025,6,20,4,0,22,23,25,29,42,8,141,28.2,22,42,20,3,2,1
6805,2025-06-24,2025,6,24,1,0,2,22,27,36,39,19,126,25.2,2,39,37,2,3,0
6806,2025-06-27,2025,6,27,4,0,11,23,32,41,47,17,154,30.8,11,47,36,4,1,0
6807,2025-07-01,2025,7,1,1,0,8,9,26,30,31,8,104,20.8,8,31,23,2,3,1
6808,2025-07-04,2025,7,4,4,0,15,16,22,30,32,7,115,23.0,15,32,17,1,4,0
6809,2025-07-08,2025,7,8,1,0,14,19,37,44,48,17,162,32.4,14,48,34,2,3,0
6810,2025-07-11,2025,7,11,4,0,1,7,8,15,20,15,51,10.2,1,20,19,3,2,0
6811,2025-07-15,2025,7,15,1,0,5,21,26,28,39,6,119,23.8,5,39,34,3,2,1
6812,2025-07-18,2025,7,18,4,0,10,15,26,31,41,5,123,24.6,10,41,31,3,2,0
6813,2025-07-22,2025,7,22,1,0,3,8,10,27,49,1,97,19.4,3,49,46,3,2,0
6814,2025-07-25,2025,7,25,4,0,3,29,35,39,42,5,148,29.6,3,42,39,4,1,0
6815,2025-07-29,2025,7,29,1,0,4,17,20,24,30,19,95,19.0,4,30,26,1,4,0
6816,2025-08-01,2025,8,1,4,0,5,31,33,34,40,13,143,28.6,5,40,35,3,2,0
6817,2025-08-05,2025,8,5,1,0,10,32,34,40,48,14,164,32.8,10,48,38,0,5,1
6818,2025-08-08,2025,8,8,4,0,13,26,39,41,48,18,167,33.4,13,48,35,3,2,1
6819,2025-08-12,2025,8,12,1,0,8,10,20,41,48,4,127,25.4,8,48,40,1,4,1
6820,2025-08-15,2025,8,15,4,0,4,11,19,32,33,12,99,19.8,4,33,29,3,2,1
6821,2025-08-19,2025,8,19,1,0,2,10,22,27,40,17,101,20.2,2,40,38,1,4,0
6822,2025-08-22,2025,8,22,4,0,4,10,27,37,50,18,128,25.6,4,50,46,2,3,1
6823,2025-08-26,2025,8,26,1,0,13,19,24,44,50,15,150,30.0,13,50,37,2,3,0
6824,2025-08-29,2025,8,29,4,0,12,14,29,45,50,15,150,30.0,12,50,38,2,3,0
6825,2025-09-02,2025,9,2,1,0,20,31,33,34,50,6,168,33.6,20,50,30,2,3,1
6826,2025-09-05,2025,9,5,4,0,22,30,33,35,38,20,158,31.6,22,38,16,2,3,1
6827,2025-09-09,2025,9,9,1,0,21,28,40,43,45,13,177,35.4,21,45,24,3,2,0
6828,2025-09-12,2025,9,12,4,0,17,23,25,26,37,18,128,25.6,17,37,20,4,1,1
6829,2025-09-16,2025,9,16,1,0,22,24,26,33,35,7,140,28.0,22,35,13,2,3,0
6830,2025-09-19,2025,9,19,4,0,2,16,24,41,47,19,130,26.0,2,47,45,2,3,0
6831,2025-09-23,2025,9,23,1,0,10,23,32,43,45,18,153,30.6,10,45,35,3,2,1
6832,2025-09-26,2025,9,26,4,0,3,13,19,24,40,12,99,19.8,3,40,37,3,2,1
6833,2025-09-30,2025,9,30,1,0,14,22,25,37,46,4,144,28.8,14,46,32,2,3,1
6834,2025-10-03,2025,10,3,4,0,12,14,33,41,44,10,144,28.8,12,44,32,2,3,1
6835,2025-10-07,2025,10,7,1,0,13,18,21,23,24,16,99,19.8,13,24,11,3,2,1
6836,2025-10-10,2025,10,10,4,0,6,10,40,44,50,11,150,30.0,6,50,44,0,5,0
6837,2025-10-14,2025,10,14,1,0,5,25,31,40,41,20,142,28.4,5,41,36,4,1,1
6838,2025-10-17,2025,10,17,4,0,18,27,29,32,45,16,151,30.2,18,45,27,3,2,1
6839,2025-10-21,2025,10,21,1,0,7,10,16,21,30,11,84,16.8,7,30,23,2,3,0
6840,2025-10-24,2025,10,24,4,0,15,18,24,32,44,20,133,26.6,15,44,29,1,4,1
6841,2025-10-28,2025,10,28,1,0,2,13,31,32,42,1,120,24.0,2,42,40,2,3,0
6842,2025-10-31,2025,10,31,4,0,19,24,25,30,49,6,147,29.4,19,49,30,3,2,1
6843,2025-11-04,2025,11,4,1,0,5,20,22,28,46,1,121,24.2,5,46,41,1,4,0
6844,2025-11-07,2025,11,7,4,0,7,33,40,41,49,10,170,34.0,7,49,42,4,1,1
6845,2025-11-11,2025,11,11,1,0,9,13,17,47,49,8,135,27.0,9,49,40,5,0,1
6846,2025-11-14,2025,11,14,4,0,16,28,32,36,48,13,160,32.0,16,48,32,0,5,0
6847,2025-11-18,2025,11,18,1,0,23,30,42,45,50,19,190,38.0,23,50,27,2,3,0
6848,2025-11-21,2025,11,21,4,0,1,28,39,49,50,6,167,33.4,1,50,49,3,2,1
6849,2025-11-25,2025,11,25,1,0,15,24,28,31,37,16,135,27.0,15,37,22,3,2,1
6850,2025-11-28,2025,11,28,4,0,3,17,28,29,34,1,111,22.2,3,34,31,3,2,0
6851,2025-12-02,2025,12,2,1,0,16,21,33,39,46,12,155,31.0,16,46,30,3,2,1
6852,2025-12-05,2025,12,5,4,0,12,20,27,35,46,9,140,28.0,12,46,34,2,3,0
6853,2025-12-09,2025,12,9,1,0,11,36,41,43,46,8,177,35.4,11,46,35,3,2,1
6854,2025-12-12,2025,12,12,4,0,17,18,30,42,50,3,157,31.4,17,50,33,1,4,0
6855,2025-12-16,2025,12,16,1,0,11,17,18,35,50,7,131,26.2,11,50,39,3,2,0
6856,2025-12-19,2025,12,19,4,0,2,11,15,16,30,15,74,14.8,2,30,28,2,3,0
6857,2025-12-23,2025,12,23,1,0,3,12,29,46,49,3,139,27.8,3,49,46,3,2,0
6858,2025-12-26,2025,12,26,4,0,18,20,35,46,48,2,167,33.4,18,48,30,1,4,1
6859,2025-12-30,2025,12,30,1,0,6,13,14,42,45,11,120,24.0,6,45,39,2,3,0
6860,2026-01-02,2026,1,2,4,0,17,18,35,38,39,9,147,29.4,17,39,22,3,2,0
6861,2026-01-06,2026,1,6,1,0,9,12,13,30,34,2,98,19.6,9,34,25,2,3,1
6862,2026-01-09,2026,1,9,4,0,11,20,35,42,50,7,158,31.6,11,50,39,2,3,0
6863,2026-01-13,2026,1,13,1,0,21,32,33,39,50,3,175,35.0,21,50,29,3,2,0
6864,2026-01-16,2026,1,16,4,0,8,22,36,39,47,20,152,30.4,8,47,39,2,3,1
6865,2026-01-20,2026,1,20,1,0,2,3,16,17,35,5,73,14.6,2,35,33,3,2,0
6866,2026-01-23,2026,1,23,4,0,4,16,24,29,31,15,104,20.8,4,31,27,2,3,0
6867,2026-01-27,2026,1,27,1,0,11,13,28,43,48,3,143,28.6,11,48,37,3,2,0
6868,2026-01-30,2026,1,30,4,0,19,26,31,33,39,2,148,29.6,19,39,20,4,1,1
6869,2026-02-03,2026,2,3,1,0,2,11,20,40,49,2,122,24.4,2,49,47,2,3,1
6870,2026-02-06,2026,2,6,4,0,6,13,21,28,31,5,99,19.8,6,31,25,3,2,0
6871,2026-02-10,2026,2,10,1,0,17,23,25,39,49,11,153,30.6,17,49,32,5,0,0
6872,2026-02-13,2026,2,13,4,0,4,10,23,26,37,20,100,20.0,4,37,33,2,3,1
6873,2026-02-17,2026,2,17,1,0,5,15,23,24,42,5,109,21.8,5,42,37,3,2,0
6874,2026-02-20,2026,2,20,4,0,17,19,25,28,35,17,124,24.8,17,35,18,4,1,0
6875,2026-02-24,2026,2,24,1,0,19,23,33,34,41,9,150,30.0,19,41,22,4,1,0
6876,2026-02-27,2026,2,27,4,0,11,14,24,32,43,2,124,24.8,11,43,32,2,3,1
6877,2026-03-03,2026,3,3,1,0,1,9,29,38,43,15,120,24.0,1,43,42,4,1,0
6878,2026-03-06,2026,3,6,4,0,10,11,15,18,50,11,104,20.8,10,50,40,2,3,0
6879,2026-03-10,2026,3,10,1,0,1,5,13,20,25,14,64,12.8,1,25,24,4,1,1
6880,2026-03-13,2026,3,13,4,0,1,3,27,45,50,17,126,25.2,1,50,49,4,1,0
6881,2026-03-17,2026,3,17,1,0,10,13,40,47,48,5,158,31.6,10,48,38,2,3,0
6882,2026-03-20,2026,3,20,4,0,5,8,11,17,41,2,82,16.4,5,41,36,4,1,1
6883,2026-03-24,2026,3,24,1,0,11,13,19,22,39,1,104,20.8,11,39,28,4,1,0
6884,2026-03-27,2026,3,27,4,0,6,12,25,28,36,15,107,21.4,6,36,30,1,4,0
6885,2026-03-31,2026,3,31,1,0,5,13,15,24,43,6,100,20.0,5,43,38,4,1,1
6886,2026-04-03,2026,4,3,4,0,1,14,25,29,41,18,110,22.0,1,41,40,4,1,1
6887,2026-04-07,2026,4,7,1,0,16,17,18,22,41,10,114,22.8,16,41,25,2,3,1
6888,2026-04-10,2026,4,10,4,0,27,36,38,40,48,17,189,37.8,27,48,21,1,4,0
6889,2026-04-14,2026,4,14,1,0,2,6,16,30,31,6,85,17.0,2,31,29,1,4,1
6890,2026-04-17,2026,4,17,4,0,17,26,39,43,45,2,170,34.0,17,45,28,4,1,1
6891,2026-04-21,2026,4,21,1,0,5,13,31,32,47,3,128,25.6,5,47,42,4,1,0
6892,2026-04-24,2026,4,24,4,0,16,19,24,25,41,20,125,25.0,16,41,25,3,2,1
6893,2026-04-28,2026,4,28,1,0,5,17,38,44,47,2,151,30.2,5,47,42,3,2,1
6894,2026-05-01,2026,5,1,4,0,15,17,27,29,35,12,123,24.6,15,35,20,5,0,1
6895,2026-05-05,2026,5,5,1,0,1,4,5,22,28,5,60,12.0,1,28,27,2,3,0
6896,2026-05-08,2026,5,8,4,0,1,32,40,43,48,9,164,32.8,1,48,47,2,3,0
6897,2026-05-12,2026,5,12,1,0,25,30,32,33,46,6,166,33.2,25,46,21,2,3,1
6898,2026-05-15,2026,5,15,4,0,20,24,29,38,39,11,150,30.0,20,39,19,2,3,0
6899,2026-05-19,2026,5,19,1,0,19,24,29,47,48,4,167,33.4,19,48,29,3,2,1
6900,2026-05-22,2026,5,22,4,0,6,8,16,22,25,18,77,15.4,6,25,19,1,4,1
6901,2026-05-26,2026,5,26,1,0,1,9,30,31,47,3,118,23.6,1,47,46,4,1,0
6902,2026-05-29,2026,5,29,4,0,9,14,16,25,30,14,94,18.8,9,30,21,2,3,1
6903,2026-06-02,2026,6,2,1,0,2,10,22,28,49,7,111,22.2,2,49,47,1,4,0
6904,2026-06-05,2026,6,5,4,0,2,16,33,37,43,6,131,26.2,2,43,41,3,2,1
6905,2026-06-09,2026,6,9,1,0,5,8,12,19,48,1,92,18.4,5,48,43,2,3,0
6906,2026-06-12,2026,6,12,4,0,7,23,27,30,45,6,132,26.4,7,45,38,4,1,1
6907,2026-06-16,2026,6,16,1,0,2,19,20,40,43,11,124,24.8,2,43,41,2,3,0
6908,2026-06-19,2026,6,19,4,0,9,10,27,37,44,13,127,25.4,9,44,35,3,2,0
6909,2026-06-23,2026,6,23,1,0,16,25,32,33,50,11,156,31.2,16,50,34,2,3,0
6910,2026-06-26,2026,6,26,4,0,17,26,37,40,45,13,165,33.0,17,45,28,3,2,0
6911,2026-06-30,2026,6,30,1,0,21,26,40,42,44,15,173,34.6,21,44,23,1,4,0
6912,2026-07-03,2026,7,3,4,0,9,14,27,32,34,15,116,23.2,9,34,25,2,3,0
6913,2026-07-07,2026,7,7,1,0,16,18,21,29,47,11,131,26.2,16,47,31,3,2,0
6914,2026-07-10,2026,7,10,4,0,2,12,13,20,23,12,70,14.0,2,23,21,2,3,1
6915,2026-07-14,2026,7,14,1,0,9,13,21,36,40,4,119,23.8,9,40,31,3,2,1
6916,2026-07-17,2026,7,17,4,0,6,9,31,37,42,4,125,25.0,6,42,36,3,2,1
6917,2026-07-21,2026,7,21,1,0,15,40,41,47,50,16,193,38.6,15,50,35,3,2,1
6918,2026-07-24,2026,7,24,4,0,4,8,13,22,38,1,85,17.0,4,38,34,1,4,0
6919,2026-07-28,2026,7,28,1,0,3,12,27,36,47,15,125,25.0,3,47,44,3,2,0
6920,2026-07-31,2026,7,31,4,0,10,11,37,45,46,11,149,29.8,10,46,36,3,2,0
6921,2026-08-04,2026,8,4,1,0,16,24,29,34,38,15,141,28.2,16,38,22,1,4,0
6922,2026-08-07,2026,8,7,4,0,8,22,31,39,40,5,140,28.0,8,40,32,2,3,0
6923,2026-08-11,2026,8,11,1,0,3,14,26,40,48,10,131,26.2,3,48,45,1,4,1
6924,2026-08-14,2026,8,14,4,0,14,15,19,39,44,3,131,26.2,14,44,30,3,2,0
6925,2026-08-18,2026,8,18,1,0,3,7,20,31,39,13,100,20.0,3,39,36,4,1,0
6926,2026-08-21,2026,8,21,4,0,2,4,5,24,49,4,84,16.8,2,49,47,2,3,1
6927,2026-08-25,2026,8,25,1,0,5,34,39,43,45,1,166,33.2,5,45,40,4,1,0
6928,2026-08-28,2026,8,28,4,0,19,22,24,25,47,11,137,27.4,19,47,28,3,2,0
6929,2026-09-01,2026,9,1,1,0,14,16,31,34,40,4,135,27.0,14,40,26,1,4,1
6930,2026-09-04,2026,9,4,4,0,4,7,27,38,50,10,126,25.2,4,50,46,2,3,1
